,raw,orig_species,score,align_position,sequence,5_before,5_after
0,1165,VT8646|0|MEMB002A|+|3062,-5.201627731323242,1861,GGTTAA,GTCAA,CCAGA
1,1186,VT8646|0|MEMB002B|+|2935,0.09259329736232758,1861,AATACA,GCCAA,GCAAA
2,1139,VT8646|0|MEMB002C|-|2975,-0.9537003636360168,1861,GGTACA,GGCAA,CCAAA
3,827,VT8646|0|MEMB002D|+|3516,2.294227123260498,1861,GACACA,TCCAA,CTCAA
4,755,VT8646|0|MEMB002E|-|4143,-0.9537003636360168,1861,GTAACT,AACAA,ATTTT
5,1464,VT8646|0|MEMB002F|+|3753,0.06922604143619537,1861,ttacct,Gttaa,aatta
6,956,VT8646|0|MEMB003A|+|2540,-4.201627731323241,1861,GGATTT,GACAA,AGATT
7,778,VT8646|0|MEMB003B|+|2425,2.294227123260498,1861,GACACA,GTCAG,TATTC
8,1160,VT8646|0|MEMB003C|+|2927,-0.9537003636360168,1861,GGTACA,GGCAA,CCAAA
9,946,VT8646|0|MEMB003D|+|2591,-4.201627731323241,1861,GGATTT,GACAA,ATATA
10,1004,VT8646|0|MEMB003F|+|2578,1.0078254938125608,1861,GGACTA,GACAA,AGATA
11,1180,VT8646|0|MEMB004A|-|2919,0.09259329736232758,1861,AATACA,GCCAA,GCAAA
12,1001,VT8646|0|MEMB004B|+|2508,-2.155334234237671,1861,ACCAAA,GACAA,TTTAA
13,463,VT8646|0|MEMB004E|+|1999,1.0078254938125608,1861,GGACTA,GACAA,AGATG
14,972,VT8646|0|MEMB005B|-|2558,2.0078256130218506,1861,GCACTA,GACAA,AGATT
15,1386,VT8646|0|MEMB005D|-|3092,-4.201627731323241,1861,GGATTA,GACGA,CAATT
16,1382,VT8646|0|MEMB006A|-|3077,-4.201627731323241,1861,GGATTA,GATGA,TGATT
17,1040,VT8646|0|MEMB006B|-|2620,-4.201627731323241,1861,GGATTA,AACAG,AGAAA
18,1032,VT8646|0|MEMB006C|-|2565,1.0078254938125608,1861,GGACTA,GACAA,AGATT
19,1180,VT8646|0|MEMB007B|-|2865,0.04629964381456375,1861,GGAACA,GGCAA,CCAAA
20,749,VT8646|0|MEMB007C|+|2375,-3.1553342342376713,1861,aaattt,catat,attca
21,1642,VT8646|0|MEMB007D|+|3583,1.054119110107422,1861,AACCAA,ACCTA,CCAAA
22,973,VT8646|0|MEMB008C|+|2558,0.007825496606528759,1861,GTACTA,GACAA,AGATT
23,970,VT8646|0|dkik|+|2572,-4.201627731323241,1861,GGATTT,GACAA,AGATA
