,raw,orig_species,score,align_position,sequence,5_before,5_after
0,1040,VT8646|0|MEMB002A|+|3062,-6.403261661529541,1688,TTATCT,TGACCAAAAGT,GTGGA
1,1071,VT8646|0|MEMB002B|+|2935,-6.403261661529541,1688,TAATCT,TGTAAAAAAGT,GTGGA
2,1015,VT8646|0|MEMB002C|-|2975,-6.403261661529541,1688,TTATCT,TGACCAAAAGT,GAGGA
3,701,VT8646|0|MEMB002D|+|3516,-6.403261661529541,1688,TAATCT,TGAATAAAAGT,CGGGA
4,699,VT8646|0|MEMB002E|-|4143,-6.403261661529541,1688,TTATCT,TGAACAAAAGT,CGGGA
5,1341,VT8646|0|MEMB002F|+|3753,-6.403261661529541,1688,TAATCT,TGAACTAAAGT,GTGGA
6,905,VT8646|0|MEMB003A|+|2540,-6.403261661529541,1688,TAATCT,TGAACAAAAGT,GGGGA
7,672,VT8646|0|MEMB003B|+|2425,-6.403261661529541,1688,TAATCT,TGAACAAAAGT,TGGGA
8,1059,VT8646|0|MEMB003C|+|2927,-6.403261661529541,1688,TTATCT,TGACCAAAAGT,GAGGA
9,895,VT8646|0|MEMB003D|+|2591,-6.403261661529541,1688,TAATCT,TGAACAAAAGT,GGGGA
10,949,VT8646|0|MEMB003F|+|2578,-6.403261661529541,1688,TAATCT,TGAACAAAAGT,GGGGA
11,1065,VT8646|0|MEMB004A|-|2919,-6.403261661529541,1688,TAATCT,TGTAAAAAAGT,GTGGA
12,945,VT8646|0|MEMB004B|+|2508,-6.403261661529541,1688,TAATCT,TGAACAATAGT,GGCGA
13,408,VT8646|0|MEMB004E|+|1999,-6.403261661529541,1688,TAATCT,TGAACAAAAGT,GAGGA
14,916,VT8646|0|MEMB005B|-|2558,-6.403261661529541,1688,TAATCT,TGAACAAAAGT,GGGGA
15,1337,VT8646|0|MEMB005D|-|3092,-4.201627731323241,1688,TAATCC,TGACCAAATGT,GGAAA
16,1327,VT8646|0|MEMB006A|-|3077,-6.403261661529541,1688,TAATCT,TGACCAAAAGT,GGGAA
17,984,VT8646|0|MEMB006B|-|2620,-6.403261661529541,1688,TAATCT,TGAACAAAAGT,GGGGA
18,984,VT8646|0|MEMB006C|-|2565,-2.155334234237671,1688,TATTCT,TGAACAAAAGT,CCCCA
19,1057,VT8646|0|MEMB007B|-|2865,-6.403261661529541,1688,TTATCT,TGACCAAAAGT,GTGGA
20,656,VT8646|0|MEMB007C|+|2375,-6.403261661529541,1688,TAATCT,TGAACAAAAGT,GGGGA
21,1481,VT8646|0|MEMB007D|+|3583,-6.403261661529541,1688,TTATCT,TGAACAAAAGT,GTGGA
22,918,VT8646|0|MEMB008C|+|2558,-6.403261661529541,1688,TAATCT,TGAACAAAAGT,AGGGA
23,919,VT8646|0|dkik|+|2572,-6.403261661529541,1688,TAATCT,TGAACAAAAGA,GGGGA
