,raw,orig_species,score,align_position,sequence,5_before,5_after
0,1435,VT8646|0|MEMB002A|+|3062,-5.201627731323242,2254,TAAGCC,TTAGTAGTTGG,TTGTA
1,1344,VT8646|0|MEMB002B|+|2935,-4.155333995819092,2254,AAAGTT,GTAGTATTTGT,GTCTA
2,1344,VT8646|0|MEMB002C|-|2975,-5.201627731323242,2254,TAAGCC,TTAGTAGTTGG,TGGTT
3,918,VT8646|0|MEMB002D|+|3516,-6.201627731323242,2254,TAAGAC,AAAGTATAGTT,CAGTT
4,1015,VT8646|0|MEMB003A|+|2540,-8.403262138366701,2254,CAAGAT,AGACTTAATTA,TACAT
5,838,VT8646|0|MEMB003B|+|2425,-7.403261661529541,2254,TAAACT,GAAATTTTATT,GAAAT
6,1368,VT8646|0|MEMB003C|+|2927,-5.201627731323242,2254,TAAGCC,TTAGTAGTTGG,TGGTT
7,1000,VT8646|0|MEMB003D|+|2591,-8.403262138366701,2254,CAAGAT,AGACTTAATTA,TACAT
8,1338,VT8646|0|MEMB004A|-|2919,-4.155333995819092,2254,AAAGTT,GTAGTATTTGT,GTCTA
9,1491,VT8646|0|MEMB005D|-|3092,-7.403261661529541,2254,CAAGCT,TGAGTTAACTT,AGGTT
10,1486,VT8646|0|MEMB006A|-|3077,-7.403261661529541,2254,TAAACT,TCAGTTAACTT,AGGTT
11,1091,VT8646|0|MEMB006B|-|2620,0.09259329736232758,2254,TATATT,ATATTATATAT,TTATT
12,1388,VT8646|0|MEMB007B|-|2865,-5.201627731323242,2254,TAAGCC,TTAGTAGTTGA,TGGTT
13,808,VT8646|0|MEMB007C|+|2375,-7.403261661529541,2254,TAAACT,AAAATTGTATT,GAAAT
14,1931,VT8646|0|MEMB007D|+|3583,-4.201627731323241,2254,TAATCC,ACATAAATCGA,TGATT
15,1024,VT8646|0|dkik|+|2572,-7.403261661529541,2254,CAAGCT,AGACTTAATTA,TACAT
