,raw,orig_species,score,align_position,sequence,5_before,5_after
0,1043,VT8646|0|MEMB002A|+|3062,-0.8922998309135437,1691,GGATTA,TCTTG,TTTGT
1,1074,VT8646|0|MEMB002B|+|2935,-5.140227317810059,1691,GGATAA,TCTTG,TTTGT
2,1018,VT8646|0|MEMB002C|-|2975,-0.8922998309135437,1691,GGATTA,TCTTG,TTTGA
3,704,VT8646|0|MEMB002D|+|3516,-5.140227317810059,1691,GGATAA,TCTTG,TTGCG
4,702,VT8646|0|MEMB002E|-|4143,-0.8922998309135437,1691,GGATTA,TCTTG,TTGCG
5,1344,VT8646|0|MEMB002F|+|3753,-5.140227317810059,1691,GGATAA,TCTTG,CTTGT
6,908,VT8646|0|MEMB003A|+|2540,-5.140227317810059,1691,GGATAA,TCTTG,TTGGG
7,675,VT8646|0|MEMB003B|+|2425,-5.140227317810059,1691,GGATAA,TCTTG,TGCTG
8,1062,VT8646|0|MEMB003C|+|2927,-0.8922998309135437,1691,GGATTA,TCTTG,TTTGA
9,898,VT8646|0|MEMB003D|+|2591,-5.140227317810059,1691,GGATAA,TCTTG,TTGGG
10,952,VT8646|0|MEMB003F|+|2578,-5.140227317810059,1691,GGATAA,TCTTG,TTGGG
11,1068,VT8646|0|MEMB004A|-|2919,-5.140227317810059,1691,GGATAA,TCTTG,TTTGT
12,948,VT8646|0|MEMB004B|+|2508,-5.140227317810059,1691,CGATAA,TCTTG,TGGGG
13,411,VT8646|0|MEMB004E|+|1999,-5.140227317810059,1691,GGATAA,TCTTG,TTGGA
14,919,VT8646|0|MEMB005B|-|2558,-5.140227317810059,1691,GGATAA,TCTTG,TCGGG
15,1340,VT8646|0|MEMB005D|-|3092,-5.140227317810059,1691,AAATAA,TCCTG,TTGGG
16,1330,VT8646|0|MEMB006A|-|3077,-5.140227317810059,1691,GAATAA,TCTTG,TTAGG
17,987,VT8646|0|MEMB006B|-|2620,-5.140227317810059,1691,GGATAA,TCTTG,TGCGG
18,987,VT8646|0|MEMB006C|-|2565,-7.403261661529541,1691,CCATAT,TCTTG,ATTCC
19,1060,VT8646|0|MEMB007B|-|2865,-0.8922998309135437,1691,GGATTA,TCTTG,TTTGT
20,659,VT8646|0|MEMB007C|+|2375,-5.140227317810059,1691,GGATAA,TCTTG,TGCGG
21,1484,VT8646|0|MEMB007D|+|3583,-0.8922998309135437,1691,GGATTA,TCTTG,TTTGT
22,921,VT8646|0|MEMB008C|+|2558,-5.140227317810059,1691,GGATAA,TCTTG,TTAAG
23,922,VT8646|0|dkik|+|2572,-5.140227317810059,1691,GGATAA,TCTTG,TTGGG
