,raw,orig_species,score,align_position,strand,sequence,5_before,5_after
0,1165,VT8646|0|MEMB002A|+|3062,-5.201627731323242,1861,positive,TTAACC,TTATC,TCTGG
1,1186,VT8646|0|MEMB002B|+|2935,0.09259329736232758,1861,positive,TGTATT,TTATC,TTTGC
2,1139,VT8646|0|MEMB002C|-|2975,-0.9537003636360168,1861,positive,TGTACC,TTATC,TTTGG
3,827,VT8646|0|MEMB002D|+|3516,2.294227123260498,1861,positive,TGTGTC,TAATA,TTGAG
4,755,VT8646|0|MEMB002E|-|4143,-0.9537003636360168,1861,positive,AGTTAC,TTCCC,AAAAT
5,1464,VT8646|0|MEMB002F|+|3753,0.06922604143619537,1861,positive,AGGTAA,CCACA,TAATT
6,956,VT8646|0|MEMB003A|+|2540,-4.201627731323241,1861,positive,AAATCC,TTCCA,AATCT
7,778,VT8646|0|MEMB003B|+|2425,2.294227123260498,1861,positive,TGTGTC,TCATT,GAATA
8,1160,VT8646|0|MEMB003C|+|2927,-0.9537003636360168,1861,positive,TGTACC,TTATC,TTTGG
9,946,VT8646|0|MEMB003D|+|2591,-4.201627731323241,1861,positive,AAATCC,TTCTA,TATAT
10,1004,VT8646|0|MEMB003F|+|2578,1.0078254938125608,1861,positive,TAGTCC,TTCCT,TATCT
11,1180,VT8646|0|MEMB004A|-|2919,0.09259329736232758,1861,positive,TGTATT,TTATC,TTTGC
12,1001,VT8646|0|MEMB004B|+|2508,-2.155334234237671,1861,positive,TTTGGT,TTCCT,TTAAA
13,463,VT8646|0|MEMB004E|+|1999,1.0078254938125608,1861,positive,TAGTCC,TTCCT,CATCT
14,972,VT8646|0|MEMB005B|-|2558,2.0078256130218506,1861,positive,TAGTGC,TTCCT,AATCT
15,1386,VT8646|0|MEMB005D|-|3092,-4.201627731323241,1861,positive,TAATCC,TTCCA,AATTG
16,1382,VT8646|0|MEMB006A|-|3077,-4.201627731323241,1861,positive,TAATCC,TTCCT,AATCA
17,1040,VT8646|0|MEMB006B|-|2620,-4.201627731323241,1861,positive,TAATCC,CTCCT,TTTCT
18,1032,VT8646|0|MEMB006C|-|2565,1.0078254938125608,1861,positive,TAGTCC,TTCCT,AATCT
19,1180,VT8646|0|MEMB007B|-|2865,0.04629964381456375,1861,positive,TGTTCC,TTATC,TTTGG
20,749,VT8646|0|MEMB007C|+|2375,-3.1553342342376713,1861,positive,AAATTT,TTCAA,TGAAT
21,1642,VT8646|0|MEMB007D|+|3583,1.054119110107422,1861,positive,TTGGTT,TTATT,TTTGG
22,973,VT8646|0|MEMB008C|+|2558,0.007825496606528759,1861,positive,TAGTAC,TTCCT,AATCT
23,970,VT8646|0|dkik|+|2572,-4.201627731323241,1861,positive,AAATCC,TTCTA,TATCT
