,raw,orig_species,score,align_position,strand,sequence,5_before,5_after
0,341,VT8646|0|MEMB002A|+|3062,-6.140227317810059,712,positive,ATAAAA,ATTTA,AGTAG
1,346,VT8646|0|MEMB002B|+|2935,-5.140227317810059,712,positive,TACAAA,TAACT,GTAGA
2,532,VT8646|0|MEMB002F|+|3753,-5.555264949798584,712,positive,TGCCGG,CTGGT,TATAT
3,268,VT8646|0|MEMB003A|+|2540,-6.140227317810059,712,positive,TAAGAA,CATCT,CTTCT
4,372,VT8646|0|MEMB003C|+|2927,-6.140227317810059,712,positive,ATAAAA,ATTTA,AGTAG
5,291,VT8646|0|MEMB003D|+|2591,0.06922604143619537,712,positive,TAGTAA,GTTAC,GTTGA
6,329,VT8646|0|MEMB003F|+|2578,-0.9307739734649658,712,positive,TAGAAA,TTGGT,TGCGA
7,334,VT8646|0|MEMB004A|-|2919,-5.140227317810059,712,positive,TACAAA,TAATC,GTAGA
8,329,VT8646|0|MEMB004B|+|2508,-3.345811367034912,712,positive,TAGAAG,TTGGC,TGGGA
9,320,VT8646|0|MEMB005B|-|2558,-0.9307739734649658,712,positive,TAGAAA,TTGGC,TGCGA
10,618,VT8646|0|MEMB005D|-|3092,1.0692260265350342,712,positive,TAGAGA,TTGTC,TGCGA
11,610,VT8646|0|MEMB006A|-|3077,1.0692260265350342,712,positive,TAGAGA,TTGTC,TGAGA
12,319,VT8646|0|MEMB006B|-|2620,-0.9307739734649658,712,positive,TTGGAA,TAAAC,TGAAA
13,370,VT8646|0|MEMB006C|-|2565,-0.9307739734649658,712,positive,TAGAAA,TTGTT,TTCGA
14,380,VT8646|0|MEMB007B|-|2865,-0.9307739734649658,712,positive,TAGAAA,ATTTA,GTAGA
15,654,VT8646|0|MEMB007D|+|3583,-4.140227317810059,712,positive,CAAAGA,TATAG,TTATC
16,310,VT8646|0|MEMB008C|+|2558,-0.9307739734649658,712,positive,TAGAAA,TTGGC,TGCAA
17,267,VT8646|0|dkik|+|2572,-4.201627731323241,712,positive,TAATCC,CTTTA,CTTGA
