,raw,orig_species,score,align_position,strand,sequence,5_before,5_after
0,385,VT8646|0|MEMB002A|+|3062,-4.201627731323241,808,positive,TTATCC,AAATA,CGCTG
1,391,VT8646|0|MEMB002B|+|2935,-4.201627731323241,808,positive,TTATCC,AAATA,CAACA
2,360,VT8646|0|MEMB002C|-|2975,-4.201627731323241,808,positive,TTATCC,AAATA,CGCTG
3,606,VT8646|0|MEMB002F|+|3753,0.04629964381456375,808,positive,TTTTCC,AAATA,CACTG
4,415,VT8646|0|MEMB003C|+|2927,-4.201627731323241,808,positive,TTATCC,AATAT,CCCTG
5,379,VT8646|0|MEMB004A|-|2919,-4.201627731323241,808,positive,TTATCC,AAATA,CAATA
6,681,VT8646|0|MEMB005D|-|3092,-5.140227317810059,808,positive,CAATAA,CAATA,CAGTA
7,684,VT8646|0|MEMB006A|-|3077,0.10770019143819808,808,positive,ACTTCA,TAATC,TGGTA
8,425,VT8646|0|MEMB007B|-|2865,-4.201627731323241,808,positive,TTATCC,AAATA,CGCTG
9,750,VT8646|0|MEMB007D|+|3583,-3.1553342342376713,808,positive,CAATTT,GATAG,AATTT
10,311,VT8646|0|dkik|+|2572,2.054119110107422,808,positive,ACGTTT,AAGTA,AGTAA
