,raw,orig_species,score,align_position,sequence,5_before,5_after
0,300,VT8646|0|MEMB002A|+|3062,-3.3073372840881348,671,CAATAA,GCAGA,AGTTA
1,305,VT8646|0|MEMB002B|+|2935,-6.140227317810059,671,TTTTAA,AGAAT,GTTAA
2,491,VT8646|0|MEMB002F|+|3753,-3.3073372840881348,671,CAATGt,ATTCC,atttt
3,331,VT8646|0|MEMB003C|+|2927,-3.3073372840881348,671,CAATAA,GCTGA,AGTTA
4,250,VT8646|0|MEMB003D|+|2591,-2.155334234237671,671,AGAAGT,TATTA,AGATT
5,288,VT8646|0|MEMB003F|+|2578,-4.201627731323241,671,GGATGA,AAATT,CATAT
6,312,VT8646|0|MEMB004A|-|2919,-3.1553342342376713,671,AAATAA,TGAAA,TTTTT
7,288,VT8646|0|MEMB004B|+|2508,0.04629964381456375,671,GGAAGA,AAAAT,CATAT
8,280,VT8646|0|MEMB005B|-|2558,0.04629964381456375,671,GGAAGA,AAATC,CACTA
9,580,VT8646|0|MEMB005D|-|3092,-3.1553342342376713,671,ATAAAA,ATTGG,AATGT
10,569,VT8646|0|MEMB006A|-|3077,-4.201627731323241,671,GGATAA,AAATT,AAAAT
11,285,VT8646|0|MEMB006B|-|2620,-4.155333995819092,671,AATTAC,TTAGA,GTTTA
12,332,VT8646|0|MEMB006C|-|2565,4.317153453826903,671,TAACAT,TTGAA,ATTGT
13,339,VT8646|0|MEMB007B|-|2865,-3.3073372840881348,671,CAATAA,GCAGA,AGTTA
14,613,VT8646|0|MEMB007D|+|3583,-4.155333995819092,671,AAGTAT,AAAAT,ACCTT
15,277,VT8646|0|MEMB008C|+|2558,0.04629964381456375,671,GGAATT,AAATA,CTACA
