,raw,orig_species,score,align_position,sequence,5_before,5_after
0,2011,VT8646|0|MEMB002A|+|3062,-0.8922998309135437,2954,GGATTA,GGCGC,TGTTG
1,1926,VT8646|0|MEMB002B|+|2935,-0.8922998309135437,2954,GGATTA,GGCGC,TGTTG
2,1927,VT8646|0|MEMB002C|-|2975,-0.8922998309135437,2954,GGATTA,GGCGC,TGTTG
3,1463,VT8646|0|MEMB002D|+|3516,-0.8922998309135437,2954,GGATTA,GGCGC,TGTTG
4,1305,VT8646|0|MEMB002E|-|4143,-0.8922998309135437,2954,GGATTA,GGCGC,TGTTG
5,2215,VT8646|0|MEMB002F|+|3753,-0.8922998309135437,2954,GGATTA,GGCGC,TGTTG
6,1573,VT8646|0|MEMB003A|+|2540,-0.8922998309135437,2954,GGATTA,GGCGC,TGTTG
7,1384,VT8646|0|MEMB003B|+|2425,-0.8922998309135437,2954,GGATTA,GGCGC,TGTTG
8,1951,VT8646|0|MEMB003C|+|2927,-0.8922998309135437,2954,GGATTA,GGCGC,TGTTG
9,1556,VT8646|0|MEMB003D|+|2591,-0.8922998309135437,2954,GGATTA,GGCGC,TGTTG
10,1563,VT8646|0|MEMB003F|+|2578,-0.8922998309135437,2954,GGATTA,GGCGC,TGTTG
11,1908,VT8646|0|MEMB004A|-|2919,-0.8922998309135437,2954,GGATTA,GGCGC,TGTTG
12,1530,VT8646|0|MEMB004B|+|2508,-0.8922998309135437,2954,GGATTA,GGCGC,TGTTG
13,1033,VT8646|0|MEMB004E|+|1999,-0.8922998309135437,2954,GGATTA,GGCGC,TGTTG
14,1548,VT8646|0|MEMB005B|-|2558,-0.8922998309135437,2954,GGATTA,GGCGC,TGTTG
15,2055,VT8646|0|MEMB005D|-|3092,-0.8922998309135437,2954,GGATTA,GGCGC,TGTTG
16,2049,VT8646|0|MEMB006A|-|3077,-0.8922998309135437,2954,GGATTA,GGCGC,TGTTG
17,1617,VT8646|0|MEMB006B|-|2620,-0.8922998309135437,2954,GGATTA,GGCGC,TGTTG
18,1593,VT8646|0|MEMB006C|-|2565,-0.8922998309135437,2954,GGATTA,GGCGC,TGTTG
19,1894,VT8646|0|MEMB007B|-|2865,-0.8922998309135437,2954,GGATTA,GGCGC,TGTTG
20,1326,VT8646|0|MEMB007C|+|2375,-0.8922998309135437,2954,GGATTA,GGCGC,TGTTG
21,2560,VT8646|0|MEMB007D|+|3583,-0.8922998309135437,2954,GGATTA,GGCGC,TGTTG
22,1546,VT8646|0|MEMB008C|+|2558,-0.8922998309135437,2954,GGATTA,GGCGC,TGTTG
23,1584,VT8646|0|dkik|+|2572,-0.8922998309135437,2954,GGATTA,GGCGC,TGTTG
