,raw,orig_species,score,align_position,sequence,5_before,5_after
0,2679,VT8646|0|MEMB002A|+|3062,-4.201627731323241,5599,TAATCC,CGAAATGTGCC,TGGCA
1,2514,VT8646|0|MEMB002B|+|2935,-4.201627731323241,5599,TAATCC,CGAAATGTGCC,TGGCA
2,2586,VT8646|0|MEMB002C|-|2975,-4.201627731323241,5599,TAATCC,CGAAATGTGCC,TGGCA
3,3093,VT8646|0|MEMB002D|+|3516,-4.201627731323241,5599,TAATCC,CGAAATGTGCC,TGGCA
4,3702,VT8646|0|MEMB002E|-|4143,-4.201627731323241,5599,TAATCC,CGAAATGTGCC,TGGCA
5,3342,VT8646|0|MEMB002F|+|3753,-4.201627731323241,5599,TAATCC,CGAAATGTGCC,TGGCA
6,2138,VT8646|0|MEMB003A|+|2540,-4.201627731323241,5599,TAATCC,CGAAATGTGCC,TGGTA
7,1997,VT8646|0|MEMB003B|+|2425,-4.201627731323241,5599,TAATCC,CGAAATGTGCC,TGGCA
8,2538,VT8646|0|MEMB003C|+|2927,-4.201627731323241,5599,TAATCC,CGAAATGTGCC,TGGCA
9,2168,VT8646|0|MEMB003D|+|2591,-4.201627731323241,5599,TAATCC,CAAAATGTGCC,TGGTA
10,2156,VT8646|0|MEMB003F|+|2578,-4.201627731323241,5599,TAATCC,CGAAATGTGCC,TGGCA
11,2498,VT8646|0|MEMB004A|-|2919,-4.201627731323241,5599,TAATCC,CGAAATGTGCC,TGGCA
12,2096,VT8646|0|MEMB004B|+|2508,-4.201627731323241,5599,TAATCC,CGAAATGTGCC,TGGCA
13,1577,VT8646|0|MEMB004E|+|1999,-4.201627731323241,5599,TAATCC,CGAAATGTGCC,TGGCA
14,2135,VT8646|0|MEMB005B|-|2558,-4.201627731323241,5599,TAATCC,CGAAATGTGCC,TGGCA
15,2663,VT8646|0|MEMB005D|-|3092,-4.201627731323241,5599,TAATCC,CGAAATGTGCC,TGGCA
16,2648,VT8646|0|MEMB006A|-|3077,-4.201627731323241,5599,TAATCC,CGAAATGTGCC,TGGCA
17,2186,VT8646|0|MEMB006B|-|2620,-4.201627731323241,5599,TAATCC,CGAAATGTGCC,TGGCA
18,2150,VT8646|0|MEMB006C|-|2565,-4.201627731323241,5599,TAATCC,CGAAATGTGCC,TGGCA
19,2476,VT8646|0|MEMB007B|-|2865,-4.201627731323241,5599,TAATCC,CGAAATGTGCC,TGGCA
20,1956,VT8646|0|MEMB007C|+|2375,-4.201627731323241,5599,TAATCC,CGAAATGTGCC,TGGCA
21,3158,VT8646|0|MEMB007D|+|3583,-4.201627731323241,5599,TAATCC,CGAAATGTGCC,TGGCA
22,2136,VT8646|0|MEMB008C|+|2558,-4.201627731323241,5599,TAATCC,CGAAATGTGCC,TGGCA
23,2147,VT8646|0|dkik|+|2572,-4.201627731323241,5599,TAATCC,CGAAATGTGCC,TGGTA
