,raw,orig_species,score,align_position,sequence,5_before,5_after
0,345,VT8646|0|MEMB002A|+|3062,-8.403262138366701,717,GTAGAT,AAAAT,TCGAA
1,351,VT8646|0|MEMB002B|+|2935,-8.403262138366701,717,GTAGAT,ACAAA,CCAAA
2,320,VT8646|0|MEMB002C|-|2975,-8.403262138366701,717,GTAGAT,CATGC,TCGAA
3,537,VT8646|0|MEMB002F|+|3753,0.09259329736232758,717,TATATT,GCCGG,TTAAC
4,273,VT8646|0|MEMB003A|+|2540,0.09259329736232758,717,CTTCTT,AAGAA,ATCTA
5,376,VT8646|0|MEMB003C|+|2927,-8.403262138366701,717,GTAGAT,AAAAT,TCGAA
6,296,VT8646|0|MEMB003D|+|2591,-4.155333995819092,717,GTTGAT,AGTAA,TTTAA
7,334,VT8646|0|MEMB003F|+|2578,-7.403261661529541,717,TGCGAT,AGAAA,CTATA
8,339,VT8646|0|MEMB004A|-|2919,-8.403262138366701,717,GTAGAT,ACAAA,TCGAA
9,334,VT8646|0|MEMB004B|+|2508,-3.193808317184448,717,TGGGAT,AGAAG,ATATA
10,325,VT8646|0|MEMB005B|-|2558,-7.403261661529541,717,TGCGAT,AGAAA,ATATA
11,623,VT8646|0|MEMB005D|-|3092,-7.403261661529541,717,TGCGAT,AGAGA,ATATT
12,615,VT8646|0|MEMB006A|-|3077,-8.403262138366701,717,TGAGAT,AGAGA,ATATT
13,324,VT8646|0|MEMB006B|-|2620,-8.403262138366701,717,TGAAAT,TGGAA,ATGGA
14,375,VT8646|0|MEMB006C|-|2565,-7.403261661529541,717,TTCGAT,AGAAA,GAAAA
15,385,VT8646|0|MEMB007B|-|2865,-8.403262138366701,717,GTAGAT,AGAAA,TCGAA
16,659,VT8646|0|MEMB007D|+|3583,-4.201627731323241,717,TTATCC,AAAGA,ACGCT
17,315,VT8646|0|MEMB008C|+|2558,-7.403261661529541,717,TGCAAT,AGAAA,GAATG
18,272,VT8646|0|dkik|+|2572,-4.155333995819092,717,CTTGAT,AATCC,TACTT
