,raw,orig_species,score,align_position,sequence,5_before,5_after
0,1043,VT8646|0|MEMB002A|+|3062,-0.8922998309135437,1691,TAATCC,CAAGA,ACAAA
1,1074,VT8646|0|MEMB002B|+|2935,-5.140227317810059,1691,TTATCC,CAAGA,ACAAA
2,1018,VT8646|0|MEMB002C|-|2975,-0.8922998309135437,1691,TAATCC,CAAGA,TCAAA
3,704,VT8646|0|MEMB002D|+|3516,-5.140227317810059,1691,TTATCC,CAAGA,CGCAA
4,702,VT8646|0|MEMB002E|-|4143,-0.8922998309135437,1691,TAATCC,CAAGA,CGCAA
5,1344,VT8646|0|MEMB002F|+|3753,-5.140227317810059,1691,TTATCC,CAAGA,ACAAG
6,908,VT8646|0|MEMB003A|+|2540,-5.140227317810059,1691,TTATCC,CAAGA,CCCAA
7,675,VT8646|0|MEMB003B|+|2425,-5.140227317810059,1691,TTATCC,CAAGA,CAGCA
8,1062,VT8646|0|MEMB003C|+|2927,-0.8922998309135437,1691,TAATCC,CAAGA,TCAAA
9,898,VT8646|0|MEMB003D|+|2591,-5.140227317810059,1691,TTATCC,CAAGA,CCCAA
10,952,VT8646|0|MEMB003F|+|2578,-5.140227317810059,1691,TTATCC,CAAGA,CCCAA
11,1068,VT8646|0|MEMB004A|-|2919,-5.140227317810059,1691,TTATCC,CAAGA,ACAAA
12,948,VT8646|0|MEMB004B|+|2508,-5.140227317810059,1691,TTATCG,CAAGA,CCCCA
13,411,VT8646|0|MEMB004E|+|1999,-5.140227317810059,1691,TTATCC,CAAGA,TCCAA
14,919,VT8646|0|MEMB005B|-|2558,-5.140227317810059,1691,TTATCC,CAAGA,CCCGA
15,1340,VT8646|0|MEMB005D|-|3092,-5.140227317810059,1691,TTATTT,CAGGA,CCCAA
16,1330,VT8646|0|MEMB006A|-|3077,-5.140227317810059,1691,TTATTC,CAAGA,CCTAA
17,987,VT8646|0|MEMB006B|-|2620,-5.140227317810059,1691,TTATCC,CAAGA,CCGCA
18,987,VT8646|0|MEMB006C|-|2565,-7.403261661529541,1691,ATATGG,CAAGA,GGAAT
19,1060,VT8646|0|MEMB007B|-|2865,-0.8922998309135437,1691,TAATCC,CAAGA,ACAAA
20,659,VT8646|0|MEMB007C|+|2375,-5.140227317810059,1691,TTATCC,CAAGA,CCGCA
21,1484,VT8646|0|MEMB007D|+|3583,-0.8922998309135437,1691,TAATCC,CAAGA,ACAAA
22,921,VT8646|0|MEMB008C|+|2558,-5.140227317810059,1691,TTATCC,CAAGA,CTTAA
23,922,VT8646|0|dkik|+|2572,-5.140227317810059,1691,TTATCC,CAAGA,CCCAA
