,raw,orig_species,score,align_position,sequence,5_before,5_after
0,476,VT8646|0|MEMB002F|+|3753,-3.3073372840881348,650,ATTACG,TTCTTATATAA,TTTAT
1,293,VT8646|0|MEMB004A|-|2919,-6.140227317810059,650,TTAAAA,ATTATACACAA,TTAAC
2,565,VT8646|0|MEMB005D|-|3092,-8.403262138366701,650,ATAGAT,TAGCAATGAAA,TTTAT
3,556,VT8646|0|MEMB006A|-|3077,-8.403262138366701,650,ATAGAT,TTCCAATGAAA,TTTAT
4,313,VT8646|0|MEMB006C|-|2565,-4.201627731323241,650,TTATCC,AATGCCAGTTT,TTCAG
5,320,VT8646|0|MEMB007B|-|2865,-6.140227317810059,650,GTAAAA,ACTATAAAAAA,TTGTG
6,592,VT8646|0|MEMB007D|+|3583,-1.8922997713088991,650,TTTCAA,GTTTTTTTGTA,CTGAT
