,raw,orig_species,score,align_position,strand,sequence,5_before,5_after
0,2202,VT8646|0|MEMB002A|+|3062,-1.8922997713088991,3189,positive,TAAATA,TAGTA,AAAAT
1,2086,VT8646|0|MEMB002B|+|2935,-4.155333995819092,3189,positive,TTTAAT,AAAAT,TATAT
2,2112,VT8646|0|MEMB002C|-|2975,-1.8922997713088991,3189,positive,TAAATA,TAGTA,AAAAT
3,1667,VT8646|0|MEMB002D|+|3516,-4.140227317810059,3189,positive,CGAAGA,TTTAA,TAATT
4,2417,VT8646|0|MEMB002F|+|3753,-8.403262138366701,3189,positive,TAAAAT,TTAAA,AGATT
5,1553,VT8646|0|MEMB003B|+|2425,-6.403261661529541,3189,positive,TACACT,TTTAG,AAAAT
6,2113,VT8646|0|MEMB003C|+|2927,-4.155333995819092,3189,positive,TATAAT,AATAA,TATAT
7,1746,VT8646|0|MEMB003F|+|2578,-6.403261661529541,3189,positive,TACACT,AAGTA,AAAAT
8,2073,VT8646|0|MEMB004A|-|2919,0.09259329736232758,3189,positive,TATATT,TGTAA,ACTAA
9,1217,VT8646|0|MEMB004E|+|1999,-5.201627731323242,3189,positive,TAAACC,TTAAC,CAAAT
10,2235,VT8646|0|MEMB005D|-|3092,-6.403261661529541,3189,positive,TACACT,TTTAG,AAAAT
11,2237,VT8646|0|MEMB006A|-|3077,-4.201627731323241,3189,positive,TTATCC,TTTTT,TAAAA
12,1801,VT8646|0|MEMB006B|-|2620,-1.8922997713088991,3189,positive,TTAATA,TTAGC,AAAAT
13,1779,VT8646|0|MEMB006C|-|2565,-0.9537003636360168,3189,positive,TATACC,TTTAG,AAAAT
14,2069,VT8646|0|MEMB007B|-|2865,0.09259329736232758,3189,positive,TATATT,TGTAA,ATTAA
15,1510,VT8646|0|MEMB007C|+|2375,-3.1553342342376713,3189,positive,TCTACT,TTTAG,ATAAT
16,2746,VT8646|0|MEMB007D|+|3583,-2.155334234237671,3189,positive,TACTTT,TTTTT,AAAAA
17,1729,VT8646|0|MEMB008C|+|2558,-4.201627731323241,3189,positive,TACACC,TTTAG,AAAAT
