,raw,orig_species,score,align_position,sequence,5_before,5_after
0,1079,VT8646|0|MEMB002A|+|3062,-7.403261661529541,1727,AGGTTA,ATTGT,AAAAA
1,1109,VT8646|0|MEMB002B|+|2935,-7.403261661529541,1727,AGGTTA,ATTAG,TGAAA
2,1054,VT8646|0|MEMB002C|-|2975,-7.403261661529541,1727,AGGTTA,ATTGT,AAAAA
3,739,VT8646|0|MEMB002D|+|3516,-3.1553342342376713,1727,AGTAAA,ATTAC,ACGAA
4,738,VT8646|0|MEMB002E|-|4143,-7.403261661529541,1727,AGTTTA,ATTAC,GGGAA
5,1379,VT8646|0|MEMB002F|+|3753,-7.403261661529541,1727,AGTTTA,ACTAT,TGGAA
6,943,VT8646|0|MEMB003A|+|2540,-6.403261661529541,1727,AGTGGA,ATTAC,AGGAC
7,711,VT8646|0|MEMB003B|+|2425,-7.403261661529541,1727,AGTTTA,ATTAC,GTATT
8,1098,VT8646|0|MEMB003C|+|2927,-5.201627731323242,1727,GGGTta,ATTGT,aaaaa
9,933,VT8646|0|MEMB003D|+|2591,-0.9537003636360168,1727,GGTAGA,ATTAC,AGGAC
10,987,VT8646|0|MEMB003F|+|2578,-7.403261661529541,1727,AGTTTA,ATAAA,AGGAA
11,1103,VT8646|0|MEMB004A|-|2919,-7.403261661529541,1727,AGGTTA,ATTAG,TGAAA
12,984,VT8646|0|MEMB004B|+|2508,-7.403261661529541,1727,AGTTTA,ATTAC,AGGAA
13,446,VT8646|0|MEMB004E|+|1999,-7.403261661529541,1727,AGCTTA,ATTAC,AGGAA
14,955,VT8646|0|MEMB005B|-|2558,-7.403261661529541,1727,AGTTTA,ATTAC,AGGAA
15,1376,VT8646|0|MEMB005D|-|3092,0.04629964381456375,1727,GGAAGG,ATTAT,ACGAG
16,1365,VT8646|0|MEMB006A|-|3077,-4.201627731323241,1727,GGATTA,ATTAC,AGGAA
17,1023,VT8646|0|MEMB006B|-|2620,-4.140227317810059,1727,TGTGTA,ATTAC,AGGAG
18,1015,VT8646|0|MEMB006C|-|2565,-7.403261661529541,1727,AGTTTA,ATTAC,AGGAA
19,1096,VT8646|0|MEMB007B|-|2865,-7.403261661529541,1727,AGGTTA,ATTGT,AAAAA
20,695,VT8646|0|MEMB007C|+|2375,-7.403261661529541,1727,AGTTTA,ATTAC,GGATt
21,1519,VT8646|0|MEMB007D|+|3583,-5.201627731323242,1727,GGCTTA,ATTAT,ATGAA
22,956,VT8646|0|MEMB008C|+|2558,-5.201627731323242,1727,GGTTTA,GCTAC,AGGAA
23,957,VT8646|0|dkik|+|2572,-0.9537003636360168,1727,GGTAGA,ATTAC,AGGAC
