,raw,orig_species,score,align_position,sequence,5_before,5_after
0,242,VT8646|0|MEMB002A|+|3062,4.255753040313722,462,AAGTTC,TTTCC,TTTTT
1,232,VT8646|0|MEMB002C|-|2975,3.2557530403137207,462,AAGATC,TTTCC,TTTTT
2,358,VT8646|0|MEMB002F|+|3753,-4.201627731323241,462,TTATCC,TTTGC,AGCTG
3,201,VT8646|0|MEMB003A|+|2540,-3.1402273178100586,462,CCATGA,ATTCC,TTTTT
4,238,VT8646|0|MEMB003C|+|2927,4.255753040313722,462,AAGTTC,TTTCC,TTTTT
5,201,VT8646|0|MEMB003D|+|2591,-3.1402273178100586,462,CTATGA,ATTCC,TTTTT
6,221,VT8646|0|MEMB003F|+|2578,-5.140227317810059,462,TTCCAA,TTCAC,TTCGA
7,222,VT8646|0|MEMB004B|+|2508,-0.8922998309135437,462,ATTGCA,ATCAC,TGATT
8,221,VT8646|0|MEMB005B|-|2558,-4.155333995819092,462,GCAATT,GTTAC,TGTTT
9,398,VT8646|0|MEMB005D|-|3092,-2.345811367034912,462,AAGTAG,TTTCC,TTAAA
10,387,VT8646|0|MEMB006A|-|3077,-2.345811367034912,462,ATGTAG,TTTCC,TTAAA
11,186,VT8646|0|MEMB006B|-|2620,-0.9537003636360168,462,TTTACC,CTTTC,TTAAA
12,219,VT8646|0|MEMB006C|-|2565,1.0925933122634888,462,ATTTTT,ATTCA,TTTTG
13,234,VT8646|0|MEMB007B|-|2865,3.294227123260498,462,AATTTC,TTTTC,TTTTT
14,405,VT8646|0|MEMB007D|+|3583,-0.8922998309135437,462,AATTAA,ATATC,ATAGA
15,220,VT8646|0|MEMB008C|+|2558,-0.9307739734649658,462,TTGCAA,TTTAC,GTTGA
16,195,VT8646|0|dkik|+|2572,-5.140227317810059,462,CTATAA,ACTCC,TTTGT
