,raw,orig_species,score,align_position,sequence,5_before,5_after
0,2629,VT8646|0|MEMB002A|+|3062,-3.3073372840881348,5543,TCCCTG,GTTTAAACCGC,CCAGG
1,2464,VT8646|0|MEMB002B|+|2935,-4.201627731323241,5543,TCCCCC,GTTTAAACCGC,CCAGG
2,2536,VT8646|0|MEMB002C|-|2975,-6.555264949798584,5543,TCCCCG,GTTTAAACCGC,CCAGG
3,3049,VT8646|0|MEMB002D|+|3516,-3.3073372840881348,5543,TTCCTG,CTTTAAACCGC,TCCAG
4,3657,VT8646|0|MEMB002E|-|4143,-6.555264949798584,5543,TTCCCG,GTTTAAACCGC,CCGAG
5,3296,VT8646|0|MEMB002F|+|3753,-4.201627731323241,5543,TCCCCC,CTTTAAACCGC,CCACG
6,2093,VT8646|0|MEMB003A|+|2540,-4.201627731323241,5543,CTCCCC,GTTTAAACCGC,GCCAG
7,1948,VT8646|0|MEMB003B|+|2425,-4.201627731323241,5543,TTCCCC,GTTTAAACCGC,CCCGG
8,2488,VT8646|0|MEMB003C|+|2927,-6.555264949798584,5543,TCCCCG,GTTTAAACCGC,CCAGG
9,2123,VT8646|0|MEMB003D|+|2591,-4.201627731323241,5543,CTCCCC,GTTTAAACCGC,GCCAG
10,2110,VT8646|0|MEMB003F|+|2578,-0.9537003636360168,5543,ATTCCC,GTTTAAACCGC,CCCAA
11,2449,VT8646|0|MEMB004A|-|2919,-0.9537003636360168,5543,TCCCTC,GTTTAAACCGC,CCAGG
12,2051,VT8646|0|MEMB004B|+|2508,0.007825496606528759,5543,TTGCCC,GTTTAAACCGC,ACCCG
13,1532,VT8646|0|MEMB004E|+|1999,-0.8922998309135437,5543,TTTCCA,GTTTAAACCGC,CCCCG
14,2090,VT8646|0|MEMB005B|-|2558,-0.9537003636360168,5543,TTTCCC,GTTTAAACCGC,ACCCG
15,2607,VT8646|0|MEMB005D|-|3092,-3.2016279697418213,5543,TTCTCC,GTTTAAACCGC,CCCAG
16,2592,VT8646|0|MEMB006A|-|3077,-3.2016279697418213,5543,TTCTCC,GTTTAAACCGC,TCCAG
17,2141,VT8646|0|MEMB006B|-|2620,-4.201627731323241,5543,TTCCCC,GTTTAAACCGC,ACCAG
18,2100,VT8646|0|MEMB006C|-|2565,-0.9537003636360168,5543,TTTCCC,GTTTAAACCGC,CCCCG
19,2426,VT8646|0|MEMB007B|-|2865,-6.555264949798584,5543,TCCCCG,GTTTAAACCGC,CCAGG
20,1909,VT8646|0|MEMB007C|+|2375,-4.201627731323241,5543,TTATCC,GTTTAAACCGC,CCCGG
21,2091,VT8646|0|MEMB008C|+|2558,-4.201627731323241,5543,TTCCCC,GTTTAAACCGC,CCCGT
22,2112,VT8646|0|dkik|+|2572,-4.201627731323241,5543,CTCCCC,GTTTAAACCGC,AGTCC
