,raw,orig_species,score,align_position,sequence,5_before,5_after
0,1184,VT8646|0|MEMB002A|+|3062,-4.201627731323241,1895,TAACGC,GGATTCAATCT,ATTAC
1,1205,VT8646|0|MEMB002B|+|2935,-0.9307739734649658,1895,CTGCAA,TGCCTAGATTT,GCTAT
2,1158,VT8646|0|MEMB002C|-|2975,-1.9537003040313718,1895,TAACTC,GGATTCAATTT,ATTAC
3,857,VT8646|0|MEMB002D|+|3516,-7.403261661529541,1895,TTAGCT,TAATTAAATTT,TTCAG
4,1482,VT8646|0|MEMB002F|+|3753,-7.403261661529541,1895,TTAACT,AGATAATTAAT,TTTAT
5,967,VT8646|0|MEMB003A|+|2540,-5.201627731323242,1895,TTATAC,AATCTAAATCC,TTTCT
6,810,VT8646|0|MEMB003B|+|2425,-7.403261661529541,1895,TTAACT,TGATTTAATTT,TTTCG
7,1179,VT8646|0|MEMB003C|+|2927,-1.9537003040313718,1895,TAACTC,GGAATTAATTT,ATTAC
8,1199,VT8646|0|MEMB004A|-|2919,-0.9307739734649658,1895,CTGCAA,TGCCTAGATTT,GCTAT
9,474,VT8646|0|MEMB004E|+|1999,-4.201627731323241,1895,GTATCC,CATCTTAGTCC,ATTTT
10,983,VT8646|0|MEMB005B|-|2558,-4.201627731323241,1895,TTATCC,AATCTTAGTGC,TTTTT
11,1397,VT8646|0|MEMB005D|-|3092,-5.140227317810059,1895,TTAGCA,AATTGTAATCC,TTTTT
12,1393,VT8646|0|MEMB006A|-|3077,-5.140227317810059,1895,TAAACA,AATCATAATCC,TTTTT
13,1043,VT8646|0|MEMB006C|-|2565,-5.201627731323242,1895,TTAACC,AATCTTAGTCC,TTTGT
14,1199,VT8646|0|MEMB007B|-|2865,-1.9537003040313718,1895,TAACTC,GGTTTCAATTT,ATTAC
15,780,VT8646|0|MEMB007C|+|2375,-4.155333995819092,1895,TTAATT,CGATTTAATTT,TTTAG
16,1666,VT8646|0|MEMB007D|+|3583,-7.403261661529541,1895,CTAGCT,GCACTCTGAAT,GGGTC
17,984,VT8646|0|MEMB008C|+|2558,-4.201627731323241,1895,TTATCC,AATCTTAGTAC,TTTGT
