,raw,orig_species,score,align_position,strand,sequence,5_before,5_after
0,2256,VT8646|0|MEMB002B|+|2935,-2.155334234237671,4949,positive,ATCTTT,CTTTA,GTAAT
1,2507,VT8646|0|MEMB002D|+|3516,1.0925933122634888,4949,positive,TTTTTT,TTTTG,AATAA
2,3178,VT8646|0|MEMB002E|-|4143,1.0925933122634888,4949,positive,ATTTTT,TTTTG,TGTCG
3,2851,VT8646|0|MEMB002F|+|3753,-1.1938083171844482,4949,positive,ACGTCT,CTAAA,TAGAC
4,1861,VT8646|0|MEMB003A|+|2540,-2.155334234237671,4949,positive,TTCTTT,GCAAG,AATCC
5,1713,VT8646|0|MEMB003B|+|2425,-3.1553342342376713,4949,positive,ATTTAT,CTTGG,TTAAT
6,2248,VT8646|0|MEMB003C|+|2927,-2.155334234237671,4949,positive,GGCTTT,AATAA,ACCCT
7,1869,VT8646|0|MEMB003D|+|2591,-2.155334234237671,4949,positive,TTCTTT,GCAAG,AATCC
8,1890,VT8646|0|MEMB003F|+|2578,-2.155334234237671,4949,positive,ATCTTT,CGAAG,ATATT
9,2241,VT8646|0|MEMB004A|-|2919,-2.155334234237671,4949,positive,ATCTTT,CTTTA,GTAAT
10,1839,VT8646|0|MEMB004B|+|2508,-2.155334234237671,4949,positive,ATCTTT,CAAAG,ATATT
11,1859,VT8646|0|MEMB005B|-|2558,-2.155334234237671,4949,positive,ATCTTT,CAAAG,ATGAT
12,2351,VT8646|0|MEMB005D|-|3092,-6.403261661529541,4949,positive,TTCCCT,GCACT,TATCT
13,2365,VT8646|0|MEMB006A|-|3077,-4.201627731323241,4949,positive,TTATCC,CCACC,TATCT
14,1914,VT8646|0|MEMB006B|-|2620,0.10770019143819808,4949,positive,TGCTTA,TCAAG,TATCT
15,1877,VT8646|0|MEMB006C|-|2565,-2.155334234237671,4949,positive,ATCTTT,GAACT,TATAG
16,2186,VT8646|0|MEMB007B|-|2865,-2.155334234237671,4949,positive,GGCTTT,AAAAC,ACTCT
17,1671,VT8646|0|MEMB007C|+|2375,1.0925933122634888,4949,positive,ATTTTT,CTTGG,TTAAT
18,2881,VT8646|0|MEMB007D|+|3583,2.054119110107422,4949,positive,TTGTTT,TGCAA,ATTCT
19,1882,VT8646|0|MEMB008C|+|2558,1.0925933122634888,4949,positive,ATTTTT,CATGG,ATATT
20,1881,VT8646|0|dkik|+|2572,-2.155334234237671,4949,positive,TTCTTT,GCAAG,AATCC
