,raw,orig_species,score,align_position,sequence,5_before,5_after
0,476,VT8646|0|MEMB002F|+|3753,-3.3073372840881348,650,ATTACG,TTCTT,TTTAT
1,293,VT8646|0|MEMB004A|-|2919,-6.140227317810059,650,TTAAAA,ATTAT,TTAAC
2,565,VT8646|0|MEMB005D|-|3092,-8.403262138366701,650,ATAGAT,TAGCA,TTTAT
3,556,VT8646|0|MEMB006A|-|3077,-8.403262138366701,650,ATAGAT,TTCCA,TTTAT
4,313,VT8646|0|MEMB006C|-|2565,-4.201627731323241,650,TTATCC,AATGC,TTCAG
5,320,VT8646|0|MEMB007B|-|2865,-6.140227317810059,650,GTAAAA,ACTAT,TTGTG
6,592,VT8646|0|MEMB007D|+|3583,-1.8922997713088991,650,TTTCAA,GTTTT,CTGAT
