,raw,orig_species,score,align_position,sequence,5_before,5_after
0,490,VT8646|0|MEMB002A|+|3062,1.0925933122634888,963,CCTTTT,ATAAT,AAGGA
1,509,VT8646|0|MEMB002B|+|2935,-0.05940979719161987,963,GTTATG,GCATT,AAGAA
2,465,VT8646|0|MEMB002C|-|2975,1.0925933122634888,963,CCTTTT,ATAAT,AAGGA
3,724,VT8646|0|MEMB002F|+|3753,-0.8922998309135437,963,GGATTA,GTAAT,TATTA
4,507,VT8646|0|MEMB003C|+|2927,0.09259329736232758,963,CCTGTT,CCAAC,AAGGA
5,497,VT8646|0|MEMB004A|-|2919,-0.05940979719161987,963,GTTATG,GCATT,AAGGA
6,444,VT8646|0|MEMB006B|-|2620,0.09259329736232758,963,AATGTT,TATAT,AAAGA
7,501,VT8646|0|MEMB007B|-|2865,3.3556277751922607,963,GCTTTA,GATTT,AAGGA
8,905,VT8646|0|MEMB007D|+|3583,-5.403261661529541,963,CAATGT,GAAGT,TATGA
