,raw,orig_species,score,align_position,sequence,5_before,5_after
0,1079,VT8646|0|MEMB002A|+|3062,-7.403261661529541,1727,TAACCT,ACAATAATGAT,TTTTT
1,1109,VT8646|0|MEMB002B|+|2935,-7.403261661529541,1727,TAACCT,CTAATAATGAT,TTTCA
2,1054,VT8646|0|MEMB002C|-|2975,-7.403261661529541,1727,TAACCT,ACAATAATGAT,TTTTT
3,739,VT8646|0|MEMB002D|+|3516,-3.1553342342376713,1727,TTTACT,GTAATATCGAT,TTCGT
4,738,VT8646|0|MEMB002E|-|4143,-7.403261661529541,1727,TAAACT,GTAATAATTAT,TTCCC
5,1379,VT8646|0|MEMB002F|+|3753,-7.403261661529541,1727,TAAACT,ATAGTAACGCT,TTCCA
6,943,VT8646|0|MEMB003A|+|2540,-6.403261661529541,1727,TCCACT,GTAATAATGAT,GTCCT
7,711,VT8646|0|MEMB003B|+|2425,-7.403261661529541,1727,TAAACT,GTAATAATGAT,AATAC
8,1098,VT8646|0|MEMB003C|+|2927,-5.201627731323242,1727,TAACCC,ACAATAATGAT,TTTTT
9,933,VT8646|0|MEMB003D|+|2591,-0.9537003636360168,1727,TCTACC,GTAATAATGAT,GTCCT
10,987,VT8646|0|MEMB003F|+|2578,-7.403261661529541,1727,TAAACT,TTTATAATGAT,TTCCT
11,1103,VT8646|0|MEMB004A|-|2919,-7.403261661529541,1727,TAACCT,CTAATAATGAT,TTTCA
12,984,VT8646|0|MEMB004B|+|2508,-7.403261661529541,1727,TAAACT,GTAATAATGAT,TTCCT
13,446,VT8646|0|MEMB004E|+|1999,-7.403261661529541,1727,TAAGCT,GTAATAATGAT,TTCCT
14,955,VT8646|0|MEMB005B|-|2558,-7.403261661529541,1727,TAAACT,GTAATAATGAT,TTCCT
15,1376,VT8646|0|MEMB005D|-|3092,0.04629964381456375,1727,CCTTCC,ATAATAATGAT,CTCGT
16,1365,VT8646|0|MEMB006A|-|3077,-4.201627731323241,1727,TAATCC,GTAATAATGAT,TTCCT
17,1023,VT8646|0|MEMB006B|-|2620,-4.140227317810059,1727,TACACA,GTAATAACTTT,CTCCT
18,1015,VT8646|0|MEMB006C|-|2565,-7.403261661529541,1727,TAAACT,GTAATAATGAT,TTCCT
19,1096,VT8646|0|MEMB007B|-|2865,-7.403261661529541,1727,TAACCT,ACAATAATGAT,TTTTT
20,695,VT8646|0|MEMB007C|+|2375,-7.403261661529541,1727,TAAACT,GTAATAATTAT,AATCC
21,1519,VT8646|0|MEMB007D|+|3583,-5.201627731323242,1727,TAAGCC,ATAATACTGAT,TTCAT
22,956,VT8646|0|MEMB008C|+|2558,-5.201627731323242,1727,TAAACC,GTAGCAATGAT,TTCCT
23,957,VT8646|0|dkik|+|2572,-0.9537003636360168,1727,TCTACC,GTAATAATGAT,GTCCT
