,raw,orig_species,score,align_position,sequence,5_before,5_after
0,2282,VT8646|0|MEMB002A|+|3062,2.0078256130218506,3519,GCACAA,GCATC,TCCAA
1,2148,VT8646|0|MEMB002B|+|2935,0.10770019143819808,3519,TAAGAT,ACAGC,CCAAA
2,2191,VT8646|0|MEMB002C|-|2975,2.0078256130218506,3519,GCACAA,GCATC,TCCAA
3,1762,VT8646|0|MEMB002D|+|3516,-2.2016279697418213,3519,gcagtg,gcaat,aagaa
4,1790,VT8646|0|MEMB002E|-|4143,-2.2016279697418213,3519,gcagtg,gaaac,aagga
5,2556,VT8646|0|MEMB002F|+|3753,-1.1938083171844482,3519,ACTCTA,TTTTC,AAGAA
6,1609,VT8646|0|MEMB003B|+|2425,-4.201627731323241,3519,GTAGCA,AAGGC,TCCAA
7,1784,VT8646|0|MEMB003D|+|2591,0.04629964381456375,3519,GAAGAG,ATAGA,TCCAA
8,1816,VT8646|0|MEMB003F|+|2578,-4.201627731323241,3519,GTAGAC,ACCGC,TCCAA
9,2133,VT8646|0|MEMB004A|-|2919,-3.2016279697418213,3519,GGAGAT,ATAGC,TGTAA
10,1757,VT8646|0|MEMB004B|+|2508,-0.9537003636360168,3519,GATGAG,ACAGC,TCCCA
11,1288,VT8646|0|MEMB004E|+|1999,-4.201627731323241,3519,GTAGAA,ACATC,TCCAA
12,1788,VT8646|0|MEMB005B|-|2558,-0.9921745061874391,3519,GTCCAA,ACAGC,AAGAG
13,1849,VT8646|0|MEMB006B|-|2620,-4.201627731323241,3519,GGATTA,ACAGA,TCTAA
14,1567,VT8646|0|MEMB007C|+|2375,-4.201627731323241,3519,GTAGCA,ATAGC,TCCAA
15,1800,VT8646|0|MEMB008C|+|2558,-4.201627731323241,3519,GTAGAA,ACAGC,GCCAA
