,raw,orig_species,score,align_position,sequence,5_before,5_after
0,341,VT8646|0|MEMB002A|+|3062,-6.140227317810059,712,ATAAAA,TCTAC,AGTAG
1,346,VT8646|0|MEMB002B|+|2935,-5.140227317810059,712,TACAAA,TCGAC,GTAGA
2,532,VT8646|0|MEMB002F|+|3753,-5.555264949798584,712,TGCCGG,CTTTC,TATAT
3,268,VT8646|0|MEMB003A|+|2540,-6.140227317810059,712,TAAGAA,TCCTG,CTTCT
4,372,VT8646|0|MEMB003C|+|2927,-6.140227317810059,712,ATAAAA,TTTAC,AGTAG
5,291,VT8646|0|MEMB003D|+|2591,0.06922604143619537,712,TAGTAA,ACGTT,GTTGA
6,329,VT8646|0|MEMB003F|+|2578,-0.9307739734649658,712,TAGAAA,CCTAG,TGCGA
7,334,VT8646|0|MEMB004A|-|2919,-5.140227317810059,712,TACAAA,TCGAC,GTAGA
8,329,VT8646|0|MEMB004B|+|2508,-3.345811367034912,712,TAGAAG,TCTTG,TGGGA
9,320,VT8646|0|MEMB005B|-|2558,-0.9307739734649658,712,TAGAAA,TGTAG,TGCGA
10,618,VT8646|0|MEMB005D|-|3092,1.0692260265350342,712,TAGAGA,TTTAG,TGCGA
11,610,VT8646|0|MEMB006A|-|3077,1.0692260265350342,712,TAGAGA,TTTAG,TGAGA
12,319,VT8646|0|MEMB006B|-|2620,-0.9307739734649658,712,TTGGAA,CTAAA,TGAAA
13,370,VT8646|0|MEMB006C|-|2565,-0.9307739734649658,712,TAGAAA,TCTAG,TTCGA
14,380,VT8646|0|MEMB007B|-|2865,-0.9307739734649658,712,TAGAAA,TCTAC,GTAGA
15,654,VT8646|0|MEMB007D|+|3583,-4.140227317810059,712,CAAAGA,TGCGT,TTATC
16,310,VT8646|0|MEMB008C|+|2558,-0.9307739734649658,712,TAGAAA,TGTAG,TGCAA
17,267,VT8646|0|dkik|+|2572,-4.201627731323241,712,TAATCC,TGTTA,CTTGA
