,raw,orig_species,score,align_position,strand,sequence,5_before,5_after
0,242,VT8646|0|MEMB002A|+|3062,4.255753040313722,462,positive,AAGTTC,AATAT,TTTTT
1,232,VT8646|0|MEMB002C|-|2975,3.2557530403137207,462,positive,AAGATC,AATAC,TTTTT
2,358,VT8646|0|MEMB002F|+|3753,-4.201627731323241,462,positive,TTATCC,AAATA,AGCTG
3,201,VT8646|0|MEMB003A|+|2540,-3.1402273178100586,462,positive,CCATGA,AATTA,TTTTT
4,238,VT8646|0|MEMB003C|+|2927,4.255753040313722,462,positive,AAGTTC,AACAC,TTTTT
5,201,VT8646|0|MEMB003D|+|2591,-3.1402273178100586,462,positive,CTATGA,AATGA,TTTTT
6,221,VT8646|0|MEMB003F|+|2578,-5.140227317810059,462,positive,TTCCAA,AAGCA,TTCGA
7,222,VT8646|0|MEMB004B|+|2508,-0.8922998309135437,462,positive,ATTGCA,AGGCA,TGATT
8,221,VT8646|0|MEMB005B|-|2558,-4.155333995819092,462,positive,GCAATT,AGAAA,TGTTT
9,398,VT8646|0|MEMB005D|-|3092,-2.345811367034912,462,positive,AAGTAG,AAGTT,TTAAA
10,387,VT8646|0|MEMB006A|-|3077,-2.345811367034912,462,positive,ATGTAG,AGGTT,TTAAA
11,186,VT8646|0|MEMB006B|-|2620,-0.9537003636360168,462,positive,TTTACC,GGTGC,TTAAA
12,219,VT8646|0|MEMB006C|-|2565,1.0925933122634888,462,positive,ATTTTT,ATGAT,TTTTG
13,234,VT8646|0|MEMB007B|-|2865,3.294227123260498,462,positive,AATTTC,AATAC,TTTTT
14,405,VT8646|0|MEMB007D|+|3583,-0.8922998309135437,462,positive,AATTAA,AAAAA,ATAGA
15,220,VT8646|0|MEMB008C|+|2558,-0.9307739734649658,462,positive,TTGCAA,AGACA,GTTGA
16,195,VT8646|0|dkik|+|2572,-5.140227317810059,462,positive,CTATAA,AATTG,TTTGT
