,raw,orig_species,score,align_position,sequence,5_before,5_after
0,298,VT8646|0|MEMB002A|+|3062,2.294227123260498,669,ATTGTC,TGCTC,ACTTT
1,303,VT8646|0|MEMB002B|+|2935,-8.403262138366701,669,AAAAAT,TCTAC,AACTT
2,489,VT8646|0|MEMB002F|+|3753,-2.3073372840881348,669,ATTGGG,AATTT,AATAC
3,329,VT8646|0|MEMB003C|+|2927,2.294227123260498,669,ATTGTC,AGCTT,ACTTT
4,248,VT8646|0|MEMB003D|+|2591,0.10770019143819808,669,TTCTTA,ATAAT,TCTAC
5,286,VT8646|0|MEMB003F|+|2578,-5.140227317810059,669,ATCCAA,TTTAT,ATGTC
6,310,VT8646|0|MEMB004A|-|2919,1.0925933122634888,669,ATTTTT,TCAAT,AAATT
7,286,VT8646|0|MEMB004B|+|2508,-7.403261661529541,669,TTCCAT,TTTAT,ATGTC
8,278,VT8646|0|MEMB005B|-|2558,-3.1402273178100586,669,TTCCGA,TTTAA,GTGTC
9,578,VT8646|0|MEMB005D|-|3092,-4.201627731323241,669,TTATCC,AATTT,ATTTT
10,567,VT8646|0|MEMB006A|-|3077,-5.140227317810059,669,ATCCAA,TTTAT,TTTTT
11,283,VT8646|0|MEMB006B|-|2620,3.294227123260498,669,AATTTC,TAAAG,AACGT
12,330,VT8646|0|MEMB006C|-|2565,0.09259329736232758,669,GTTATT,CAATT,AATAT
13,337,VT8646|0|MEMB007B|-|2865,2.294227123260498,669,ATTGTC,TGCTC,ACTTT
14,611,VT8646|0|MEMB007D|+|3583,-3.1553342342376713,669,ACTTAT,TTTGA,GGTAT
15,275,VT8646|0|MEMB008C|+|2558,-0.8922998309135437,669,TTCCTA,TTTAT,TAGAA
