,raw,orig_species,score,align_position,sequence,5_before,5_after
0,345,VT8646|0|MEMB002A|+|3062,-8.403262138366701,717,ATCTAC,ATTTT,TTCGA
1,351,VT8646|0|MEMB002B|+|2935,-8.403262138366701,717,ATCTAC,TTTGT,TTTGG
2,320,VT8646|0|MEMB002C|-|2975,-8.403262138366701,717,ATCTAC,GCATG,TTCGA
3,537,VT8646|0|MEMB002F|+|3753,0.09259329736232758,717,AATATA,CCGGC,GTTAA
4,273,VT8646|0|MEMB003A|+|2540,0.09259329736232758,717,AAGAAG,TTCTT,TAGAT
5,376,VT8646|0|MEMB003C|+|2927,-8.403262138366701,717,ATCTAC,ATTTT,TTCGA
6,296,VT8646|0|MEMB003D|+|2591,-4.155333995819092,717,ATCAAC,TTACT,TTAAA
7,334,VT8646|0|MEMB003F|+|2578,-7.403261661529541,717,ATCGCA,TTTCT,TATAG
8,339,VT8646|0|MEMB004A|-|2919,-8.403262138366701,717,ATCTAC,TTTGT,TTCGA
9,334,VT8646|0|MEMB004B|+|2508,-3.193808317184448,717,ATCCCA,CTTCT,TATAT
10,325,VT8646|0|MEMB005B|-|2558,-7.403261661529541,717,ATCGCA,TTTCT,TATAT
11,623,VT8646|0|MEMB005D|-|3092,-7.403261661529541,717,ATCGCA,TCTCT,AATAT
12,615,VT8646|0|MEMB006A|-|3077,-8.403262138366701,717,ATCTCA,TCTCT,AATAT
13,324,VT8646|0|MEMB006B|-|2620,-8.403262138366701,717,ATTTCA,TTCCA,TCCAT
14,375,VT8646|0|MEMB006C|-|2565,-7.403261661529541,717,ATCGAA,TTTCT,TTTTC
15,385,VT8646|0|MEMB007B|-|2865,-8.403262138366701,717,ATCTAC,TTTCT,TTCGA
16,659,VT8646|0|MEMB007D|+|3583,-4.201627731323241,717,GGATAA,TCTTT,AGCGT
17,315,VT8646|0|MEMB008C|+|2558,-7.403261661529541,717,ATTGCA,TTTCT,CATTC
18,272,VT8646|0|dkik|+|2572,-4.155333995819092,717,ATCAAG,GGATT,AAGTA
