,raw,orig_species,score,align_position,sequence,5_before,5_after
0,1095,VT8646|0|MEMB002A|+|3062,-6.403261661529541,1749,AGATTA,AAAGA,AGGTT
1,1124,VT8646|0|MEMB002B|+|2935,-4.201627731323241,1749,GGATTT,AAAAA,AGATT
2,1069,VT8646|0|MEMB002C|-|2975,-6.403261661529541,1749,AGATTA,AAAGA,AGGTT
3,756,VT8646|0|MEMB002D|+|3516,-4.201627731323241,1749,GGATTA,GACAA,TGATT
4,1401,VT8646|0|MEMB002F|+|3753,-1.1938083171844482,1749,ACGCAA,CAGAA,AGCTA
5,1118,VT8646|0|MEMB004A|-|2919,-6.403261661529541,1749,AGATTT,AAAAA,AGATT
6,1110,VT8646|0|MEMB007B|-|2865,-6.403261661529541,1749,AGATTA,AAAGA,AGGTT
7,701,VT8646|0|MEMB007C|+|2375,-4.201627731323241,1749,GGATtt,GTTTA,aaata
