,raw,orig_species,score,align_position,sequence,5_before,5_after
0,766,VT60074|1|MEMB002A|+|926,-6.555264949798584,866,TAATCG,GGCTCTGGCTC,TTCGG
1,750,VT60074|1|MEMB002B|-|943,-1.3458114862442017,866,TAGTCG,GGCTCTGGCTC,TGCGG
2,754,VT60074|1|MEMB002C|-|914,-6.555264949798584,866,TAATCG,GGCTCTGGTTC,TTCGG
3,748,VT60074|1|MEMB002D|+|920,-1.3458114862442017,866,TAGTCG,GGCTCCGGCTC,TGCGG
4,745,VT60074|1|MEMB002E|+|926,1.0692260265350342,866,TAGTCA,GGCTCTGGCTC,TGCGG
5,757,VT60074|1|MEMB002F|-|938,-1.3458114862442017,866,TAGTCG,GGCTCCGGCTC,TGCGG
6,745,VT60074|1|MEMB003A|+|914,-6.555264949798584,866,TAATCG,GGCTCCGGCTC,TGCGG
7,733,VT60074|1|MEMB003B|-|893,-1.3458114862442017,866,TAGTCG,GGCTCCGGCTC,TGCGG
8,766,VT60074|1|MEMB003C|-|926,-6.555264949798584,866,TAATCG,GGCTCTGGTTC,TGCGG
9,754,VT60074|1|MEMB003D|+|926,-6.555264949798584,866,TAATCG,GGCTCTGGCTC,TGCGG
10,757,VT60074|1|MEMB003F|+|920,-1.3458114862442017,866,TAGTCG,GGCTCCGGCTC,TGCGG
11,741,VT60074|1|MEMB004A|+|934,-1.3458114862442017,866,TAGTCG,GGCTCTGGCTC,TGCGG
12,769,VT60074|1|MEMB004B|+|968,-1.3458114862442017,866,TAGTCG,GGCTCCGGCTC,TGCGG
13,745,VT60074|1|MEMB004E|+|956,-1.3458114862442017,866,TAGTCG,GGCTCCGGCTC,TGCGA
14,754,VT60074|1|MEMB005B|-|908,-1.3458114862442017,866,TAGTCG,GGCTCCGGCTC,TGCGG
15,777,VT60074|1|MEMB005D|+|949,-1.3458114862442017,866,TAGTCG,GGCTCCGGCTC,TGCGG
16,751,VT60074|1|MEMB006A|+|920,-6.555264949798584,866,TAATCG,GGCTCTGGCTC,TGCGG
17,755,VT60074|1|MEMB006B|+|939,1.0078254938125608,866,TAGTCC,GGCTCCGGCTC,TGCGA
18,762,VT60074|1|MEMB006C|-|952,-1.3458114862442017,866,TAGTCG,GGCTCCGGCTC,TGCGG
19,784,VT60074|1|MEMB007B|+|953,-4.201627731323241,866,TAATCC,GGCTCTGGTTC,TGCGG
20,733,VT60074|1|MEMB007C|-|896,-1.3458114862442017,866,TAGTCG,GGCTCCGGCTC,TGCGG
21,749,VT60074|1|MEMB007D|+|924,-1.3458114862442017,866,TAGTCG,GGCTCCGGCTC,TCCGG
22,763,VT60074|1|MEMB008C|-|956,-1.3458114862442017,866,TAGTCG,GGCTCCGGCTC,TGCGG
23,745,VT60074|1|dkik|+|908,-6.555264949798584,866,TAATCG,GGCTCTGGCTC,TGCGG
