,raw,orig_species,score,align_position,strand,sequence,5_before,5_after
0,505,VT60074|1|MEMB002A|+|926,-0.9537003636360168,575,positive,GGTCCC,CCGGA,CTCCT
1,489,VT60074|1|MEMB002B|-|943,-0.9537003636360168,575,positive,GGTCCC,CCAGA,CTCCT
2,493,VT60074|1|MEMB002C|-|914,-0.9537003636360168,575,positive,GGTCCC,CCCTG,CTCCT
3,481,VT60074|1|MEMB002D|+|920,-7.555264949798584,575,positive,GGACCG,CCGCC,CTCCA
4,478,VT60074|1|MEMB002E|+|926,-7.555264949798584,575,positive,GGACCG,CCACC,CTCCG
5,496,VT60074|1|MEMB002F|-|938,-2.345811367034912,575,positive,TGGCCG,CCGCC,CTCCT
6,478,VT60074|1|MEMB003A|+|914,-7.555264949798584,575,positive,GGACCG,CCGCC,CTCCG
7,466,VT60074|1|MEMB003B|-|893,-7.555264949798584,575,positive,GGACCG,CCGCC,CTCCA
8,505,VT60074|1|MEMB003C|-|926,-3.3073372840881348,575,positive,GGTCCG,CCCTG,CTCCT
9,487,VT60074|1|MEMB003D|+|926,-7.555264949798584,575,positive,GGACCG,CCGCC,CTCCG
10,490,VT60074|1|MEMB003F|+|920,-2.345811367034912,575,positive,GGGCCG,CCGCC,CTCCG
11,480,VT60074|1|MEMB004A|+|934,-0.9537003636360168,575,positive,GGTCCC,CCAGA,CTCCT
12,496,VT60074|1|MEMB004B|+|968,-2.345811367034912,575,positive,GGGCCG,CTGCT,CGCCG
13,484,VT60074|1|MEMB004E|+|956,-5.201627731323242,575,positive,GGACCC,CCGCC,CTCCC
14,481,VT60074|1|MEMB005B|-|908,-2.345811367034912,575,positive,GGGCCG,CCACC,CTCCG
15,507,VT60074|1|MEMB005D|+|949,-7.555264949798584,575,positive,GGACCG,CCGCC,CTCCG
16,484,VT60074|1|MEMB006A|+|920,-7.555264949798584,575,positive,GGACCG,CCGCC,CTCCG
17,482,VT60074|1|MEMB006B|+|939,-0.8922998309135437,575,positive,GGATTA,CCGCC,CGCCA
18,495,VT60074|1|MEMB006C|-|952,-2.345811367034912,575,positive,GGGCCG,CCGCC,CGCCG
19,523,VT60074|1|MEMB007B|+|953,-3.3073372840881348,575,positive,GGTCCG,CCGGA,CTCCT
20,466,VT60074|1|MEMB007C|-|896,-5.201627731323242,575,positive,GGACCC,CCGCC,CTCCA
21,482,VT60074|1|MEMB007D|+|924,0.06922604143619537,575,positive,GGGCCA,CCGGA,CTCCT
22,493,VT60074|1|MEMB008C|-|956,-7.555264949798584,575,positive,GGACCG,CCGCC,CGCCG
23,478,VT60074|1|dkik|+|908,-7.555264949798584,575,positive,GGACCG,CCGCC,CTCCG
