,raw,orig_species,score,align_position,strand,sequence,5_before,5_after
0,816,VT60074|1|MEMB002A|+|926,-3.1402273178100586,940,positive,GAATGA,GGACA,GCGCT
1,815,VT60074|1|MEMB002B|-|943,-3.1402273178100586,940,positive,GGATGA,GGACA,GCGCT
2,804,VT60074|1|MEMB002C|-|914,-3.1402273178100586,940,positive,GGATGA,GGACA,GCGCT
3,801,VT60074|1|MEMB002D|+|920,-3.1402273178100586,940,positive,GTATGA,GCACA,GCGCT
4,801,VT60074|1|MEMB002E|+|926,-3.1402273178100586,940,positive,GAATGA,GCACA,ACGCT
5,810,VT60074|1|MEMB002F|-|938,-3.1402273178100586,940,positive,GGATGA,GCACA,GCGCT
6,798,VT60074|1|MEMB003A|+|914,-3.1402273178100586,940,positive,GGATGA,GCACA,GCGCT
7,786,VT60074|1|MEMB003B|-|893,-3.1402273178100586,940,positive,GAATGA,GCACA,GCGCT
8,816,VT60074|1|MEMB003C|-|926,-3.1402273178100586,940,positive,GAATGA,GCACA,GCGCT
9,807,VT60074|1|MEMB003D|+|926,-3.1402273178100586,940,positive,GGATGA,GCACA,GCGCT
10,810,VT60074|1|MEMB003F|+|920,-3.1402273178100586,940,positive,GGATGA,GCACA,GCGCT
11,806,VT60074|1|MEMB004A|+|934,-3.1402273178100586,940,positive,GGATGA,GGACA,GCGCT
12,831,VT60074|1|MEMB004B|+|968,-3.1402273178100586,940,positive,GGATGA,GCACA,GCGCT
13,798,VT60074|1|MEMB004E|+|956,-3.1402273178100586,940,positive,GTATGA,GCACA,GCGCT
14,798,VT60074|1|MEMB005B|-|908,-3.1402273178100586,940,positive,GGATGA,GCACA,GCGCT
15,830,VT60074|1|MEMB005D|+|949,-5.140227317810059,940,positive,GGATAA,GCACG,GCGCT
16,804,VT60074|1|MEMB006A|+|920,-3.1402273178100586,940,positive,GGATGA,GCACA,GCGCT
17,814,VT60074|1|MEMB006B|+|939,-5.140227317810059,940,positive,GTATAA,GCACA,ACGCT
18,818,VT60074|1|MEMB006C|-|952,-5.140227317810059,940,positive,GAATAA,GCACA,GCGCT
19,834,VT60074|1|MEMB007B|+|953,-3.1402273178100586,940,positive,GAATGA,GGACA,GCGCT
20,786,VT60074|1|MEMB007C|-|896,-3.1402273178100586,940,positive,GAATGA,GCACA,GCGCT
21,805,VT60074|1|MEMB007D|+|924,-5.140227317810059,940,positive,GGATAA,GCACA,GCGCT
22,816,VT60074|1|MEMB008C|-|956,-3.1402273178100586,940,positive,GGATGA,GCACA,GCGCT
23,798,VT60074|1|dkik|+|908,-3.1402273178100586,940,positive,GGATGA,GCACA,GCGCT
