,raw,orig_species,score,align_position,sequence,5_before,5_after
0,16,VT60074|1|MEMB002A|+|926,-3.3073372840881348,44,CCATTG,CTTCCTCCAGC,CTCCA
1,15,VT60074|1|MEMB002B|-|943,0.902116060256958,44,TTGCTG,CCAGTGACCAG,CTCCA
2,16,VT60074|1|MEMB002C|-|914,-3.3073372840881348,44,CCATTG,CTTCCTCCAGC,CTCCA
3,16,VT60074|1|MEMB002D|+|920,-2.345811367034912,44,GGGCCG,CCAGATCCATT,CTCCA
4,10,VT60074|1|MEMB002E|+|926,-7.555264949798584,44,GGACCG,,CTCCA
5,16,VT60074|1|MEMB002F|-|938,-5.140227317810059,44,GGACCA,GGTGCTCCGGT,CGCCG
6,31,VT60074|1|MEMB003A|+|914,-3.3073372840881348,44,GCTCCG,CCGGATCCATT,CGGTG
7,10,VT60074|1|MEMB003B|-|893,-3.3073372840881348,44,GGTCCG,,CTCCA
8,16,VT60074|1|MEMB003C|-|926,-3.3073372840881348,44,CCATTG,CTTCCTCCAGC,CTCCA
9,31,VT60074|1|MEMB003D|+|926,-3.3073372840881348,44,GCTCCG,CCGGATCCATT,CGGTG
10,16,VT60074|1|MEMB003F|+|920,-2.345811367034912,44,GGGCCG,CCGGATCCATT,CTCCA
11,15,VT60074|1|MEMB004A|+|934,0.902116060256958,44,TTGCTG,CCAGTGACCAG,CTCCA
12,16,VT60074|1|MEMB004B|+|968,-3.3073372840881348,44,GGTCCG,CTGGATCCATT,CTCCA
13,19,VT60074|1|MEMB004E|+|956,-3.3073372840881348,44,CTTCCG,GTGAGAAGCAA,TTCCA
14,16,VT60074|1|MEMB005B|-|908,-3.3073372840881348,44,GGTCCG,CCGGATCCATT,CTCCG
15,42,VT60074|1|MEMB005D|+|949,-0.8922998309135437,44,GGATTA,CCCGATCCATT,CTCCA
16,10,VT60074|1|MEMB006A|+|920,-2.345811367034912,44,GGGCCG,,CTCCA
17,26,VT60074|1|MEMB006B|+|939,-3.3073372840881348,44,GGTCCG,CTGGAACCATT,CTCCA
18,15,VT60074|1|MEMB006C|-|952,-3.3073372840881348,44,GGTCCG,CCGGAACCATT,CTCCT
19,16,VT60074|1|MEMB007B|+|953,-3.3073372840881348,44,CCATTG,CTTCCTCCAGC,CTCCA
20,10,VT60074|1|MEMB007C|-|896,-3.3073372840881348,44,GGTCCG,,CTCCA
21,16,VT60074|1|MEMB008C|-|956,-3.3073372840881348,44,GGTCCG,CCGGATCCATT,CTCCG
22,31,VT60074|1|dkik|+|908,-3.3073372840881348,44,GCTCCG,CCGGATCCATT,CGGTG
