,raw,orig_species,score,align_position,sequence,5_before,5_after
0,505,VT60074|1|MEMB002A|+|926,-0.9537003636360168,575,GGTCCC,GAGTTCCCGGA,CTCCT
1,489,VT60074|1|MEMB002B|-|943,-0.9537003636360168,575,GGTCCC,GACTGGCCAGA,CTCCT
2,493,VT60074|1|MEMB002C|-|914,-0.9537003636360168,575,GGTCCC,GAGTTACCCTG,CTCCT
3,481,VT60074|1|MEMB002D|+|920,-7.555264949798584,575,GGACCG,GAGTTGCCGCC,CTCCA
4,478,VT60074|1|MEMB002E|+|926,-7.555264949798584,575,GGACCG,GAGTTTCCACC,CTCCG
5,496,VT60074|1|MEMB002F|-|938,-2.345811367034912,575,TGGCCG,GCGTTGCCGCC,CTCCT
6,478,VT60074|1|MEMB003A|+|914,-7.555264949798584,575,GGACCG,GAATTGCCGCC,CTCCG
7,466,VT60074|1|MEMB003B|-|893,-7.555264949798584,575,GGACCG,GAATTGCCGCC,CTCCA
8,505,VT60074|1|MEMB003C|-|926,-3.3073372840881348,575,GGTCCG,GAGTTCCCCTG,CTCCT
9,487,VT60074|1|MEMB003D|+|926,-7.555264949798584,575,GGACCG,GAATTGCCGCC,CTCCG
10,490,VT60074|1|MEMB003F|+|920,-2.345811367034912,575,GGGCCG,GAGTTGCCGCC,CTCCG
11,480,VT60074|1|MEMB004A|+|934,-0.9537003636360168,575,GGTCCC,GACTGGCCAGA,CTCCT
12,496,VT60074|1|MEMB004B|+|968,-2.345811367034912,575,GGGCCG,CCGGAGCTGCT,CGCCG
13,484,VT60074|1|MEMB004E|+|956,-5.201627731323242,575,GGACCC,GAGTTTCCGCC,CTCCC
14,481,VT60074|1|MEMB005B|-|908,-2.345811367034912,575,GGGCCG,GAGTTCCCACC,CTCCG
15,507,VT60074|1|MEMB005D|+|949,-7.555264949798584,575,GGACCG,GAGTTGCCGCC,CTCCG
16,484,VT60074|1|MEMB006A|+|920,-7.555264949798584,575,GGACCG,GAGTTGCCGCC,CTCCG
17,482,VT60074|1|MEMB006B|+|939,-0.8922998309135437,575,GGATTA,GAATTGCCGCC,CGCCA
18,495,VT60074|1|MEMB006C|-|952,-2.345811367034912,575,GGGCCG,GAGTTGCCGCC,CGCCG
19,523,VT60074|1|MEMB007B|+|953,-3.3073372840881348,575,GGTCCG,GAATTGCCGGA,CTCCT
20,466,VT60074|1|MEMB007C|-|896,-5.201627731323242,575,GGACCC,GAATTGCCGCC,CTCCA
21,482,VT60074|1|MEMB007D|+|924,0.06922604143619537,575,GGGCCA,GAATTGCCGGA,CTCCT
22,493,VT60074|1|MEMB008C|-|956,-7.555264949798584,575,GGACCG,GAGTTGCCGCC,CGCCG
23,478,VT60074|1|dkik|+|908,-7.555264949798584,575,GGACCG,GAATTGCCGCC,CTCCG
