,raw,orig_species,score,align_position,sequence,5_before,5_after
0,1128,VT16679|0|MEMB002A|-|1805,-8.555264472961426,1717,TTACAG,CCTAA,AGTAC
1,1056,VT16679|0|MEMB002B|+|1762,-8.555264472961426,1717,TTACAG,CCTAA,AGTAC
2,1112,VT16679|0|MEMB002C|+|1908,-8.555264472961426,1717,TTACAG,CCTAA,AGTAC
3,1203,VT16679|0|MEMB002D|-|1976,-4.201627731323241,1717,TTATCC,CTTGA,ACACA
4,1231,VT16679|0|MEMB002E|-|1989,-4.201627731323241,1717,TTATCC,CTTGA,GCACA
5,1148,VT16679|0|MEMB002F|-|1741,-5.201627731323242,1717,TTATAC,CCTAA,ACACA
6,1132,VT16679|0|MEMB003A|-|1764,-4.201627731323241,1717,TTATCC,GCTGA,AGACA
7,1215,VT16679|0|MEMB003B|-|1981,-4.201627731323241,1717,TTATCC,CCTGA,ACACA
8,1133,VT16679|0|MEMB003C|-|1817,-8.555264472961426,1717,CTACAG,CCTAA,AGTAC
9,1130,VT16679|0|MEMB003D|+|1762,-4.201627731323241,1717,TTATCC,GCTGA,AGACA
10,1188,VT16679|0|MEMB003F|+|1932,-4.201627731323241,1717,TTATCC,CCTGA,GCACA
11,1151,VT16679|0|MEMB004B|+|1798,-4.201627731323241,1717,TTATCC,CCTGA,ACACA
12,1178,VT16679|0|MEMB004E|-|1923,2.294227123260498,1717,ATTATC,CCTGA,AACAC
13,1179,VT16679|0|MEMB005B|-|1889,-4.201627731323241,1717,TTATCC,CCTGA,ACACA
14,1194,VT16679|0|MEMB005D|+|1902,-4.201627731323241,1717,TTATCC,CCTGA,ACACA
15,1152,VT16679|0|MEMB006A|+|1883,-4.201627731323241,1717,TTATCC,CCTGA,ACACA
16,1502,VT16679|0|MEMB006B|+|2261,-4.201627731323241,1717,TTATCC,CCTGA,ACACA
17,1197,VT16679|0|MEMB006C|+|1921,-6.201627731323242,1717,TTACAC,CCTGA,ACACA
18,1135,VT16679|0|MEMB007B|+|1813,-8.555264472961426,1717,TTACAG,CCTAA,GGCCA
19,1199,VT16679|0|MEMB007C|-|1948,-4.201627731323241,1717,TTATCC,CCTGA,ACACA
20,1162,VT16679|0|MEMB007D|+|2039,-0.9537003636360168,1717,TTTCCC,GTTAA,GATAC
21,1172,VT16679|0|MEMB008C|-|1904,-4.201627731323241,1717,TTATCC,CCTGA,ACACA
22,1133,VT16679|0|dkik|+|1769,-4.201627731323241,1717,TTATCC,CCTGA,AGCCA
