,raw,orig_species,score,align_position,strand,sequence,5_before,5_after
0,1255,VT16679|0|MEMB002A|-|1805,-5.140227317810059,2073,positive,TGATAA,ATCTT,AATGA
1,1183,VT16679|0|MEMB002B|+|1762,-6.140227317810059,2073,positive,TGACAA,ATCTT,AATTA
2,1353,VT16679|0|MEMB002C|+|1908,-6.140227317810059,2073,positive,TGACAA,ATCTT,AATGA
3,1342,VT16679|0|MEMB002D|-|1976,1.0925933122634888,2073,positive,TGTTTT,AAACT,TGTAG
4,1353,VT16679|0|MEMB003B|-|1981,1.0925933122634888,2073,positive,TGTTTT,AAAAT,ACTAA
5,1260,VT16679|0|MEMB003C|-|1817,-6.140227317810059,2073,positive,TGACAA,ATCTT,AATGA
6,1304,VT16679|0|MEMB003F|+|1932,-0.8922998309135437,2073,positive,GGATTA,ATTAG,TATTT
7,1167,VT16679|0|MEMB004A|+|1736,-3.345811367034912,2073,positive,TGGCAG,ATCTT,AATTA
8,1315,VT16679|0|MEMB004E|-|1923,-4.155333995819092,2073,positive,CAAGTT,AAACT,TATTA
9,1322,VT16679|0|MEMB005B|-|1889,0.94059020280838,2073,positive,GATTTG,AGTAA,ATTTG
10,1632,VT16679|0|MEMB006B|+|2261,-3.3073372840881348,2073,positive,AGATTG,AGAAT,ATTGA
11,1344,VT16679|0|MEMB006C|+|1921,-2.155334234237671,2073,positive,TACTTT,AAAAC,AGTAG
12,1255,VT16679|0|MEMB007B|+|1813,-6.140227317810059,2073,positive,TGACAA,ATCTT,AACTA
13,1338,VT16679|0|MEMB007C|-|1948,0.94059020280838,2073,positive,TTTTTG,AAAAT,TATAA
14,1441,VT16679|0|MEMB007D|+|2039,-3.3073372840881348,2073,positive,TCATTG,TGAAT,AGAAG
15,1302,VT16679|0|MEMB008C|-|1904,0.94059020280838,2073,positive,TGTTTG,AAAAT,AGTAC
