,raw,orig_species,score,align_position,sequence,5_before,5_after
0,1127,VT16679|0|MEMB002A|-|1805,-3.2016279697418213,1716,TACAGC,CTAAC,GTACT
1,1055,VT16679|0|MEMB002B|+|1762,-3.2016279697418213,1716,TACAGC,CTAAC,GTACT
2,1111,VT16679|0|MEMB002C|+|1908,-3.2016279697418213,1716,TACAGC,CTAAC,GTACT
3,1202,VT16679|0|MEMB002D|-|1976,-0.9537003636360168,1716,TATCCC,TTGAT,CACAT
4,1230,VT16679|0|MEMB002E|-|1989,-0.9537003636360168,1716,TATCCC,TTGAT,CACAT
5,1147,VT16679|0|MEMB002F|-|1741,-0.9537003636360168,1716,TATACC,CTAAC,CACAT
6,1131,VT16679|0|MEMB003A|-|1764,-3.3073372840881348,1716,TATCCG,CTGAT,GACAT
7,1214,VT16679|0|MEMB003B|-|1981,-0.9537003636360168,1716,TATCCC,CTGAT,CACAT
8,1132,VT16679|0|MEMB003C|-|1817,-3.2016279697418213,1716,TACAGC,CTAAC,GTACC
9,1129,VT16679|0|MEMB003D|+|1762,-3.3073372840881348,1716,TATCCG,CTGAT,GACAT
10,1187,VT16679|0|MEMB003F|+|1932,-0.9537003636360168,1716,TATCCC,CTGAT,CACAT
11,1150,VT16679|0|MEMB004B|+|1798,-0.9537003636360168,1716,TATCCC,CTGAT,CACAT
12,1177,VT16679|0|MEMB004E|-|1923,-4.201627731323241,1716,TTATCC,CTGAT,ACACA
13,1178,VT16679|0|MEMB005B|-|1889,-0.9537003636360168,1716,TATCCC,CTGAT,CACAT
14,1193,VT16679|0|MEMB005D|+|1902,-0.9537003636360168,1716,TATCCC,CTGAT,CACAT
15,1151,VT16679|0|MEMB006A|+|1883,-0.9537003636360168,1716,TATCCC,CTGAT,CACAT
16,1501,VT16679|0|MEMB006B|+|2261,-0.9537003636360168,1716,TATCCC,CTGAT,CACAT
17,1196,VT16679|0|MEMB006C|+|1921,-4.201627731323241,1716,TACACC,CTGAT,CACAT
18,1134,VT16679|0|MEMB007B|+|1813,-3.2016279697418213,1716,TACAGC,CTAAC,GCCAT
19,1198,VT16679|0|MEMB007C|-|1948,-0.9537003636360168,1716,TATCCC,CTGAT,CACAT
20,1161,VT16679|0|MEMB007D|+|2039,-6.555264949798584,1716,TTCCCG,TTAAT,ATACT
21,1171,VT16679|0|MEMB008C|-|1904,-0.9537003636360168,1716,TATCCC,CTGAT,CACAT
22,1132,VT16679|0|dkik|+|1769,-0.9537003636360168,1716,TATCCC,CTGAT,GCCAT
