,raw,orig_species,score,align_position,sequence,5_before,5_after
0,754,VT16679|0|MEMB002D|-|1976,-4.201627731323241,1200,CTCCCC,CATCG,GTATC
1,782,VT16679|0|MEMB002E|-|1989,0.04629964381456375,1200,CTTTCC,ATCGA,GTAGA
2,746,VT16679|0|MEMB002F|-|1741,-4.201627731323241,1200,CTCACC,ATCGA,GAATT
3,773,VT16679|0|MEMB003B|-|1981,-4.201627731323241,1200,TTATCC,ATTGA,GTATC
4,761,VT16679|0|MEMB003F|+|1932,-4.201627731323241,1200,CTCCCC,ATCGA,GTGTT
5,734,VT16679|0|MEMB004B|+|1798,-4.201627731323241,1200,CTCCCC,ATCGA,GTGCT
6,749,VT16679|0|MEMB004E|-|1923,-4.201627731323241,1200,CTCCCC,ATCGA,GTGCT
7,755,VT16679|0|MEMB005B|-|1889,-4.201627731323241,1200,CTCCCC,ATCGA,GTGTT
8,767,VT16679|0|MEMB005D|+|1902,0.04629964381456375,1200,CATCGC,ATCGA,GTATT
9,735,VT16679|0|MEMB006A|+|1883,0.04629964381456375,1200,TATCGC,ATCGA,GTATT
10,762,VT16679|0|MEMB006C|+|1921,-5.201627731323242,1200,CAACCC,ATCGA,GTGTT
11,757,VT16679|0|MEMB007C|-|1948,0.04629964381456375,1200,TTTTCC,ATAAA,GTATA
12,742,VT16679|0|MEMB008C|-|1904,-4.201627731323241,1200,ATCCCC,ATCGA,GTGTT
