,raw,orig_species,score,align_position,sequence,5_before,5_after
0,1278,VT16679|0|MEMB002A|-|1805,-0.9921745061874391,2114,AGGGAC,ATAAG,AACTC
1,1206,VT16679|0|MEMB002B|+|1762,-6.201627731323242,2114,AGACAC,ACGGA,AACTT
2,1376,VT16679|0|MEMB002C|+|1908,-0.9921745061874391,2114,AGGGAC,ATAAG,AACTC
3,1381,VT16679|0|MEMB002D|-|1976,-4.140227317810059,2114,AAAGGA,ACAAA,TCCTT
4,1385,VT16679|0|MEMB002E|-|1989,-1.8922997713088991,2114,AGAATA,ACAAA,AATCT
5,1372,VT16679|0|MEMB003B|-|1981,-8.555264472961426,2114,ATAAAG,AATAA,GACTC
6,1283,VT16679|0|MEMB003C|-|1817,-0.9921745061874391,2114,AGGGAC,ATAAG,AACTC
7,1327,VT16679|0|MEMB003F|+|1932,-1.9537003040313718,2114,AGAATC,ACAAA,AACTT
8,1190,VT16679|0|MEMB004A|+|1736,-6.201627731323242,2114,AGAAAC,ACAAA,AACTC
9,1350,VT16679|0|MEMB004E|-|1923,-7.403261661529541,2114,AGATAT,ACAAA,AACTT
10,1345,VT16679|0|MEMB005B|-|1889,-6.201627731323242,2114,TGAAAC,ATTAA,AACTT
11,1294,VT16679|0|MEMB005D|+|1902,-3.193808317184448,2114,TGGGAT,CCTAA,AACTT
12,1259,VT16679|0|MEMB006A|+|1883,-8.403262138366701,2114,AGAGAT,CCAAA,AACTT
13,1643,VT16679|0|MEMB006B|+|2261,-7.555264949798584,2114,ATAACG,ATTGA,AACTT
14,1361,VT16679|0|MEMB006C|+|1921,-5.140227317810059,2114,GGATAA,GAAGA,TATTT
15,1357,VT16679|0|MEMB007C|-|1948,-8.555264472961426,2114,ATAAAG,AATAA,ATCTC
16,1464,VT16679|0|MEMB007D|+|2039,-4.155333995819092,2114,TGAATT,AAATT,TGCTG
17,1342,VT16679|0|MEMB008C|-|1904,-6.201627731323242,2114,AGAAAC,ATAAA,AATTA
