,raw,orig_species,score,align_position,sequence,5_before,5_after
0,769,VT16679|0|MEMB002A|-|1805,-8.555264472961426,1316,CTGTCC,GAACT,GGTTT
1,725,VT16679|0|MEMB002B|+|1762,-6.140227317810059,1316,TTTTCA,GAACT,GGTTT
2,775,VT16679|0|MEMB002C|+|1908,-8.555264472961426,1316,CTGTCC,GAACT,GGCTT
3,855,VT16679|0|MEMB002D|-|1976,-6.140227317810059,1316,TTGTCC,GACCT,TGGTT
4,871,VT16679|0|MEMB002E|-|1989,-5.140227317810059,1316,TTATCC,GACCT,TGTTT
5,813,VT16679|0|MEMB002F|-|1741,-6.140227317810059,1316,TTGTCA,AAACT,GGTTT
6,797,VT16679|0|MEMB003A|-|1764,-6.140227317810059,1316,TTGTTT,GACCT,CGTTT
7,868,VT16679|0|MEMB003B|-|1981,-6.140227317810059,1316,TTGTCC,GACCT,TGTTT
8,775,VT16679|0|MEMB003C|-|1817,-8.555264472961426,1316,CTGTCC,GAACT,GGTTT
9,797,VT16679|0|MEMB003D|+|1762,-6.140227317810059,1316,TTGTTT,GACCT,CGTTT
10,838,VT16679|0|MEMB003F|+|1932,-6.140227317810059,1316,TTGTGC,GACCT,TGTTT
11,731,VT16679|0|MEMB004A|+|1736,-6.140227317810059,1316,TTGTCA,GAACT,GGTTT
12,813,VT16679|0|MEMB004B|+|1798,-6.140227317810059,1316,TTGTCC,GACCT,TGTTT
13,828,VT16679|0|MEMB004E|-|1923,-6.140227317810059,1316,TTGTCC,GACCT,TGTTT
14,831,VT16679|0|MEMB005B|-|1889,-6.140227317810059,1316,TTGTCC,GACCT,TGTTT
15,840,VT16679|0|MEMB005D|+|1902,-6.140227317810059,1316,TTGTCT,AACCT,GACTT
16,807,VT16679|0|MEMB006A|+|1883,-6.140227317810059,1316,TTGTCT,GACCT,GGTTT
17,1150,VT16679|0|MEMB006B|+|2261,-4.307337284088135,1316,CAGTGA,AGCCG,TGTCT
18,849,VT16679|0|MEMB006C|+|1921,-6.140227317810059,1316,TTGTCC,GACCT,TGTTT
19,783,VT16679|0|MEMB007B|+|1813,-6.140227317810059,1316,TTGTCC,GAACT,GGTTT
20,850,VT16679|0|MEMB007C|-|1948,-6.140227317810059,1316,TTGTCC,GACTT,TATTT
21,815,VT16679|0|MEMB007D|+|2039,-6.140227317810059,1316,TTGTCA,GACCT,GGGTT
22,827,VT16679|0|MEMB008C|-|1904,-6.140227317810059,1316,TTGTCC,GACCT,TGTTT
23,797,VT16679|0|dkik|+|1769,-6.140227317810059,1316,TTGTTT,GACCT,CGTTT
