,raw,orig_species,score,align_position,sequence,5_before,5_after
0,1317,VT16679|0|MEMB002A|-|1805,-3.3073372840881348,2202,CAATCG,TTAAG,ATATC
1,1270,VT16679|0|MEMB002B|+|1762,-0.8922998309135437,2202,TAATCG,TTAAG,ATATC
2,1415,VT16679|0|MEMB002C|+|1908,-3.3073372840881348,2202,CAATCG,TTAAG,ATCCT
3,1460,VT16679|0|MEMB002D|-|1976,-0.8922998309135437,2202,TAATCC,TTTAG,CTATT
4,1464,VT16679|0|MEMB002E|-|1989,-0.8922998309135437,2202,TAATCC,TTTGG,CTAAA
5,1278,VT16679|0|MEMB002F|-|1741,-0.8922998309135437,2202,TAATCA,TTAAA,ATACT
6,1279,VT16679|0|MEMB003A|-|1764,-0.8922998309135437,2202,TAATCC,TTTAG,CTATT
7,1322,VT16679|0|MEMB003C|-|1817,-3.3073372840881348,2202,CAATCG,TTAAG,ATATC
8,1277,VT16679|0|MEMB003D|+|1762,-0.8922998309135437,2202,TAATCC,TTTAG,CTATT
9,1414,VT16679|0|MEMB003F|+|1932,-0.8922998309135437,2202,TAATCC,TTTAG,CCATT
10,1252,VT16679|0|MEMB004A|+|1736,-0.8922998309135437,2202,TAATCG,TTAGG,ATAGC
11,1307,VT16679|0|MEMB004B|+|1798,-0.8922998309135437,2202,TATGTT,TTCCT,CCTCT
12,1393,VT16679|0|MEMB004E|-|1923,-3.1553342342376713,2202,AAATCC,TTTAG,CAATT
13,1391,VT16679|0|MEMB005B|-|1889,-0.8922998309135437,2202,TAATCC,CTTAG,CTATT
14,1334,VT16679|0|MEMB006A|+|1883,-0.9537003636360168,2202,GAATCC,TTTAA,CTATT
15,1715,VT16679|0|MEMB006B|+|2261,0.10770019143819808,2202,TAAGCC,TTTAA,CTCTT
16,1402,VT16679|0|MEMB006C|+|1921,-1.8922997713088991,2202,TACTCC,TGTAG,CTATT
17,1325,VT16679|0|MEMB007B|+|1813,-3.3073372840881348,2202,CAATCG,TTAAG,ATATC
18,1533,VT16679|0|MEMB007D|+|2039,-5.140227317810059,2202,TTATCG,TTTAG,ATACT
19,1280,VT16679|0|dkik|+|1769,-0.8922998309135437,2202,TAATCC,TTTAG,CTATG
