,raw,orig_species,score,align_position,strand,sequence,5_before,5_after
0,1128,VT16679|0|MEMB002A|-|1805,-8.555264472961426,1717,positive,TTACAG,AACAT,AGTAC
1,1056,VT16679|0|MEMB002B|+|1762,-8.555264472961426,1717,positive,TTACAG,AACAT,AGTAC
2,1112,VT16679|0|MEMB002C|+|1908,-8.555264472961426,1717,positive,TTACAG,AACAT,AGTAC
3,1203,VT16679|0|MEMB002D|-|1976,-4.201627731323241,1717,positive,TTATCC,AGCAT,ACACA
4,1231,VT16679|0|MEMB002E|-|1989,-4.201627731323241,1717,positive,TTATCC,AGCAT,GCACA
5,1148,VT16679|0|MEMB002F|-|1741,-5.201627731323242,1717,positive,TTATAC,AACAT,ACACA
6,1132,VT16679|0|MEMB003A|-|1764,-4.201627731323241,1717,positive,TTATCC,AGCAT,AGACA
7,1215,VT16679|0|MEMB003B|-|1981,-4.201627731323241,1717,positive,TTATCC,AGCAT,ACACA
8,1133,VT16679|0|MEMB003C|-|1817,-8.555264472961426,1717,positive,CTACAG,AACAT,AGTAC
9,1130,VT16679|0|MEMB003D|+|1762,-4.201627731323241,1717,positive,TTATCC,AGCAT,AGACA
10,1188,VT16679|0|MEMB003F|+|1932,-4.201627731323241,1717,positive,TTATCC,AGCAT,GCACA
11,1151,VT16679|0|MEMB004B|+|1798,-4.201627731323241,1717,positive,TTATCC,AGCAG,ACACA
12,1178,VT16679|0|MEMB004E|-|1923,2.294227123260498,1717,positive,ATTATC,AGCAT,AACAC
13,1179,VT16679|0|MEMB005B|-|1889,-4.201627731323241,1717,positive,TTATCC,AGCAT,ACACA
14,1194,VT16679|0|MEMB005D|+|1902,-4.201627731323241,1717,positive,TTATCC,AGCAT,ACACA
15,1152,VT16679|0|MEMB006A|+|1883,-4.201627731323241,1717,positive,TTATCC,AGCAT,ACACA
16,1502,VT16679|0|MEMB006B|+|2261,-4.201627731323241,1717,positive,TTATCC,GGTAT,ACACA
17,1197,VT16679|0|MEMB006C|+|1921,-6.201627731323242,1717,positive,TTACAC,AGCAT,ACACA
18,1135,VT16679|0|MEMB007B|+|1813,-8.555264472961426,1717,positive,TTACAG,AACAT,GGCCA
19,1199,VT16679|0|MEMB007C|-|1948,-4.201627731323241,1717,positive,TTATCC,AGCAT,ACACA
20,1162,VT16679|0|MEMB007D|+|2039,-0.9537003636360168,1717,positive,TTTCCC,AGCAT,GATAC
21,1172,VT16679|0|MEMB008C|-|1904,-4.201627731323241,1717,positive,TTATCC,AGCAT,ACACA
22,1133,VT16679|0|dkik|+|1769,-4.201627731323241,1717,positive,TTATCC,AGCCA,AGCCA
