,raw,orig_species,score,align_position,sequence,5_before,5_after
0,1693,VT16679|0|MEMB005D|+|1902,-4.201627731323241,2606,GGATAA,GATGG,GGATA
1,1674,VT16679|0|MEMB006A|+|1883,-4.201627731323241,2606,GGATAA,GATGG,GGATA
2,2058,VT16679|0|MEMB006B|+|2261,-4.201627731323241,2606,GGATAA,GATGG,GGATA
3,1718,VT16679|0|MEMB008C|-|1904,-4.201627731323241,2606,GGATAA,GATGG,GGATA
