,raw,orig_species,score,align_position,sequence,5_before,5_after
0,1634,VT16679|0|MEMB002A|-|1805,-4.201627731323241,2618,CTATCC,CCATCCATCAT,AATCC
1,1603,VT16679|0|MEMB002B|+|1762,-4.201627731323241,2618,TTATCC,CCATCCATCAT,AATCT
2,1736,VT16679|0|MEMB002C|+|1908,-4.201627731323241,2618,CTATCC,CCATCCATCAT,AATCC
3,1793,VT16679|0|MEMB002D|-|1976,-4.201627731323241,2618,TTATCC,TTAACCTCATT,AATCC
4,1799,VT16679|0|MEMB002E|-|1989,-4.201627731323241,2618,TTATCC,TTATCCTCATC,AATCC
5,1563,VT16679|0|MEMB002F|-|1741,-4.201627731323241,2618,TTATCC,CCATCCATCAT,AATCC
6,1574,VT16679|0|MEMB003A|-|1764,-4.201627731323241,2618,TTATCC,TTATCCCCATC,AATCC
7,1787,VT16679|0|MEMB003B|-|1981,-4.201627731323241,2618,TTATCC,TTATCCCCATC,AATCC
8,1645,VT16679|0|MEMB003C|-|1817,-4.201627731323241,2618,CTATCC,CCATCCATCAT,AATCC
9,1572,VT16679|0|MEMB003D|+|1762,-4.201627731323241,2618,TTATCC,TTATCCCCATC,AATCC
10,1754,VT16679|0|MEMB003F|+|1932,-4.201627731323241,2618,TTATCC,TTATCCCCATC,AATCC
11,1583,VT16679|0|MEMB004A|+|1736,-4.201627731323241,2618,TTATCC,CCATCCATCAT,AATCC
12,1615,VT16679|0|MEMB004B|+|1798,-4.201627731323241,2618,TTATCC,TTATCCCCATC,AATCC
13,1745,VT16679|0|MEMB004E|-|1923,-4.201627731323241,2618,TTATCC,TTATCCCCATC,AATCC
14,1711,VT16679|0|MEMB005B|-|1889,-4.201627731323241,2618,TTATCC,TTATCCCCATC,AATCC
15,1705,VT16679|0|MEMB005D|+|1902,-4.201627731323241,2618,TTATCC,TTATCCTTATC,AATCC
16,1686,VT16679|0|MEMB006A|+|1883,-4.201627731323241,2618,TTATCC,TTATCCTTATC,AATCC
17,2070,VT16679|0|MEMB006B|+|2261,-4.201627731323241,2618,TTATCC,TTATCCTTATC,AATCC
18,1742,VT16679|0|MEMB006C|+|1921,-4.201627731323241,2618,TTATCC,TTCTCCCCATC,AATCC
19,1642,VT16679|0|MEMB007B|+|1813,-4.201627731323241,2618,CTATCC,CCATCCATCAT,AATCC
20,1753,VT16679|0|MEMB007C|-|1948,-4.201627731323241,2618,TTATCC,TTATCCCCATC,AATCC
21,1860,VT16679|0|MEMB007D|+|2039,-4.201627731323241,2618,TTATCC,CTATCCATCAT,AATCC
22,1730,VT16679|0|MEMB008C|-|1904,-4.201627731323241,2618,TTATCC,TTATCCTTATC,AATCC
23,1579,VT16679|0|dkik|+|1769,-4.201627731323241,2618,TTATCC,TTATCCCCATC,AATCC
