,raw,orig_species,score,align_position,sequence,5_before,5_after
0,1255,VT16679|0|MEMB002A|-|1805,-5.140227317810059,2073,TTATCA,ACATT,TCATT
1,1183,VT16679|0|MEMB002B|+|1762,-6.140227317810059,2073,TTGTCA,ACATT,TAATT
2,1353,VT16679|0|MEMB002C|+|1908,-6.140227317810059,2073,TTGTCA,ACATT,TCATT
3,1342,VT16679|0|MEMB002D|-|1976,1.0925933122634888,2073,AAAACA,GACTT,CTACA
4,1353,VT16679|0|MEMB003B|-|1981,1.0925933122634888,2073,AAAACA,AGCTT,TTAGT
5,1260,VT16679|0|MEMB003C|-|1817,-6.140227317810059,2073,TTGTCA,ACATT,TCATT
6,1304,VT16679|0|MEMB003F|+|1932,-0.8922998309135437,2073,TAATCC,ACTTC,AAATA
7,1167,VT16679|0|MEMB004A|+|1736,-3.345811367034912,2073,CTGCCA,AAGTT,TAATT
8,1315,VT16679|0|MEMB004E|-|1923,-4.155333995819092,2073,AACTTG,GTCTT,TAATA
9,1322,VT16679|0|MEMB005B|-|1889,0.94059020280838,2073,CAAATC,ACTTC,CAAAT
10,1632,VT16679|0|MEMB006B|+|2261,-3.3073372840881348,2073,CAATCT,AGCTA,TCAAT
11,1344,VT16679|0|MEMB006C|+|1921,-2.155334234237671,2073,AAAGTA,GACTG,CTACT
12,1255,VT16679|0|MEMB007B|+|1813,-6.140227317810059,2073,TTGTCA,AAATT,TAGTT
13,1338,VT16679|0|MEMB007C|-|1948,0.94059020280838,2073,CAAAAA,AGCTA,TTATA
14,1441,VT16679|0|MEMB007D|+|2039,-3.3073372840881348,2073,CAATGA,GTCTT,CTTCT
15,1302,VT16679|0|MEMB008C|-|1904,0.94059020280838,2073,CAAACA,GGCTA,GTACT
