,raw,orig_species,score,align_position,sequence,5_before,5_after
0,1787,VT16679|0|MEMB002D|-|1976,-5.201627731323242,2612,TTAACC,TCATTCATCAT,TATCC
1,1793,VT16679|0|MEMB002E|-|1989,-4.201627731323241,2612,TTATCC,TCATCCATCAT,TATCC
2,1568,VT16679|0|MEMB003A|-|1764,-4.201627731323241,2612,TTATCC,CCATCCATCAT,TATCC
3,1781,VT16679|0|MEMB003B|-|1981,-4.201627731323241,2612,TTATCC,CCATCCATCAT,TATCC
4,1566,VT16679|0|MEMB003D|+|1762,-4.201627731323241,2612,TTATCC,CCATCCATCAT,TATCC
5,1748,VT16679|0|MEMB003F|+|1932,-4.201627731323241,2612,TTATCC,CCATCCATCAT,TATCC
6,1609,VT16679|0|MEMB004B|+|1798,-4.201627731323241,2612,TTATCC,CCATCCATCAT,TATCC
7,1739,VT16679|0|MEMB004E|-|1923,-4.201627731323241,2612,TTATCC,CCATCCATCAT,TATCC
8,1705,VT16679|0|MEMB005B|-|1889,-4.201627731323241,2612,TTATCC,CCATCCATCAT,TATCC
9,1699,VT16679|0|MEMB005D|+|1902,-4.201627731323241,2612,TTATCC,TTATCCCCATC,TATCC
10,1680,VT16679|0|MEMB006A|+|1883,-4.201627731323241,2612,TTATCC,TTATCCCCATC,TATCC
11,2064,VT16679|0|MEMB006B|+|2261,-4.201627731323241,2612,TTATCC,TTATCCCCATC,TATCC
12,1736,VT16679|0|MEMB006C|+|1921,-3.2016279697418213,2612,TTCTCC,CCATCCATCAT,TATCC
13,1747,VT16679|0|MEMB007C|-|1948,-4.201627731323241,2612,TTATCC,CCATCCATCAT,TATCC
14,1724,VT16679|0|MEMB008C|-|1904,-4.201627731323241,2612,TTATCC,TTATCCCCATC,TATCC
15,1573,VT16679|0|dkik|+|1769,-4.201627731323241,2612,TTATCC,CCATCCATCAT,TATCC
