,raw,orig_species,score,align_position,sequence,5_before,5_after
0,756,VT16679|0|MEMB002D|-|1976,-3.2016279697418213,1202,GGAGGA,ATGGG,TACAA
1,784,VT16679|0|MEMB002E|-|1989,-2.155334234237671,1202,AAAGTC,GATGG,TACAG
2,748,VT16679|0|MEMB002F|-|1741,-3.1402273178100586,1202,TGAGAA,GATGG,TTCAA
3,775,VT16679|0|MEMB003B|-|1981,-3.1553342342376713,1202,ATAAGA,AATGG,TACAA
4,763,VT16679|0|MEMB003F|+|1932,-3.2016279697418213,1202,GGAGAA,GATGG,CACAA
5,736,VT16679|0|MEMB004B|+|1798,-3.2016279697418213,1202,GGAGAG,GATGG,CACAA
6,751,VT16679|0|MEMB004E|-|1923,-3.2016279697418213,1202,GGAGAG,GATGG,CACAA
7,757,VT16679|0|MEMB005B|-|1889,-3.2016279697418213,1202,GGAGAA,GATGG,CACAA
8,769,VT16679|0|MEMB005D|+|1902,-0.9537003636360168,1202,GATGAA,GATGC,TACAA
9,737,VT16679|0|MEMB006A|+|1883,2.294227123260498,1202,GATAAA,GATGC,TACAA
10,764,VT16679|0|MEMB006C|+|1921,-5.201627731323242,1202,GTTGAA,GATGG,CACAA
11,759,VT16679|0|MEMB007C|-|1948,1.0925933122634888,1202,AAAATA,TATGG,TACAA
12,744,VT16679|0|MEMB008C|-|1904,-4.201627731323241,1202,GGATAA,GATGG,CACAA
