,raw,orig_species,score,align_position,sequence,5_before,5_after
0,911,VT16679|0|MEMB002A|-|1805,-0.9537003636360168,1481,TGATTC,CCGTG,ATTTA
1,861,VT16679|0|MEMB002B|+|1762,-0.9537003636360168,1481,TGATTC,CCGGG,ATTTA
2,916,VT16679|0|MEMB002C|+|1908,-0.9537003636360168,1481,TGATTC,CCGTG,ATTTA
3,988,VT16679|0|MEMB002D|-|1976,-4.201627731323241,1481,TGATCC,CCGGA,ATTTA
4,1015,VT16679|0|MEMB002E|-|1989,-4.201627731323241,1481,TGATCC,ATGGA,ATTTA
5,937,VT16679|0|MEMB002F|-|1741,-4.201627731323241,1481,TGAAGC,CGGCC,ATTTA
6,918,VT16679|0|MEMB003A|-|1764,-4.201627731323241,1481,TGATCC,CCGGA,ATTTA
7,999,VT16679|0|MEMB003B|-|1981,-3.1553342342376713,1481,TGATTT,CCGGA,ATTTA
8,916,VT16679|0|MEMB003C|-|1817,-0.9537003636360168,1481,TGATTC,CCGTG,ATTTA
9,917,VT16679|0|MEMB003D|+|1762,-4.201627731323241,1481,TGATCC,CCGGA,ATTTA
10,973,VT16679|0|MEMB003F|+|1932,-4.201627731323241,1481,TGATCC,CCGGA,ATTTA
11,867,VT16679|0|MEMB004A|+|1736,-0.9537003636360168,1481,TGATTC,CCGTT,ATTTA
12,944,VT16679|0|MEMB004B|+|1798,-0.9537003636360168,1481,TGATTC,CCGAA,ATTTA
13,962,VT16679|0|MEMB004E|-|1923,-0.9537003636360168,1481,TGATTC,CCGAA,ATTTA
14,963,VT16679|0|MEMB005B|-|1889,-0.9537003636360168,1481,TGATTC,CCGAA,ATTTA
15,975,VT16679|0|MEMB005D|+|1902,-4.201627731323241,1481,TGATCC,CCGGA,ATTTA
16,931,VT16679|0|MEMB006A|+|1883,-4.201627731323241,1481,TGATCC,CCGGA,ATTTA
17,1286,VT16679|0|MEMB006B|+|2261,-0.9537003636360168,1481,TGATTC,CCGGA,ATTTA
18,981,VT16679|0|MEMB006C|+|1921,-0.9537003636360168,1481,TGATTC,CCGAA,ATTTA
19,921,VT16679|0|MEMB007B|+|1813,-0.9537003636360168,1481,TGATTC,CCGGG,ATTTA
20,980,VT16679|0|MEMB007C|-|1948,-3.1553342342376713,1481,TGATTT,CCGGA,ATTTA
21,947,VT16679|0|MEMB007D|+|2039,-4.201627731323241,1481,TGATCC,CCGGA,ATTTA
22,959,VT16679|0|MEMB008C|-|1904,-0.9537003636360168,1481,TGATTC,CCGAA,ATTTA
23,919,VT16679|0|dkik|+|1769,-4.201627731323241,1481,TAATCC,CCGGA,ATTTA
