,raw,orig_species,score,align_position,sequence,5_before,5_after
0,398,VT16679|0|MEMB002A|-|1805,-6.555264949798584,502,CGATTA,GCCCC,AGCGT
1,370,VT16679|0|MEMB002B|+|1762,-6.555264949798584,502,CGATTA,AAGCC,TGTGT
2,398,VT16679|0|MEMB002C|+|1908,-6.555264949798584,502,CGATTA,GTCCC,AGCGT
3,423,VT16679|0|MEMB002D|-|1976,-6.403261661529541,502,AGATTA,AAGCC,GGGCC
4,452,VT16679|0|MEMB002E|-|1989,-6.403261661529541,502,AGATTA,AAGCC,GACCC
5,401,VT16679|0|MEMB002F|-|1741,-6.403261661529541,502,AGATTA,AGGTC,CGGAC
6,411,VT16679|0|MEMB003A|-|1764,-6.403261661529541,502,AGATTA,GCCAG,CAGTC
7,443,VT16679|0|MEMB003B|-|1981,-6.403261661529541,502,AGATTA,AAGCC,GAGCC
8,398,VT16679|0|MEMB003C|-|1817,-6.555264949798584,502,CGATTA,GCCCC,AGCGT
9,411,VT16679|0|MEMB003D|+|1762,-6.403261661529541,502,AGATTA,GCCAG,CAGTC
10,431,VT16679|0|MEMB003F|+|1932,-6.403261661529541,502,AGATTA,AAGCC,GAGCC
11,370,VT16679|0|MEMB004A|+|1736,-6.555264949798584,502,CGATTA,AAGCC,GGTGT
12,404,VT16679|0|MEMB004B|+|1798,-6.403261661529541,502,AGATTA,AAGCC,GAGCC
13,419,VT16679|0|MEMB004E|-|1923,-6.403261661529541,502,AGATTA,CAGCC,GAGAC
14,425,VT16679|0|MEMB005B|-|1889,-4.201627731323241,502,GGATTA,AAGCC,GAGCC
15,431,VT16679|0|MEMB005D|+|1902,-6.403261661529541,502,AGATTA,AAGCC,GAGCC
16,399,VT16679|0|MEMB006A|+|1883,-6.403261661529541,502,AGATTA,AAGCC,GAGCC
17,424,VT16679|0|MEMB006B|+|2261,-6.403261661529541,502,AGATTA,AAGCC,GAGCC
18,432,VT16679|0|MEMB006C|+|1921,-6.403261661529541,502,AGATTA,AAGCC,GAGCC
19,403,VT16679|0|MEMB007B|+|1813,-2.3073372840881348,502,CGAATA,AAGCC,AGCGT
20,427,VT16679|0|MEMB007C|-|1948,-6.403261661529541,502,AGATTA,AAGCC,GAGCC
21,420,VT16679|0|MEMB007D|+|2039,-6.403261661529541,502,AGATTA,AAGCC,ACGTC
22,406,VT16679|0|MEMB008C|-|1904,-6.403261661529541,502,AGATTA,AAGCC,GAGGC
23,411,VT16679|0|dkik|+|1769,-6.403261661529541,502,AGATTA,GCCAG,CAGTC
