,raw,orig_species,score,align_position,sequence,5_before,5_after
0,1050,VT6705|1|MEMB002A|+|2626,-3.3073372840881348,1443,GGATTG,ATGCT,GTTTC
1,1067,VT6705|1|MEMB002B|-|2577,-3.3073372840881348,1443,GGATTG,ATGAT,GTGTC
2,1049,VT6705|1|MEMB002C|+|2626,-3.3073372840881348,1443,GGATTG,GTGAT,GTTTC
3,1189,VT6705|1|MEMB002D|+|2799,-8.555264472961426,1443,CCACAG,ATGTA,AATTA
4,1049,VT6705|1|MEMB002E|-|2987,-0.8922998309135437,1443,GCATTA,ATTTC,AAAAA
5,916,VT6705|1|MEMB002F|-|2487,-0.8922998309135437,1443,GGATTA,GTAAT,TGTCT
6,842,VT6705|1|MEMB003A|-|2313,-2.3073372840881348,1443,AACTTG,AGATT,AGTAA
7,1058,VT6705|1|MEMB003C|+|2695,-3.3073372840881348,1443,AGATTG,ATGAT,GTTTC
8,824,VT6705|1|MEMB003D|+|2291,-2.3073372840881348,1443,AACTTG,ATATT,ACTAA
9,1038,VT6705|1|MEMB003F|+|2730,-0.8922998309135437,1443,GCATTA,AATTG,AAAGG
10,1075,VT6705|1|MEMB004A|+|2576,-3.3073372840881348,1443,GGATTG,ATAAT,GTGTC
11,970,VT6705|1|MEMB004B|-|2641,-0.8922998309135437,1443,TTATTA,TTATT,CATTA
12,871,VT6705|1|MEMB004E|+|2328,-1.8922997713088991,1443,ACACTA,AATTT,AAAAA
13,977,VT6705|1|MEMB005B|+|2806,-0.8922998309135437,1443,GCATTA,AATTT,AAAGA
14,947,VT6705|1|MEMB005D|-|2393,-6.403261661529541,1443,ATATCT,ACATC,ATATA
15,829,VT6705|1|MEMB006A|+|2299,-1.8922997713088991,1443,GGAGTA,AAATT,GATTC
16,1062,VT6705|1|MEMB007B|-|2631,-3.3073372840881348,1443,GGATTG,ATGAT,GTTTC
17,1033,VT6705|1|MEMB007D|-|2628,2.3556277751922607,1443,AATATA,AATTC,ATTAA
18,996,VT6705|1|MEMB008C|-|2478,-0.8922998309135437,1443,GAATTA,AATTT,AAAGA
19,819,VT6705|1|dkik|+|2284,-2.3073372840881348,1443,AACTTG,ATATT,ACTAA
