,raw,orig_species,score,align_position,sequence,5_before,5_after
0,1271,VT6705|1|MEMB002A|+|2626,-6.140227317810059,2193,GGAAAA,TTAAAGTCTCT,TAAGT
1,1267,VT6705|1|MEMB002B|-|2577,-1.8922997713088991,2193,GGAATA,TTTAAGTCTAT,TAAGT
2,1256,VT6705|1|MEMB002C|+|2626,-6.140227317810059,2193,GGAAAA,TTGAAGTCTCT,TAAGT
3,1504,VT6705|1|MEMB002D|+|2799,2.294227123260498,2193,TATATC,CTTAATACAAA,TTGAA
4,1098,VT6705|1|MEMB002F|-|2487,-0.8922998309135437,2193,GGCATA,TTTAGTCTGTC,TAAGA
5,994,VT6705|1|MEMB003A|-|2313,-4.155333995819092,2193,GGAATT,CTTTAGGCTAA,AAAAT
6,1266,VT6705|1|MEMB003C|+|2695,-6.140227317810059,2193,GGAAAA,TTAAAGTCTCT,TAAGT
7,978,VT6705|1|MEMB003D|+|2291,-4.155333995819092,2193,GGAATT,CTTAAGGCTAG,GAAAT
8,1382,VT6705|1|MEMB003F|+|2730,-6.140227317810059,2193,ACAAAA,TTTATATAATA,TAATT
9,1275,VT6705|1|MEMB004A|+|2576,-1.8922997713088991,2193,GGAATA,TTTAAGTCTTT,TAAGT
10,1287,VT6705|1|MEMB004B|-|2641,-6.140227317810059,2193,AAAAAA,TGTATATATGT,TAATT
11,987,VT6705|1|MEMB004E|+|2328,-6.140227317810059,2193,TAAAAA,TTAATACATAT,AAATT
12,1029,VT6705|1|MEMB005D|-|2393,-5.140227317810059,2193,AAAACA,TGTAAATATTT,AAAGT
13,937,VT6705|1|MEMB006A|+|2299,-1.155334234237671,2193,TTTTGT,TTTCCAGCGGA,TAAAT
14,1280,VT6705|1|MEMB007B|-|2631,-1.8922997713088991,2193,GGTAAA,TTAAAGTCTCT,TAAGT
15,1219,VT6705|1|MEMB007D|-|2628,-5.140227317810059,2193,GGATAA,TTTAAGGGATT,TAAGT
16,1116,VT6705|1|MEMB008C|-|2478,-7.403261661529541,2193,ATATAT,GTGAGACAAAG,TAATT
17,938,VT6705|1|dkik|+|2284,-4.155333995819092,2193,GGAATT,CATTAGGCTAA,GAAAT
