,raw,orig_species,score,align_position,strand,sequence,5_before,5_after
0,1179,VT6705|1|MEMB002A|+|2626,-0.8922998309135437,2071,positive,GTATTA,ATTCT,ACAAT
1,1178,VT6705|1|MEMB002B|-|2577,-5.201627731323242,2071,positive,ATATAC,ATTCC,ATATT
2,1167,VT6705|1|MEMB002C|+|2626,-0.9537003636360168,2071,positive,TTATTC,CTAAT,GAATT
3,1399,VT6705|1|MEMB002D|+|2799,-0.8922998309135437,2071,positive,GGATTA,TAGGC,ACATC
4,1653,VT6705|1|MEMB002E|-|2987,-1.9537003040313718,2071,positive,TAAATC,ATATT,TTATA
5,1012,VT6705|1|MEMB002F|-|2487,0.09259329736232758,2071,positive,GTTGTT,ATAAT,CTAGT
6,932,VT6705|1|MEMB003A|-|2313,-0.9307739734649658,2071,positive,TTGGAA,TCCGT,TTTTT
7,1194,VT6705|1|MEMB003C|+|2695,4.317153453826903,2071,positive,GTGTTA,ATTCT,ACAAT
8,1282,VT6705|1|MEMB003F|+|2730,-0.9537003636360168,2071,positive,TTATTC,GTTTT,CAAAT
9,1186,VT6705|1|MEMB004A|+|2576,-0.9537003636360168,2071,positive,TGTTAC,ATTCC,ATATT
10,1240,VT6705|1|MEMB004B|-|2641,-1.9537003040313718,2071,positive,AAAATC,GCCTC,CTATA
11,944,VT6705|1|MEMB004E|+|2328,-6.140227317810059,2071,positive,AAAAAA,ACTTC,CTAAA
12,1418,VT6705|1|MEMB005B|+|2806,-1.9537003040313718,2071,positive,AAAATC,ACCTC,CTTTT
13,1196,VT6705|1|MEMB007B|-|2631,4.317153453826903,2071,positive,GTGTTA,ATTCT,ATATT
14,904,VT6705|1|dkik|+|2284,-0.9307739734649658,2071,positive,AAGGAA,TCCGT,GAAAA
