,raw,orig_species,score,align_position,sequence,5_before,5_after
0,1127,VT6705|1|MEMB002A|+|2626,-4.155333995819092,1524,ATAATT,TTATG,TTTGT
1,1145,VT6705|1|MEMB002B|-|2577,-3.1553342342376713,1524,CGATTT,TCAAG,TTTTT
2,1258,VT6705|1|MEMB002D|+|2799,-4.201627731323241,1524,TTATCC,AGATG,CTTGG
3,1119,VT6705|1|MEMB002E|-|2987,-3.1553342342376713,1524,TTATTT,ATATT,TGATA
4,975,VT6705|1|MEMB002F|-|2487,-2.193808317184448,1524,CCGTAT,TTGTA,TATTT
5,1135,VT6705|1|MEMB003C|+|2695,-4.155333995819092,1524,ATAATT,TTATG,TTTGT
6,1108,VT6705|1|MEMB003F|+|2730,-3.1553342342376713,1524,GATTAT,AAATT,TATAT
7,1153,VT6705|1|MEMB004A|+|2576,2.054119110107422,1524,CGGTTT,TCAAG,TTTTT
8,1049,VT6705|1|MEMB004B|-|2641,-0.05940979719161987,1524,TTTGTG,ATTTT,TTTTA
9,1047,VT6705|1|MEMB005B|+|2806,2.054119110107422,1524,TCGTTT,TATTT,CATTA
10,1139,VT6705|1|MEMB007B|-|2631,-4.155333995819092,1524,ATAATT,TTATG,TTTGC
