,raw,orig_species,score,align_position,sequence,5_before,5_after
0,1291,VT6705|1|MEMB002A|+|2626,-0.8922998309135437,2213,TAATTG,TGCTT,TATTA
1,1287,VT6705|1|MEMB002B|-|2577,-0.8922998309135437,2213,TAATTT,TGCCT,TTATT
2,1276,VT6705|1|MEMB002C|+|2626,-0.8922998309135437,2213,TAATTT,TGCCT,TATTA
3,1524,VT6705|1|MEMB002D|+|2799,-5.403261661529541,2213,ACATTA,TATTT,TTATT
4,1717,VT6705|1|MEMB002E|-|2987,-1.155334234237671,2213,ACAAAA,TCTTT,TAATT
5,1118,VT6705|1|MEMB002F|-|2487,-1.8922997713088991,2213,TATTTT,TGTTT,ACGTT
6,1014,VT6705|1|MEMB003A|-|2313,-8.403262138366701,2213,ATTTTC,TATTT,TTTAA
7,741,VT6705|1|MEMB003B|+|2047,-4.201627731323241,2213,GGATAC,TTGGT,TCAAA
8,1286,VT6705|1|MEMB003C|+|2695,-0.8922998309135437,2213,TAATTT,TGCCT,TATTA
9,998,VT6705|1|MEMB003D|+|2291,-7.403261661529541,2213,ATATTA,TATTT,TGGGT
10,1402,VT6705|1|MEMB003F|+|2730,-5.403261661529541,2213,acatta,tattt,ctatt
11,1295,VT6705|1|MEMB004A|+|2576,-0.8922998309135437,2213,TAATTT,TGCTT,TATTT
12,1307,VT6705|1|MEMB004B|-|2641,-4.403261661529541,2213,ACAGAT,AGTAT,TAAGA
13,1007,VT6705|1|MEMB004E|+|2328,-7.403261661529541,2213,atatac,tattt,aatta
14,1476,VT6705|1|MEMB005B|+|2806,0.06922604143619537,2213,ttacat,tatat,TTTTT
15,1049,VT6705|1|MEMB005D|-|2393,-3.1553342342376713,2213,AAATTA,TACGT,TATTT
16,957,VT6705|1|MEMB006A|+|2299,-6.140227317810059,2213,tttttt,ttttt,taatt
17,916,VT6705|1|MEMB006C|-|2241,-5.403261661529541,2213,acatta,aattt,atatt
18,1300,VT6705|1|MEMB007B|-|2631,-0.8922998309135437,2213,TAATTT,TGCTT,TATTA
19,716,VT6705|1|MEMB007C|-|1971,-4.201627731323241,2213,GGATAA,AAGCA,TTAAA
20,1239,VT6705|1|MEMB007D|-|2628,-7.403261661529541,2213,ATATTT,TATTT,TGTTA
21,1136,VT6705|1|MEMB008C|-|2478,-5.403261661529541,2213,ACATTA,TCTTT,AGATT
22,958,VT6705|1|dkik|+|2284,-7.403261661529541,2213,ATATTA,TATTT,TGAGT
