,raw,orig_species,score,align_position,sequence,5_before,5_after
0,1127,VT6705|1|MEMB002A|+|2626,-4.155333995819092,1524,AATTAT,CATAA,ACAAA
1,1145,VT6705|1|MEMB002B|-|2577,-3.1553342342376713,1524,AAATCG,CTTGA,AAAAA
2,1258,VT6705|1|MEMB002D|+|2799,-4.201627731323241,1524,GGATAA,CATCT,CCAAG
3,1119,VT6705|1|MEMB002E|-|2987,-3.1553342342376713,1524,AAATAA,AATAT,TATCA
4,975,VT6705|1|MEMB002F|-|2487,-2.193808317184448,1524,atacgg,tacaa,aaata
5,1135,VT6705|1|MEMB003C|+|2695,-4.155333995819092,1524,AATTAT,CATAA,ACAAA
6,1108,VT6705|1|MEMB003F|+|2730,-3.1553342342376713,1524,ataatc,aattt,atata
7,1153,VT6705|1|MEMB004A|+|2576,2.054119110107422,1524,AAACCG,CTTGA,AAAAA
8,1049,VT6705|1|MEMB004B|-|2641,-0.05940979719161987,1524,cacaaa,aaaat,taaaa
9,1047,VT6705|1|MEMB005B|+|2806,2.054119110107422,1524,AAACGA,AAATA,TAATG
10,1139,VT6705|1|MEMB007B|-|2631,-4.155333995819092,1524,AATTAT,CATAA,GCAAA
