,raw,orig_species,score,align_position,sequence,5_before,5_after
0,1291,VT6705|1|MEMB002A|+|2626,-0.8922998309135437,2213,CAATTA,AAGCAAATTTA,TAATA
1,1287,VT6705|1|MEMB002B|-|2577,-0.8922998309135437,2213,AAATTA,AGGCAAATTTA,AATAA
2,1276,VT6705|1|MEMB002C|+|2626,-0.8922998309135437,2213,AAATTA,AGGCAAATTTA,TAATA
3,1524,VT6705|1|MEMB002D|+|2799,-5.403261661529541,2213,TAATGT,AAATAAATTTT,AATAA
4,1717,VT6705|1|MEMB002E|-|2987,-1.155334234237671,2213,TTTTGT,AAAGAAATCTA,AATTA
5,1118,VT6705|1|MEMB002F|-|2487,-1.8922997713088991,2213,AAAATA,AAACAAATTTA,AACGT
6,1014,VT6705|1|MEMB003A|-|2313,-8.403262138366701,2213,GAAAAT,AAATAAATTAA,TTAAA
7,741,VT6705|1|MEMB003B|+|2047,-4.201627731323241,2213,GTATCC,ACCAAAATATA,TTTGA
8,1286,VT6705|1|MEMB003C|+|2695,-0.8922998309135437,2213,AAATTA,AGGCAAATTTA,TAATA
9,998,VT6705|1|MEMB003D|+|2291,-7.403261661529541,2213,TAATAT,AAATAAATTGA,ACCCA
10,1402,VT6705|1|MEMB003F|+|2730,-5.403261661529541,2213,TAATGT,AAATAAAATTA,AATAG
11,1295,VT6705|1|MEMB004A|+|2576,-0.8922998309135437,2213,AAATTA,AAGCAAATTTA,AAATA
12,1307,VT6705|1|MEMB004B|-|2641,-4.403261661529541,2213,ATCTGT,ATACTAAACTA,TCTTA
13,1007,VT6705|1|MEMB004E|+|2328,-7.403261661529541,2213,GTATAT,AAATAATTTAA,TAATT
14,1476,VT6705|1|MEMB005B|+|2806,0.06922604143619537,2213,ATGTAA,ATATATACCTA,AAAAA
15,1049,VT6705|1|MEMB005D|-|2393,-3.1553342342376713,2213,TAATTT,ACGTAAACAAA,AAATA
16,957,VT6705|1|MEMB006A|+|2299,-6.140227317810059,2213,AAAAAA,AAAAATGTCTA,AATTA
17,916,VT6705|1|MEMB006C|-|2241,-5.403261661529541,2213,TAATGT,AAATTAAATTA,AATAT
18,1300,VT6705|1|MEMB007B|-|2631,-0.8922998309135437,2213,AAATTA,AAGCAAATTTA,TAATA
19,716,VT6705|1|MEMB007C|-|1971,-4.201627731323241,2213,TTATCC,TGCTTAATATA,TTTAA
20,1239,VT6705|1|MEMB007D|-|2628,-7.403261661529541,2213,AAATAT,AAATAAACTTA,TAACA
21,1136,VT6705|1|MEMB008C|-|2478,-5.403261661529541,2213,TAATGT,AAAGAAAATTA,AATCT
22,958,VT6705|1|dkik|+|2284,-7.403261661529541,2213,TAATAT,AAATAAATTGA,ACTCA
