,raw,orig_species,score,align_position,strand,sequence,5_before,5_after
0,991,VT6705|1|MEMB002A|+|2626,-4.201627731323241,1369,positive,TAATCC,AAAGA,ACTGT
1,1007,VT6705|1|MEMB002B|-|2577,3.294227123260498,1369,positive,TATTTC,AATTA,ATTAT
2,989,VT6705|1|MEMB002C|+|2626,-5.201627731323242,1369,positive,TAATAC,TAATG,ACTAT
3,1115,VT6705|1|MEMB002D|+|2799,1.0078254938125608,1369,positive,CCGAGC,AACAG,AATCT
4,875,VT6705|1|MEMB002F|-|2487,-5.201627731323242,1369,positive,TAAACC,AGTAC,ATTAT
5,798,VT6705|1|MEMB003A|-|2313,1.054119110107422,1369,positive,TCGATT,AATTA,CCAAT
6,697,VT6705|1|MEMB003B|+|2047,-5.201627731323242,1369,positive,TAAGCC,ATTTC,GTATT
7,998,VT6705|1|MEMB003C|+|2695,-4.201627731323241,1369,positive,TAATCC,AAAGA,ACTGA
8,780,VT6705|1|MEMB003D|+|2291,-2.193808317184448,1369,positive,TAGACT,AAAAA,CCACT
9,997,VT6705|1|MEMB003F|+|2730,-0.05940979719161987,1369,positive,ATTGTG,AATCG,TTCTT
10,1015,VT6705|1|MEMB004A|+|2576,3.294227123260498,1369,positive,TATTTC,AAATA,ATTAT
11,923,VT6705|1|MEMB004B|-|2641,0.94059020280838,1369,positive,TATTTG,AGAAG,TCTAT
12,930,VT6705|1|MEMB005B|+|2806,-1.3458114862442017,1369,positive,ATGCGG,AATGT,GTTTT
13,904,VT6705|1|MEMB005D|-|2393,-5.201627731323242,1369,positive,CCAGCC,GCTAG,GTTTT
14,596,VT6705|1|MEMB006B|+|1870,-5.201627731323242,1369,positive,TAAACC,ATTTA,GCTGA
15,822,VT6705|1|MEMB006C|-|2241,-0.9537003636360168,1369,positive,TATACC,AACAC,CATCA
16,1003,VT6705|1|MEMB007B|-|2631,-4.201627731323241,1369,positive,TAATCC,AAAGA,ACTGT
17,685,VT6705|1|MEMB007C|-|1971,-4.201627731323241,1369,positive,TGATCC,AATAA,ATGAT
18,976,VT6705|1|MEMB007D|-|2628,1.0925933122634888,1369,positive,TGTTTT,GGAAA,ATTTG
19,954,VT6705|1|MEMB008C|-|2478,-2.3073372840881348,1369,positive,ATTGGG,AATCT,TTTTT
20,775,VT6705|1|dkik|+|2284,-2.193808317184448,1369,positive,TAGACT,AAAAA,CCACT
