,raw,orig_species,score,align_position,sequence,5_before,5_after
0,633,VT6705|1|MEMB002A|+|2626,-3.1553342342376713,828,TCATTT,GATGCCCTTTC,CGAAA
1,613,VT6705|1|MEMB002B|-|2577,-3.1553342342376713,828,TCATTT,GATTCCCTTTC,GGAAG
2,628,VT6705|1|MEMB002C|+|2626,-3.1553342342376713,828,TCATTT,GATGCCCTTTC,CGAAA
3,612,VT6705|1|MEMB002D|+|2799,-4.201627731323241,828,TAATCC,GATGCCCTTTC,CTTAA
4,624,VT6705|1|MEMB002E|-|2987,-1.1938083171844482,828,TAGTCT,GCTACCCTTTC,CTTAA
5,677,VT6705|1|MEMB002F|-|2487,-3.1553342342376713,828,TCATTT,AATGCCCTTTC,CGGAC
6,612,VT6705|1|MEMB003A|-|2313,-5.201627731323242,828,TAACCC,GATGCCCTTTC,CTTAA
7,625,VT6705|1|MEMB003B|+|2047,-4.201627731323241,828,TCATCC,GATGCCCTTTC,CTTAA
8,639,VT6705|1|MEMB003C|+|2695,-3.1553342342376713,828,TCATTT,GATGCCCTTTC,CGAAA
9,593,VT6705|1|MEMB003D|+|2291,-5.201627731323242,828,TAACCC,GATGCCCTTTC,CTTAA
10,629,VT6705|1|MEMB003F|+|2730,-4.201627731323241,828,TAATCC,GATGCCCTTTC,CTTAA
11,619,VT6705|1|MEMB004A|+|2576,-3.1553342342376713,828,TCATTT,TATTCCCTTTC,CGAAG
12,611,VT6705|1|MEMB004B|-|2641,-4.201627731323241,828,TAATCC,GATGCCCTTTC,CTTAA
13,595,VT6705|1|MEMB004E|+|2328,-4.201627731323241,828,TAATCC,GATGCCCTTTC,CTTAA
14,634,VT6705|1|MEMB005B|+|2806,-4.201627731323241,828,TAATCC,GATGCCCTTTC,CTTAA
15,643,VT6705|1|MEMB005D|-|2393,-4.201627731323241,828,TAATCC,AATGCCCTTTC,CTTAA
16,662,VT6705|1|MEMB006A|+|2299,-4.201627731323241,828,TAATCC,AATGCCCTTTC,CTTAA
17,504,VT6705|1|MEMB006B|+|1870,-4.201627731323241,828,TAATCC,AATGCCCTTTC,CTTAA
18,652,VT6705|1|MEMB006C|-|2241,-4.201627731323241,828,TAATCC,GATGCCCTTTC,CTTAA
19,638,VT6705|1|MEMB007B|-|2631,-3.1553342342376713,828,TCATTT,GATGCCCTTTC,CGAAA
20,606,VT6705|1|MEMB007C|-|1971,-4.201627731323241,828,TAATCC,GATGCCCTTTC,CTTAA
21,595,VT6705|1|MEMB007D|-|2628,-3.1553342342376713,828,TCATTT,GATGCCCTTTC,CGTAA
22,618,VT6705|1|MEMB008C|-|2478,-4.201627731323241,828,TAATCC,GATGCCCTTTC,CTTAA
23,610,VT6705|1|dkik|+|2284,-5.201627731323242,828,TAACCC,GATGCCCTTTC,CTTAA
