,raw,orig_species,score,align_position,sequence,5_before,5_after
0,1859,VT6705|1|MEMB002A|+|2626,-4.201627731323241,2947,TAATCC,CATAC,GCCTC
1,1852,VT6705|1|MEMB002B|-|2577,-4.201627731323241,2947,TAATCC,CATAC,GCCTC
2,1847,VT6705|1|MEMB002C|+|2626,-4.201627731323241,2947,TAATCC,CATAC,GCCTC
3,2074,VT6705|1|MEMB002D|+|2799,-4.201627731323241,2947,TAATCC,CATTC,GCCTC
4,2302,VT6705|1|MEMB002E|-|2987,-4.201627731323241,2947,TAATCC,CATTC,GCCTC
5,1691,VT6705|1|MEMB002F|-|2487,-4.201627731323241,2947,TAATCC,CATAC,GCCTC
6,1561,VT6705|1|MEMB003A|-|2313,-4.201627731323241,2947,TAATCC,CATTC,GCCTC
7,1339,VT6705|1|MEMB003B|+|2047,-4.201627731323241,2947,TAATCC,CATTC,ACCTC
8,1923,VT6705|1|MEMB003C|+|2695,-4.201627731323241,2947,TAATCC,CATAC,GCCTC
9,1558,VT6705|1|MEMB003D|+|2291,-4.201627731323241,2947,TAATCC,CATTC,GCCTC
10,1968,VT6705|1|MEMB003F|+|2730,-4.201627731323241,2947,TAATCC,CATTC,GCCTC
11,1855,VT6705|1|MEMB004A|+|2576,-4.201627731323241,2947,TAATCC,CATAC,GCCTC
12,1879,VT6705|1|MEMB004B|-|2641,-4.201627731323241,2947,TAATCC,CATTC,GCCTC
13,1569,VT6705|1|MEMB004E|+|2328,-4.201627731323241,2947,TAATCC,CATTC,GCCTC
14,2041,VT6705|1|MEMB005B|+|2806,-4.201627731323241,2947,TAATCC,CATTC,GCCTC
15,1647,VT6705|1|MEMB005D|-|2393,-4.201627731323241,2947,TAATCC,CATTC,GCCTC
16,1560,VT6705|1|MEMB006A|+|2299,-4.201627731323241,2947,TAATCC,CATTC,GCCTC
17,1131,VT6705|1|MEMB006B|+|1870,-5.201627731323242,2947,TAATAC,CATTC,GCCTC
18,1499,VT6705|1|MEMB006C|-|2241,-4.201627731323241,2947,TAATCC,CATTC,GCCTC
19,1878,VT6705|1|MEMB007B|-|2631,-4.201627731323241,2947,TAATCC,CATAC,GCCTC
20,1288,VT6705|1|MEMB007C|-|1971,-4.201627731323241,2947,TAATCC,CATTC,ACCTC
21,1812,VT6705|1|MEMB007D|-|2628,-4.201627731323241,2947,TAATCC,CATAC,GCCTC
22,1709,VT6705|1|MEMB008C|-|2478,-0.9537003636360168,2947,TAATTC,CATTC,GCCTC
23,1526,VT6705|1|dkik|+|2284,-4.201627731323241,2947,TAATCC,CATTC,GCCTC
