,raw,orig_species,score,align_position,sequence,5_before,5_after
0,991,VT6705|1|MEMB002A|+|2626,-4.201627731323241,1369,GGATTA,TCTAA,ACAGT
1,1007,VT6705|1|MEMB002B|-|2577,3.294227123260498,1369,GAAATA,tttaA,ATAAT
2,989,VT6705|1|MEMB002C|+|2626,-5.201627731323242,1369,GTATTA,TCTAA,ATAGT
3,1115,VT6705|1|MEMB002D|+|2799,1.0078254938125608,1369,GCTCGG,tctGC,AGATT
4,875,VT6705|1|MEMB002F|-|2487,-5.201627731323242,1369,GGTTTA,ACTTA,ATAAT
5,798,VT6705|1|MEMB003A|-|2313,1.054119110107422,1369,AATCGA,GATGA,ATTGG
6,697,VT6705|1|MEMB003B|+|2047,-5.201627731323242,1369,GGCTTA,TCTAA,AATAC
7,998,VT6705|1|MEMB003C|+|2695,-4.201627731323241,1369,GGATTA,TCTAA,TCAGT
8,780,VT6705|1|MEMB003D|+|2291,-2.193808317184448,1369,AGTCTA,GTTGG,AGTGG
9,997,VT6705|1|MEMB003F|+|2730,-0.05940979719161987,1369,cacaat,cttaa,aagaa
10,1015,VT6705|1|MEMB004A|+|2576,3.294227123260498,1369,GAAATA,tttaA,ATAAT
11,923,VT6705|1|MEMB004B|-|2641,0.94059020280838,1369,CAaata,GTTGA,ataga
12,930,VT6705|1|MEMB005B|+|2806,-1.3458114862442017,1369,ccgcat,attag,aaaac
13,904,VT6705|1|MEMB005D|-|2393,-5.201627731323242,1369,ggCTGG,ttgtc,AAAAC
14,596,VT6705|1|MEMB006B|+|1870,-5.201627731323242,1369,GGTTTA,CCTGA,TCAGC
15,822,VT6705|1|MEMB006C|-|2241,-0.9537003636360168,1369,GGTATA,TTTGT,TGATG
16,1003,VT6705|1|MEMB007B|-|2631,-4.201627731323241,1369,GGATTA,TCTAA,ACAGT
17,685,VT6705|1|MEMB007C|-|1971,-4.201627731323241,1369,GGATCA,TTTAT,ATCAT
18,976,VT6705|1|MEMB007D|-|2628,1.0925933122634888,1369,AAAACA,TTTAG,CAAAT
19,954,VT6705|1|MEMB008C|-|2478,-2.3073372840881348,1369,cccaat,gttaa,aaaaa
20,775,VT6705|1|dkik|+|2284,-2.193808317184448,1369,AGTCTA,GTTGG,AGTGG
