,raw,orig_species,score,align_position,sequence,5_before,5_after
0,1115,VT6705|1|MEMB002A|+|2626,-6.140227317810059,1512,TGAAAA,CAGTTTTTATT,TATGC
1,1133,VT6705|1|MEMB002B|-|2577,-5.140227317810059,1512,GAATAA,GGGTTTTCATT,CAAGT
2,1246,VT6705|1|MEMB002D|+|2799,0.902116060256958,1512,CAGGTG,ATACTTTTGGC,GATGT
3,1107,VT6705|1|MEMB002E|-|2987,-4.307337284088135,1512,TAAATG,ACAATTTGTTA,TATTT
4,963,VT6705|1|MEMB002F|-|2487,-4.307337284088135,1512,TTAATG,TTTTATTATTA,TGTAT
5,1123,VT6705|1|MEMB003C|+|2695,-6.140227317810059,1512,TGAAAA,GAGTTTTTATT,TATGC
6,1096,VT6705|1|MEMB003F|+|2730,-3.1402273178100586,1512,ATATGA,CAATTTCGTGA,AATTT
7,1141,VT6705|1|MEMB004A|+|2576,-5.140227317810059,1512,GGATAA,GGGTTTTTATT,CAAGT
8,1037,VT6705|1|MEMB004B|-|2641,3.3556277751922607,1512,ATTTTA,CAATTTTTGTA,TTTTT
9,1035,VT6705|1|MEMB005B|+|2806,-4.155333995819092,1512,CATAAT,TTAATTTTTTT,ATTTA
10,1127,VT6705|1|MEMB007B|-|2631,-6.140227317810059,1512,TGAAAA,CAGTTTTTATT,TATGC
