,raw,orig_species,score,align_position,strand,sequence,5_before,5_after
0,773,VT6705|1|MEMB002A|+|2626,-8.555264472961426,975,positive,GAAAAG,AATTG,TTTAA
1,752,VT6705|1|MEMB002B|-|2577,-4.307337284088135,975,positive,GAAATG,AAATG,CTTAA
2,769,VT6705|1|MEMB002C|+|2626,-8.555264472961426,975,positive,GAAAAG,AAATG,TTTAA
3,734,VT6705|1|MEMB002D|+|2799,-1.9537003040313718,975,positive,ATACTC,AAATG,CTACT
4,744,VT6705|1|MEMB002E|-|2987,-4.201627731323241,975,positive,TTATCC,ATTCT,TACTT
5,808,VT6705|1|MEMB002F|-|2487,-0.9921745061874391,975,positive,GAGAAC,CAATA,CCCAA
6,780,VT6705|1|MEMB003C|+|2695,-8.555264472961426,975,positive,GAAAAG,AAATG,TCTAA
7,730,VT6705|1|MEMB003F|+|2730,-1.3458114862442017,975,positive,AGGAGG,ATATG,ATCCC
8,760,VT6705|1|MEMB004A|+|2576,-8.555264472961426,975,positive,GAAAAG,AAATG,CTTAA
9,730,VT6705|1|MEMB004B|-|2641,-6.140227317810059,975,positive,AAAAAA,ATTTA,AATTA
10,757,VT6705|1|MEMB005B|+|2806,-1.9537003040313718,975,positive,TAAATC,CTAAA,TCCTT
11,765,VT6705|1|MEMB005D|-|2393,-2.345811367034912,975,positive,AAGACG,ATATT,ATCCC
12,778,VT6705|1|MEMB007B|-|2631,-8.555264472961426,975,positive,GAAAAG,AAATG,TTTAA
13,715,VT6705|1|MEMB007D|-|2628,-0.9921745061874391,975,positive,AAGAAC,AAATA,CTTAA
14,734,VT6705|1|MEMB008C|-|2478,-2.193808317184448,975,positive,GAGACT,ATCTA,ATTGT
