,raw,orig_species,score,align_position,sequence,5_before,5_after
0,1176,VT6705|1|MEMB002A|+|2626,-3.1553342342376713,2055,AAATAA,ATACA,TACAT
1,1175,VT6705|1|MEMB002B|-|2577,-7.403261661529541,2055,ATGGTA,ATAAG,TATAA
2,1164,VT6705|1|MEMB002C|+|2626,-7.403261661529541,2055,ATGGAA,AGCAC,TAAAA
3,1383,VT6705|1|MEMB002D|+|2799,-4.155333995819092,2055,ATCAGG,GAGGA,CCTAG
4,1650,VT6705|1|MEMB002E|-|2987,-4.403261661529541,2055,ACAGAT,ATAAA,TTATA
5,1009,VT6705|1|MEMB002F|-|2487,-3.1553342342376713,2055,ataaac,ataag,aaCAC
6,929,VT6705|1|MEMB003A|-|2313,-8.555264472961426,2055,CTCTTC,GAATG,CAAAA
7,1191,VT6705|1|MEMB003C|+|2695,-3.1553342342376713,2055,AAATAA,ATAAA,CACAT
8,911,VT6705|1|MEMB003D|+|2291,-3.3073372840881348,2055,CAATTC,GAATG,CAAAA
9,1279,VT6705|1|MEMB003F|+|2730,0.04629964381456375,2055,GAAGAA,ACAAC,TAAAT
10,1183,VT6705|1|MEMB004A|+|2576,-7.403261661529541,2055,ATGGTA,ATAAG,ACAAA
11,1237,VT6705|1|MEMB004B|-|2641,0.04629964381456375,2055,GAAGAT,GCTAA,TTTTA
12,941,VT6705|1|MEMB004E|+|2328,-1.9537003040313718,2055,GAGTTT,GTTAA,TTTTT
13,1415,VT6705|1|MEMB005B|+|2806,-0.9537003636360168,2055,GAGGAT,GTAAA,TTTAA
14,898,VT6705|1|MEMB006A|+|2299,-4.307337284088135,2055,cattaa,atcag,caacc
15,874,VT6705|1|MEMB006C|-|2241,-4.140227317810059,2055,tcGTAT,atcaa,CCTTT
16,1193,VT6705|1|MEMB007B|-|2631,-3.1553342342376713,2055,aaataa,ataat,cacaa
17,1138,VT6705|1|MEMB007D|-|2628,-0.8922998309135437,2055,TAATCC,ATATG,CTATA
18,1067,VT6705|1|MEMB008C|-|2478,-3.1553342342376713,2055,AGCAAT,ATAAA,TAAGT
19,901,VT6705|1|dkik|+|2284,-6.201627731323242,2055,GTTTTC,GAATG,CTTTT
