,raw,orig_species,score,align_position,sequence,5_before,5_after
0,773,VT6705|1|MEMB002A|+|2626,-8.555264472961426,975,CTTTTC,TTTGA,TTAAA
1,752,VT6705|1|MEMB002B|-|2577,-4.307337284088135,975,CATTTC,TCTAA,TTAAG
2,769,VT6705|1|MEMB002C|+|2626,-8.555264472961426,975,CTTTTC,CCTGA,TTAAA
3,734,VT6705|1|MEMB002D|+|2799,-1.9537003040313718,975,GAGTAT,TTTAA,AGTAG
4,744,VT6705|1|MEMB002E|-|2987,-4.201627731323241,975,GGATAA,tCTTA,AAGTA
5,808,VT6705|1|MEMB002F|-|2487,-0.9921745061874391,975,GTTCTC,TTCAA,TTGGG
6,780,VT6705|1|MEMB003C|+|2695,-8.555264472961426,975,CTTTTC,CCTGA,TTAGA
7,730,VT6705|1|MEMB003F|+|2730,-1.3458114862442017,975,CCTCCT,CCTTA,GGGAT
8,760,VT6705|1|MEMB004A|+|2576,-8.555264472961426,975,CTTTTC,TCTAA,TTAAG
9,730,VT6705|1|MEMB004B|-|2641,-6.140227317810059,975,TTTTTT,TTTAA,TAATT
10,757,VT6705|1|MEMB005B|+|2806,-1.9537003040313718,975,GATTta,CTTAG,aagga
11,765,VT6705|1|MEMB005D|-|2393,-2.345811367034912,975,CGTCTT,CCTTT,GGGAT
12,778,VT6705|1|MEMB007B|-|2631,-8.555264472961426,975,CTTTTC,CCTGA,TTAAA
13,715,VT6705|1|MEMB007D|-|2628,-0.9921745061874391,975,GTTCTT,CGTGA,TTAAG
14,734,VT6705|1|MEMB008C|-|2478,-2.193808317184448,975,AGTCTC,CCTCA,ACAAT
