,raw,orig_species,score,align_position,sequence,5_before,5_after
0,1475,VT6705|1|MEMB002E|-|2987,-3.1553342342376713,1880,AATGCA,AAAAA,TGTAC
1,1151,VT6705|1|MEMB003F|+|2730,-4.201627731323241,1880,GGATTA,ataAT,ATTTT
2,1173,VT6705|1|MEMB004B|-|2641,-8.403262138366701,1880,ATGTAT,TTAAA,TACTT
3,1327,VT6705|1|MEMB005B|+|2806,-3.1553342342376713,1880,AAATTC,attta,AACTT
