,raw,orig_species,score,align_position,sequence,5_before,5_after
0,633,VT6705|1|MEMB002A|+|2626,-3.1553342342376713,828,AAATGA,GCATC,TTTCG
1,613,VT6705|1|MEMB002B|-|2577,-3.1553342342376713,828,AAATGA,GAATC,CTTCC
2,628,VT6705|1|MEMB002C|+|2626,-3.1553342342376713,828,AAATGA,GCATC,TTTCG
3,612,VT6705|1|MEMB002D|+|2799,-4.201627731323241,828,GGATTA,GCATC,TTAAG
4,624,VT6705|1|MEMB002E|-|2987,-1.1938083171844482,828,AGACTA,GTAGC,TTAAG
5,677,VT6705|1|MEMB002F|-|2487,-3.1553342342376713,828,AAATGA,GCATT,GTCCG
6,612,VT6705|1|MEMB003A|-|2313,-5.201627731323242,828,GGGTTA,GCATC,TTAAG
7,625,VT6705|1|MEMB003B|+|2047,-4.201627731323241,828,GGATGA,GCATC,TTAAG
8,639,VT6705|1|MEMB003C|+|2695,-3.1553342342376713,828,AAATGA,GCATC,TTTCG
9,593,VT6705|1|MEMB003D|+|2291,-5.201627731323242,828,GGGTTA,GCATC,TTAAG
10,629,VT6705|1|MEMB003F|+|2730,-4.201627731323241,828,GGATTA,GCATC,TTAAG
11,619,VT6705|1|MEMB004A|+|2576,-3.1553342342376713,828,AAATGA,GAATA,CTTCG
12,611,VT6705|1|MEMB004B|-|2641,-4.201627731323241,828,GGATTA,GCATC,TTAAG
13,595,VT6705|1|MEMB004E|+|2328,-4.201627731323241,828,GGATTA,GCATC,TTAAG
14,634,VT6705|1|MEMB005B|+|2806,-4.201627731323241,828,GGATTA,GCATC,TTAAG
15,643,VT6705|1|MEMB005D|-|2393,-4.201627731323241,828,GGATTA,GCATT,TTAAG
16,662,VT6705|1|MEMB006A|+|2299,-4.201627731323241,828,GGATTA,GCATT,TTAAG
17,504,VT6705|1|MEMB006B|+|1870,-4.201627731323241,828,GGATTA,GCATT,TTAAG
18,652,VT6705|1|MEMB006C|-|2241,-4.201627731323241,828,GGATTA,GCATC,TTAAG
19,638,VT6705|1|MEMB007B|-|2631,-3.1553342342376713,828,AAATGA,GCATC,TTTCG
20,606,VT6705|1|MEMB007C|-|1971,-4.201627731323241,828,GGATTA,GCATC,TTAAG
21,595,VT6705|1|MEMB007D|-|2628,-3.1553342342376713,828,AAATGA,GCATC,TTACG
22,618,VT6705|1|MEMB008C|-|2478,-4.201627731323241,828,GGATTA,GCATC,TTAAG
23,610,VT6705|1|dkik|+|2284,-5.201627731323242,828,GGGTTA,GCATC,TTAAG
