,raw,orig_species,score,align_position,sequence,5_before,5_after
0,445,VT40548|1|MEMB002F|-|2939,-3.2016279697418213,672,GACAGC,GCCGA,TAAGA
1,453,VT40548|1|MEMB003C|+|2757,-4.155333995819092,672,GCAGTT,GGCCG,GAGCA
2,423,VT40548|1|MEMB004B|+|2863,-1.8922997713088991,672,CCAATA,ACAAG,CAAAG
3,543,VT40548|1|MEMB005B|-|2969,-5.140227317810059,672,GGATAA,CAGGA,AAAGC
4,445,VT40548|1|MEMB006C|+|2749,-6.555264949798584,672,CGAAGG,TAATA,GAGGC
5,481,VT40548|1|MEMB007D|-|2770,-3.1553342342376713,672,TACATT,GTATA,CAGGA
