,raw,orig_species,score,align_position,sequence,5_before,5_after
0,613,VT40548|1|MEMB002A|+|1332,-1.8922997713088991,3011,TTTCAA,TCAATTAAAGT,TCCTC
1,1767,VT40548|1|MEMB002B|-|2476,-1.8922997713088991,3011,TTTCAA,TCAATTAAAGT,ACCAC
2,1695,VT40548|1|MEMB002C|-|2397,-1.8922997713088991,3011,TTTCAA,TCAATTAAAGT,TCCTC
3,1669,VT40548|1|MEMB002D|-|2274,-0.8922998309135437,3011,TTTTAA,TCAGTTGAAGT,ACCGC
4,984,VT40548|1|MEMB002E|-|1581,-0.8922998309135437,3011,CTTTAA,TCAGTCGAAGT,ACCGC
5,2229,VT40548|1|MEMB002F|-|2939,-1.8922997713088991,3011,TTTCAA,TCAATTTAAAT,ACCGC
6,1469,VT40548|1|MEMB003B|+|2247,-0.8922998309135437,3011,CTTTAA,TCAACTTAAGT,GCCGC
7,2055,VT40548|1|MEMB003C|+|2757,-1.8922997713088991,3011,TCTCAA,TCAATTAAAGT,TACTC
8,633,VT40548|1|MEMB003F|-|1282,-0.8922998309135437,3011,TTTTAA,TCAATTGAAGT,ACTGC
9,1766,VT40548|1|MEMB004A|+|2458,-1.8922997713088991,3011,TTTCAA,TCAATTAAAGT,ACCAC
10,627,VT40548|1|MEMB004E|+|1242,-5.140227317810059,3011,GGATAA,TCAATTGAAGT,AATCT
11,1703,VT40548|1|MEMB005D|-|2297,-0.8922998309135437,3011,TTTTAA,GATTTCGATTT,TACGC
12,1692,VT40548|1|MEMB006A|-|2301,-0.8922998309135437,3011,TTTTAA,GCAATAGACGC,ACCGC
13,1976,VT40548|1|MEMB006B|+|2605,-0.8922998309135437,3011,CTTTAA,TCAATTTAAAT,ACCGC
14,2095,VT40548|1|MEMB006C|+|2749,-0.8922998309135437,3011,TTTTAA,TCAATTGAAGT,AGCGC
15,1678,VT40548|1|MEMB007B|+|2377,-1.8922997713088991,3011,TTTCAA,TCAATTAAAGT,ACCTC
16,1434,VT40548|1|MEMB007C|-|2055,-4.140227317810059,3011,CTCTAA,TCAACTTAAGT,ACCGC
17,1980,VT40548|1|MEMB007D|-|2770,-7.555264949798584,3011,TTATAG,GCATCTGAAGT,ACCGC
