,raw,orig_species,score,align_position,sequence,5_before,5_after
0,733,VT40548|1|MEMB002F|-|2939,-4.201627731323241,960,GGATAA,GAAAA,TAAAG
1,646,VT40548|1|MEMB003C|+|2757,3.3171534538269043,960,TATCGC,TTTTG,TTAAA
2,656,VT40548|1|MEMB004B|+|2863,-2.155334234237671,960,ACGATT,CTTAA,TTAGC
3,801,VT40548|1|MEMB005B|-|2969,-1.155334234237671,960,ACAATT,CTTAA,TTAGC
4,527,VT40548|1|MEMB006B|+|2605,-2.1402273178100586,960,TCAGTT,CTCTT,TTACC
5,692,VT40548|1|MEMB006C|+|2749,-2.155334234237671,960,ACTATT,CTTAA,TTAGC
