,raw,orig_species,score,align_position,sequence,5_before,5_after
0,716,VT40548|1|MEMB002A|+|1332,-0.9537003636360168,3327,GAGGGA,CAAGA,ATTGA
1,1878,VT40548|1|MEMB002B|-|2476,-1.3073372840881348,3327,CCAAGA,AAGAT,GAAAA
2,1798,VT40548|1|MEMB002C|-|2397,2.294227123260498,3327,GAGAGA,CAAGA,ATTGA
3,1754,VT40548|1|MEMB002D|-|2274,-0.8922998309135437,3327,TAATCT,CCTTA,TGTAA
4,2386,VT40548|1|MEMB002F|-|2939,3.3556277751922607,3327,TAAAGA,AAAAA,AAAAC
5,1723,VT40548|1|MEMB003B|+|2247,4.317153453826903,3327,TAACCA,TAGTT,TTTAA
6,2158,VT40548|1|MEMB003C|+|2757,2.294227123260498,3327,GAGAGA,CAAGA,ATTGA
7,740,VT40548|1|MEMB003F|-|1282,3.3556277751922607,3327,TAAACT,CCGTT,TTTAA
8,1877,VT40548|1|MEMB004A|+|2458,-3.1402273178100586,3327,TGAGTT,AAGAT,TTTTT
9,2317,VT40548|1|MEMB004B|+|2863,3.3556277751922607,3327,TAAACT,CCGTT,TATAA
10,731,VT40548|1|MEMB004E|+|1242,2.3556277751922607,3327,TACAAT,ACGTT,TTTAA
11,2478,VT40548|1|MEMB005B|-|2969,3.3556277751922607,3327,TAAACT,CCGTT,TTTAA
12,2080,VT40548|1|MEMB006B|+|2605,3.3556277751922607,3327,TAAAGA,CCATT,TTTAA
13,2202,VT40548|1|MEMB006C|+|2749,-0.8922998309135437,3327,TTAACT,CCGTT,TTTAA
14,1777,VT40548|1|MEMB007B|+|2377,2.294227123260498,3327,GAGAGA,CAAGA,ATTTA
15,1531,VT40548|1|MEMB007C|-|2055,-5.140227317810059,3327,TTATCC,TTAGT,TTTTA
16,2151,VT40548|1|MEMB007D|-|2770,-1.1938083171844482,3327,AGACAT,TGTGT,ATAGA
17,1078,VT40548|1|MEMB008C|+|1578,3.3556277751922607,3327,TAAAGT,CCGTT,TTTAA
