,raw,orig_species,score,align_position,sequence,5_before,5_after
0,887,VT40548|1|MEMB002B|-|2476,-4.201627731323241,1963,GGATAA,TGTTT,AACTA
1,811,VT40548|1|MEMB002C|-|2397,-3.2016279697418213,1963,GCATAG,TGTTT,AATTA
2,787,VT40548|1|MEMB002D|-|2274,-4.201627731323241,1963,GCGTGG,TGTTT,TAACT
3,111,VT40548|1|MEMB002E|-|1581,-3.2016279697418213,1963,GCATGG,TGTTT,AACTT
4,1304,VT40548|1|MEMB002F|-|2939,-3.2016279697418213,1963,GCATAG,TGTTT,AATTA
5,1180,VT40548|1|MEMB003C|+|2757,-3.2016279697418213,1963,GCATAG,TGTTT,AATTA
6,886,VT40548|1|MEMB004A|+|2458,-4.201627731323241,1963,GGATAA,TGTTT,AACTA
7,1387,VT40548|1|MEMB004B|+|2863,-3.2016279697418213,1963,GCATGG,TGTTT,ATTAG
8,1536,VT40548|1|MEMB005B|-|2969,-3.2016279697418213,1963,GCATGG,GGTTT,ATTAG
9,813,VT40548|1|MEMB005D|-|2297,-3.2016279697418213,1963,GCATTA,TGTCT,AATAT
10,797,VT40548|1|MEMB006A|-|2301,-3.2016279697418213,1963,GCATAA,TGTCT,AATAT
11,1071,VT40548|1|MEMB006B|+|2605,-3.2016279697418213,1963,GCATAG,GTTTG,AACTG
12,1207,VT40548|1|MEMB006C|+|2749,-3.2016279697418213,1963,GCATGA,TGTTT,ATAAG
13,786,VT40548|1|MEMB007B|+|2377,-3.2016279697418213,1963,GCATAG,TGTTT,AATTA
14,1083,VT40548|1|MEMB007D|-|2770,2.0078256130218506,1963,GCACTA,GTCCA,GAATT
15,110,VT40548|1|MEMB008C|+|1578,-3.2016279697418213,1963,GCATGG,TGTTT,ACTAG
