,raw,orig_species,score,align_position,sequence,5_before,5_after
0,1198,VT40548|1|MEMB002A|+|1332,4.317153453826903,3902,GGGTTA,GTCAGTGAGGA,GGTAA
1,2338,VT40548|1|MEMB002B|-|2476,-0.8922998309135437,3902,GGATTA,GTCAGTAAGGA,GTTAC
2,2263,VT40548|1|MEMB002C|-|2397,-0.8922998309135437,3902,GGATTA,GTCAGTGAGGA,GGTAA
3,2137,VT40548|1|MEMB002D|-|2274,-0.8922998309135437,3902,GAATTA,GTAGTTAGGAC,CTTTA
4,1444,VT40548|1|MEMB002E|-|1581,-0.8922998309135437,3902,GAATTA,GTAGTTAGTAT,CTATA
5,2802,VT40548|1|MEMB002F|-|2939,-0.8922998309135437,3902,GGATTA,GTTATTGAGGA,CTTGA
6,991,VT40548|1|MEMB003A|-|1120,-0.8922998309135437,3902,GAATTA,GTTAGTTAGTG,GTTGA
7,2110,VT40548|1|MEMB003B|+|2247,3.3556277751922607,3902,GTTTTA,GATAGTTAGTA,TATAA
8,2623,VT40548|1|MEMB003C|+|2757,-0.8922998309135437,3902,GGATTA,GTCAGTGAGGA,GGTAA
9,1026,VT40548|1|MEMB003D|-|1155,-0.8922998309135437,3902,GAATTA,GTTAGTTAGTA,GTTGA
10,1142,VT40548|1|MEMB003F|-|1282,4.317153453826903,3902,GAGTTA,GTTAGTATAGC,GTTTA
11,2320,VT40548|1|MEMB004A|+|2458,-0.8922998309135437,3902,GGATTA,GTCAGTAAGGA,GTTAC
12,2723,VT40548|1|MEMB004B|+|2863,4.317153453826903,3902,GAGTTA,GTTAGTATAAG,GTTTA
13,1102,VT40548|1|MEMB004E|+|1242,4.317153453826903,3902,TAGTTA,GTTAGTTACAA,GTTCA
14,2829,VT40548|1|MEMB005B|-|2969,4.317153453826903,3902,GAGTTA,TTTAGTATAAG,GTTTA
15,2157,VT40548|1|MEMB005D|-|2297,-0.8922998309135437,3902,GAATTA,GTTAGTATGAG,GTTTG
16,2161,VT40548|1|MEMB006A|-|2301,3.3556277751922607,3902,GATTTA,GTTAGTTAGTA,GTTTG
17,2465,VT40548|1|MEMB006B|+|2605,-0.8922998309135437,3902,GAATTA,GTTTAGGAGAG,GTTTA
18,2609,VT40548|1|MEMB006C|+|2749,4.317153453826903,3902,GAGTTA,GTTAGTACAAG,GTTTA
19,2243,VT40548|1|MEMB007B|+|2377,-0.8922998309135437,3902,GGATTA,GTCAGTGGGGA,GCTAA
20,1915,VT40548|1|MEMB007C|-|2055,-0.8922998309135437,3902,GAATTA,GATAGTTAGTA,GTTTA
21,2630,VT40548|1|MEMB007D|-|2770,-0.8922998309135437,3902,GAATTA,GTCAGTGAGTA,GTTTG
22,1438,VT40548|1|MEMB008C|+|1578,4.317153453826903,3902,GAGTTA,GCTAGTATAAG,GTTTA
23,893,VT40548|1|dkik|+|1022,-0.8922998309135437,3902,GAATTA,GTTAGTTAGTA,GTTGA
