,raw,orig_species,score,align_position,strand,sequence,5_before,5_after
0,656,VT40548|1|MEMB002A|+|1332,-0.8922998309135437,3244,positive,TAATTA,AATTA,TCATT
1,1827,VT40548|1|MEMB002B|-|2476,4.317153453826903,3244,positive,TGGTTA,AATGG,TAATA
2,1738,VT40548|1|MEMB002C|-|2397,-0.8922998309135437,3244,positive,TGATTA,AATGG,TCATT
3,1721,VT40548|1|MEMB002D|-|2274,-1.8922997713088991,3244,positive,TGAATA,AGTCA,CCGAA
4,1044,VT40548|1|MEMB002E|-|1581,1.054119110107422,3244,positive,TGGATT,AGTAC,ACGAG
5,2306,VT40548|1|MEMB002F|-|2939,3.3171534538269043,3244,positive,TGGCTA,AGTGC,GAATA
6,1699,VT40548|1|MEMB003B|+|2247,3.3556277751922607,3244,positive,TGTTTA,AATGC,CTAAG
7,2098,VT40548|1|MEMB003C|+|2757,-0.8922998309135437,3244,positive,GGATTA,AATGG,TCATT
8,707,VT40548|1|MEMB003F|-|1282,-1.8922997713088991,3244,positive,TGAATA,ATTAC,TTCAG
9,1826,VT40548|1|MEMB004A|+|2458,4.317153453826903,3244,positive,TGGTTA,AATGG,TAATA
10,2284,VT40548|1|MEMB004B|+|2863,2.3556277751922607,3244,positive,TGTGTA,AATCA,TAAAG
11,698,VT40548|1|MEMB004E|+|1242,3.3171534538269043,3244,positive,TCGATA,AATAC,CTGAG
12,2437,VT40548|1|MEMB005B|-|2969,0.06922604143619537,3244,positive,TGGACA,AATAC,TTAAG
13,1754,VT40548|1|MEMB005D|-|2297,3.3171534538269043,3244,positive,TGGATA,AAAAT,CTGAA
14,1737,VT40548|1|MEMB006A|-|2301,3.3171534538269043,3244,positive,TGGATA,AAAAC,CTGAA
15,2049,VT40548|1|MEMB006B|+|2605,3.3171534538269043,3244,positive,TGGATA,AATAT,CTGAG
16,2169,VT40548|1|MEMB006C|+|2749,3.3171534538269043,3244,positive,TCGATA,AATAC,CTGAG
17,1718,VT40548|1|MEMB007B|+|2377,1.0692260265350342,3244,positive,TGGTCA,AATGG,TCATA
18,1508,VT40548|1|MEMB007C|-|2055,3.3556277751922607,3244,positive,TGTTTA,AATGC,CGAAG
19,2101,VT40548|1|MEMB007D|-|2770,-1.8922997713088991,3244,positive,TGAATA,GAAAT,CTAGG
20,1045,VT40548|1|MEMB008C|+|1578,3.3171534538269043,3244,positive,AGGATA,AATAC,CTAAG
