,raw,orig_species,score,align_position,sequence,5_before,5_after
0,698,VT40548|1|MEMB002A|+|1332,1.1077002286911009,3306,GATTGA,GTGTT,TATTC
1,1866,VT40548|1|MEMB002B|-|2476,1.1077002286911009,3306,GATTGA,GTGTT,TCTTC
2,1780,VT40548|1|MEMB002C|-|2397,1.1077002286911009,3306,GATTGA,GTGTT,TATTC
3,1745,VT40548|1|MEMB002D|-|2274,-5.140227317810059,3306,GGATAA,GTAAA,TATAA
4,2368,VT40548|1|MEMB002F|-|2939,1.1077002286911009,3306,TGTTGA,GTGCT,TCTTC
5,2140,VT40548|1|MEMB003C|+|2757,1.1077002286911009,3306,GATTGA,GTGTT,TATTC
6,730,VT40548|1|MEMB003F|-|1282,-1.8922997713088991,3306,GCTAAA,GTAAA,AAACG
7,1865,VT40548|1|MEMB004A|+|2458,1.1077002286911009,3306,GATTGA,GTGTT,TCTTC
8,721,VT40548|1|MEMB004E|+|1242,-1.8922997713088991,3306,TATAAA,GTAAA,AAACG
9,2460,VT40548|1|MEMB005B|-|2969,-1.8922997713088991,3306,GATAAA,GTAGC,AGACG
10,1760,VT40548|1|MEMB006A|-|2301,-5.140227317810059,3306,CTATAA,GTAAA,ATAAG
11,2192,VT40548|1|MEMB006C|+|2749,-1.8922997713088991,3306,GATAAA,GTAAA,AAACG
12,1759,VT40548|1|MEMB007B|+|2377,1.1077002286911009,3306,GATTGA,GTGTT,TCTTC
13,2130,VT40548|1|MEMB007D|-|2770,1.1077002286911009,3306,ACTTGA,GCGAA,AGATC
14,1068,VT40548|1|MEMB008C|+|1578,-1.8922997713088991,3306,GATAAA,GTAGA,AAACG
