,raw,orig_species,score,align_position,strand,sequence,5_before,5_after
0,328,VT40548|1|MEMB002A|+|1332,4.317153453826903,2649,positive,GTGTTA,TTCGA,AAAGG
1,1482,VT40548|1|MEMB002B|-|2476,-0.8922998309135437,2649,positive,GTATTA,TTCGA,AGAAG
2,1410,VT40548|1|MEMB002C|-|2397,4.317153453826903,2649,positive,GAGTTA,TTCGA,AAACG
3,1371,VT40548|1|MEMB002D|-|2274,-0.8922998309135437,2649,positive,GGATTA,TTTCC,AAAGG
4,683,VT40548|1|MEMB002E|-|1581,-0.8922998309135437,2649,positive,GTATTA,TTTCC,AAAGG
5,1911,VT40548|1|MEMB002F|-|2939,-0.8922998309135437,2649,positive,GAATTA,TCCGA,AAAAG
6,454,VT40548|1|MEMB003A|-|1120,4.317153453826903,2649,positive,GCGTTA,AGGAC,AAAAG
7,1180,VT40548|1|MEMB003B|+|2247,4.317153453826903,2649,positive,GCGTTA,GTTCC,CAAAA
8,1772,VT40548|1|MEMB003C|+|2757,4.317153453826903,2649,positive,GTGTTA,TTAGA,AAAGG
9,453,VT40548|1|MEMB003D|-|1155,4.317153453826903,2649,positive,GCGTTA,AGGAC,AAAAG
10,339,VT40548|1|MEMB003F|-|1282,4.317153453826903,2649,positive,GAGTTA,TTTTC,TAAAA
11,1481,VT40548|1|MEMB004A|+|2458,-0.8922998309135437,2649,positive,GTATTA,TTCGA,AGAAG
12,1966,VT40548|1|MEMB004B|+|2863,4.317153453826903,2649,positive,GCGTTA,TTTCC,TAAAA
13,328,VT40548|1|MEMB004E|+|1242,-3.1402273178100586,2649,positive,GACTCA,TGTCC,TAAAG
14,2086,VT40548|1|MEMB005B|-|2969,4.317153453826903,2649,positive,GAGTTA,TTTCC,TTAAA
15,1417,VT40548|1|MEMB005D|-|2297,4.317153453826903,2649,positive,GAGTTA,GATAC,AAATG
16,1388,VT40548|1|MEMB006A|-|2301,4.317153453826903,2649,positive,GAGTTA,TAAAC,AAATG
17,1672,VT40548|1|MEMB006B|+|2605,4.317153453826903,2649,positive,GCGTTA,TGTTC,CAAAA
18,1794,VT40548|1|MEMB006C|+|2749,4.317153453826903,2649,positive,GTGTTA,TTTCC,TAAAA
19,1387,VT40548|1|MEMB007B|+|2377,4.317153453826903,2649,positive,GTGTTA,TTCGA,AAAGA
20,1151,VT40548|1|MEMB007C|-|2055,4.317153453826903,2649,positive,GCGTTA,GAGAG,CAAAA
21,1690,VT40548|1|MEMB007D|-|2770,-0.8922998309135437,2649,positive,GTATTA,ATCTT,AAAAG
22,695,VT40548|1|MEMB008C|+|1578,4.317153453826903,2649,positive,GAGTTA,TTTCC,TAAAA
23,334,VT40548|1|dkik|+|1022,4.317153453826903,2649,positive,GCGTTA,AGGAC,AAAAG
