,raw,orig_species,score,align_position,strand,sequence,5_before,5_after
0,681,VT40548|1|MEMB002A|+|1332,-0.8922998309135437,3269,positive,TTTTAA,CTTTT,CCAGA
1,1852,VT40548|1|MEMB002B|-|2476,0.10770019143819808,3269,positive,AGTAGA,CTTTT,TTCCC
2,1763,VT40548|1|MEMB002C|-|2397,3.3556277751922607,3269,positive,TTTTTA,CTTTT,CCAGA
3,1741,VT40548|1|MEMB002D|-|2274,0.06922604143619537,3269,positive,AAGTAA,AATCC,AGGAT
4,1064,VT40548|1|MEMB002E|-|1581,-1.8922997713088991,3269,positive,GTTAAA,ATAAC,AACAA
5,2331,VT40548|1|MEMB002F|-|2939,-8.403262138366701,3269,positive,TGAAAT,ATGTT,ACAGA
6,1717,VT40548|1|MEMB003B|+|2247,-4.140227317810059,3269,positive,AACTAA,CCTAA,GGTTA
7,2123,VT40548|1|MEMB003C|+|2757,-0.8922998309135437,3269,positive,TTTTAA,CTTTT,CCAGA
8,701,VT40548|1|MEMB003D|-|1155,-0.9307739734649658,3269,positive,TGGGAA,TACCG,TTTTT
9,726,VT40548|1|MEMB003F|-|1282,0.06922604143619537,3269,positive,AAGTAA,TCTTC,GGCTA
10,1851,VT40548|1|MEMB004A|+|2458,0.10770019143819808,3269,positive,AGTAGA,CTTTT,TTCCC
11,2308,VT40548|1|MEMB004B|+|2863,-5.140227317810059,3269,positive,GGATAA,CTACT,TAAAC
12,717,VT40548|1|MEMB004E|+|1242,0.06922604143619537,3269,positive,AAGTAA,TCCTG,GTATA
13,2457,VT40548|1|MEMB005B|-|2969,-1.8922997713088991,3269,positive,AAAGTA,TTCTT,CGGAT
14,1773,VT40548|1|MEMB005D|-|2297,-4.140227317810059,3269,positive,AACTAA,TCCTG,GTACA
15,1756,VT40548|1|MEMB006A|-|2301,0.06922604143619537,3269,positive,AAGTAA,TTCTG,GCTAT
16,2069,VT40548|1|MEMB006B|+|2605,-8.555264472961426,3269,positive,ATAAAG,GTTCT,AATGG
17,2188,VT40548|1|MEMB006C|+|2749,0.06922604143619537,3269,positive,AAGTAA,TGCTG,GGATA
18,1743,VT40548|1|MEMB007B|+|2377,-0.8922998309135437,3269,positive,TTTTAA,CTTTT,TCGTT
19,1526,VT40548|1|MEMB007C|-|2055,-4.140227317810059,3269,positive,AACTAA,CCGAA,GGATA
20,2126,VT40548|1|MEMB007D|-|2770,1.0692260265350342,3269,positive,GAGCGA,AGATT,CACTT
21,1064,VT40548|1|MEMB008C|+|1578,-2.345811367034912,3269,positive,AAGTAG,TCCTA,GGATA
