,raw,orig_species,score,align_position,sequence,5_before,5_after
0,681,VT40548|1|MEMB002A|+|1332,-0.8922998309135437,3269,TTAAAA,TTTTC,TCTGG
1,1852,VT40548|1|MEMB002B|-|2476,0.10770019143819808,3269,TCTACT,TTCTT,GGGAA
2,1763,VT40548|1|MEMB002C|-|2397,3.3556277751922607,3269,TAAAAA,TTTTC,TCTGG
3,1741,VT40548|1|MEMB002D|-|2274,0.06922604143619537,3269,TTACTT,TTTGT,ATCCT
4,1064,VT40548|1|MEMB002E|-|1581,-1.8922997713088991,3269,TTTAAC,TTTGT,TTGTT
5,2331,VT40548|1|MEMB002F|-|2939,-8.403262138366701,3269,ATTTCA,TTTAT,TCTGT
6,1717,VT40548|1|MEMB003B|+|2247,-4.140227317810059,3269,TTAGTT,TTTGC,TAACC
7,2123,VT40548|1|MEMB003C|+|2757,-0.8922998309135437,3269,TTAAAA,TTTTC,TCTGG
8,701,VT40548|1|MEMB003D|-|1155,-0.9307739734649658,3269,TTCCCA,ACTCT,AAAAA
9,726,VT40548|1|MEMB003F|-|1282,0.06922604143619537,3269,TTACTT,GTTGT,TAGCC
10,1851,VT40548|1|MEMB004A|+|2458,0.10770019143819808,3269,TCTACT,TTCTT,GGGAA
11,2308,VT40548|1|MEMB004B|+|2863,-5.140227317810059,3269,TTATCC,CTACT,GTTTA
12,717,VT40548|1|MEMB004E|+|1242,0.06922604143619537,3269,TTACTT,TTTGT,TATAC
13,2457,VT40548|1|MEMB005B|-|2969,-1.8922997713088991,3269,TACTTT,TTGGC,ATCCG
14,1773,VT40548|1|MEMB005D|-|2297,-4.140227317810059,3269,TTAGTT,TTGGT,TGTAC
15,1756,VT40548|1|MEMB006A|-|2301,0.06922604143619537,3269,TTACTT,TTGGT,ATAGC
16,2069,VT40548|1|MEMB006B|+|2605,-8.555264472961426,3269,CTTTAT,TTTTG,CCATT
17,2188,VT40548|1|MEMB006C|+|2749,0.06922604143619537,3269,TTACTT,TTGGT,TATCC
18,1743,VT40548|1|MEMB007B|+|2377,-0.8922998309135437,3269,TTAAAA,TTTTA,AACGA
19,1526,VT40548|1|MEMB007C|-|2055,-4.140227317810059,3269,TTAGTT,TTTGT,TATCC
20,2126,VT40548|1|MEMB007D|-|2770,1.0692260265350342,3269,TCGCTC,TTAAT,AAGTG
21,1064,VT40548|1|MEMB008C|+|1578,-2.345811367034912,3269,CTACTT,TTTGT,TATCC
