,raw,orig_species,score,align_position,strand,sequence,5_before,5_after
0,381,VT40548|1|MEMB002A|+|1332,-0.8922998309135437,2703,positive,GGATTA,GTGAA,TTAGG
1,1535,VT40548|1|MEMB002B|-|2476,-0.8922998309135437,2703,positive,GGATTA,GTGAA,TTAGT
2,1463,VT40548|1|MEMB002C|-|2397,-0.8922998309135437,2703,positive,GGATTA,GTGAA,TTAGT
3,1424,VT40548|1|MEMB002D|-|2274,0.10770019143819808,2703,positive,GTCTTA,GTAAA,TTAGT
4,736,VT40548|1|MEMB002E|-|1581,-0.8922998309135437,2703,positive,GGATTA,GTAAA,TTAGT
5,1964,VT40548|1|MEMB002F|-|2939,-0.8922998309135437,2703,positive,GGATTA,GTGAA,TTAGT
6,488,VT40548|1|MEMB003A|-|1120,-0.8922998309135437,2703,positive,GGATTA,GTAAA,TTAGT
7,1233,VT40548|1|MEMB003B|+|2247,-0.8922998309135437,2703,positive,TGATTA,GGTGA,TAAGT
8,1825,VT40548|1|MEMB003C|+|2757,-0.8922998309135437,2703,positive,GGATTA,GTGAA,TTAGT
9,506,VT40548|1|MEMB003D|-|1155,-0.8922998309135437,2703,positive,GGATTA,GTAAA,TTAGT
10,391,VT40548|1|MEMB003F|-|1282,-0.8922998309135437,2703,positive,GGATTA,GTAAA,TTAGG
11,1534,VT40548|1|MEMB004A|+|2458,-0.8922998309135437,2703,positive,GGATTA,GTGAA,TTAGT
12,2018,VT40548|1|MEMB004B|+|2863,-0.8922998309135437,2703,positive,AGATTA,GTAAA,TTAGA
13,380,VT40548|1|MEMB004E|+|1242,-0.8922998309135437,2703,positive,GGATTA,GTAAA,TTAGG
14,2132,VT40548|1|MEMB005B|-|2969,-0.8922998309135437,2703,positive,GGATTA,GCACC,TTGGG
15,1471,VT40548|1|MEMB005D|-|2297,-0.8922998309135437,2703,positive,GGATTA,GGGAA,TTAGT
16,1442,VT40548|1|MEMB006A|-|2301,-0.8922998309135437,2703,positive,GGATTA,GGGAA,TTAGT
17,1724,VT40548|1|MEMB006B|+|2605,-0.8922998309135437,2703,positive,AGATTA,GTGAA,TTAGT
18,1846,VT40548|1|MEMB006C|+|2749,-0.8922998309135437,2703,positive,GGATTA,GTACA,TTAGG
19,1440,VT40548|1|MEMB007B|+|2377,-0.8922998309135437,2703,positive,GGATTA,GTGAA,TTAGT
20,1203,VT40548|1|MEMB007C|-|2055,-0.8922998309135437,2703,positive,AGATTA,GGGCA,TTAGT
21,1743,VT40548|1|MEMB007D|-|2770,-3.3073372840881348,2703,positive,AAATTG,GTGAG,CTAGT
22,747,VT40548|1|MEMB008C|+|1578,-0.8922998309135437,2703,positive,CGATTA,GTAAA,TTGGG
23,387,VT40548|1|dkik|+|1022,-0.8922998309135437,2703,positive,GGATTA,GTAAA,TTAGT
