,raw,orig_species,score,align_position,sequence,5_before,5_after
0,537,VT40548|1|MEMB002F|-|2939,-3.345811367034912,764,CTTCGA,ATCGA,TAGAG
1,490,VT40548|1|MEMB004B|+|2863,-4.201627731323241,764,GGATAA,ACGAT,TAGCA
2,612,VT40548|1|MEMB005B|-|2969,-4.201627731323241,764,GGATAA,ACGAT,TATGG
3,514,VT40548|1|MEMB006C|+|2749,-5.403261661529541,764,ACATAA,CCGAT,AATGT
