,raw,orig_species,score,align_position,sequence,5_before,5_after
0,328,VT40548|1|MEMB002A|+|1332,4.317153453826903,2649,GTGTTA,TTCATTTTCGA,AAAGG
1,1482,VT40548|1|MEMB002B|-|2476,-0.8922998309135437,2649,GTATTA,TTAATTTTCGA,AGAAG
2,1410,VT40548|1|MEMB002C|-|2397,4.317153453826903,2649,GAGTTA,TTCATTTTCGA,AAACG
3,1371,VT40548|1|MEMB002D|-|2274,-0.8922998309135437,2649,GGATTA,TTAATTTTTCC,AAAGG
4,683,VT40548|1|MEMB002E|-|1581,-0.8922998309135437,2649,GTATTA,TTAATTTTTCC,AAAGG
5,1911,VT40548|1|MEMB002F|-|2939,-0.8922998309135437,2649,GAATTA,TTAATATCCGA,AAAAG
6,454,VT40548|1|MEMB003A|-|1120,4.317153453826903,2649,GCGTTA,TTAGCGAGGAC,AAAAG
7,1180,VT40548|1|MEMB003B|+|2247,4.317153453826903,2649,GCGTTA,TTAATTGTTCC,CAAAA
8,1772,VT40548|1|MEMB003C|+|2757,4.317153453826903,2649,GTGTTA,TTAATTTTAGA,AAAGG
9,453,VT40548|1|MEMB003D|-|1155,4.317153453826903,2649,GCGTTA,TTTACGAGGAC,AAAAG
10,339,VT40548|1|MEMB003F|-|1282,4.317153453826903,2649,GAGTTA,TTAATTTTTTC,TAAAA
11,1481,VT40548|1|MEMB004A|+|2458,-0.8922998309135437,2649,GTATTA,TTAATTTTCGA,AGAAG
12,1966,VT40548|1|MEMB004B|+|2863,4.317153453826903,2649,GCGTTA,TTACGTTTTCC,TAAAA
13,328,VT40548|1|MEMB004E|+|1242,-3.1402273178100586,2649,GACTCA,TTAATTTGTCC,TAAAG
14,2086,VT40548|1|MEMB005B|-|2969,4.317153453826903,2649,GAGTTA,TTAAGTTTTCC,TTAAA
15,1417,VT40548|1|MEMB005D|-|2297,4.317153453826903,2649,GAGTTA,TTAATTGATAC,AAATG
16,1388,VT40548|1|MEMB006A|-|2301,4.317153453826903,2649,GAGTTA,TTAATTTAAAC,AAATG
17,1672,VT40548|1|MEMB006B|+|2605,4.317153453826903,2649,GCGTTA,TTAATTTGTTC,CAAAA
18,1794,VT40548|1|MEMB006C|+|2749,4.317153453826903,2649,GTGTTA,TTAATATTTCC,TAAAA
19,1387,VT40548|1|MEMB007B|+|2377,4.317153453826903,2649,GTGTTA,TTCATTTTCGA,AAAGA
20,1151,VT40548|1|MEMB007C|-|2055,4.317153453826903,2649,GCGTTA,TTAATTGAGAG,CAAAA
21,1690,VT40548|1|MEMB007D|-|2770,-0.8922998309135437,2649,GTATTA,TTAATTATCTT,AAAAG
22,695,VT40548|1|MEMB008C|+|1578,4.317153453826903,2649,GAGTTA,TTAGTTTTTCC,TAAAA
23,334,VT40548|1|dkik|+|1022,4.317153453826903,2649,GCGTTA,TTTACGAGGAC,AAAAG
