,raw,orig_species,score,align_position,sequence,5_before,5_after
0,842,VT40548|1|MEMB002A|+|1332,0.06922604143619537,3493,AGGTAA,GTAAGAGGCAA,CGACG
1,1981,VT40548|1|MEMB002B|-|2476,0.06922604143619537,3493,AGGTAA,GTAAGAGGAAA,TGGCG
2,1924,VT40548|1|MEMB002C|-|2397,0.06922604143619537,3493,AGGTAA,GTAAGAGGCAA,CGACG
3,1821,VT40548|1|MEMB002D|-|2274,0.06922604143619537,3493,GTGTAA,GTACGAGGTAT,TGGCC
4,1118,VT40548|1|MEMB002E|-|1581,0.06922604143619537,3493,GTGTAA,GTACTAAATAT,TGGCC
5,2507,VT40548|1|MEMB002F|-|2939,-5.555264949798584,3493,GGATGG,TTTGGAAGGAT,TGAAG
6,1795,VT40548|1|MEMB003B|+|2247,2.069226026535034,3493,GGGTGA,GCCTTTTTTTT,TGAAC
7,2284,VT40548|1|MEMB003C|+|2757,0.06922604143619537,3493,AGGTAA,GTAAGAGGCAA,CGACG
8,814,VT40548|1|MEMB003F|-|1282,0.06922604143619537,3493,GGGTAA,GTACGAAATAC,TAGCA
9,1963,VT40548|1|MEMB004A|+|2458,0.06922604143619537,3493,AGGTAA,GTAAGAGGAAA,TGGCG
10,2391,VT40548|1|MEMB004B|+|2863,0.06922604143619537,3493,GGGTAA,GTACGAAATAT,TAGCC
11,800,VT40548|1|MEMB004E|+|1242,0.06922604143619537,3493,GGGTAA,GTACAAAGTAA,TAGCC
12,2520,VT40548|1|MEMB005B|-|2969,0.10770019143819808,3493,AGCTTA,ATTCTCGGAAA,TAGCC
13,1836,VT40548|1|MEMB005D|-|2297,-5.140227317810059,3493,GGCGAA,GTACGAAAGAT,TGGGA
14,1818,VT40548|1|MEMB006A|-|2301,-5.140227317810059,3493,GGATAA,GTACGTAAGAT,TGGGA
15,2150,VT40548|1|MEMB006B|+|2605,0.06922604143619537,3493,AGGTAA,GCCTTATTAAT,GGGGC
16,2276,VT40548|1|MEMB006C|+|2749,0.06922604143619537,3493,GGGTAA,GTACAAAATAT,TAGCC
17,1879,VT40548|1|MEMB007B|+|2377,-3.345811367034912,3493,AGGCAG,GTAAGAGGCAA,CGACG
18,1602,VT40548|1|MEMB007C|-|2055,2.069226026535034,3493,GGGTGA,GCCTTTTTTAA,CGGAT
19,2280,VT40548|1|MEMB007D|-|2770,3.3556277751922607,3493,GGTTTA,GTTTCTTTTTT,TAGAC
20,1145,VT40548|1|MEMB008C|+|1578,0.06922604143619537,3493,GGGTAA,GTACAAAATAT,TAGCC
