,raw,orig_species,score,align_position,sequence,5_before,5_after
0,703,VT40548|1|MEMB002B|-|2476,-5.140227317810059,1736,TTATTT,TAAAA,TTTCC
1,621,VT40548|1|MEMB002C|-|2397,-6.140227317810059,1736,TTGTTT,TCAAA,TGCCC
2,630,VT40548|1|MEMB002D|-|2274,-0.8922998309135437,1736,TAATGC,CCAAC,AGACT
3,1104,VT40548|1|MEMB002F|-|2939,3.3171534538269043,1736,TAGCTG,TCAAA,GTACC
4,595,VT40548|1|MEMB003B|+|2247,-0.8922998309135437,1736,TAATCC,CAATC,AGACT
5,990,VT40548|1|MEMB003C|+|2757,-6.140227317810059,1736,TTGTTT,TAAAA,TGCCC
6,702,VT40548|1|MEMB004A|+|2458,-4.140227317810059,1736,TTAGTT,TAAAA,TTTCC
7,1217,VT40548|1|MEMB004B|+|2863,0.06922604143619537,1736,TTACCC,TAAAC,AGATT
8,636,VT40548|1|MEMB005D|-|2297,-5.140227317810059,1736,TTATCT,CAAAC,AGACC
9,622,VT40548|1|MEMB006A|-|2301,-0.8922998309135437,1736,TAATCT,CAAAC,AGACT
10,910,VT40548|1|MEMB006B|+|2605,-0.8922998309135437,1736,TAATCC,CAAAC,GGACT
11,1045,VT40548|1|MEMB006C|+|2749,-5.140227317810059,1736,TTATCC,CAAAC,AGGTT
12,595,VT40548|1|MEMB007B|+|2377,-6.140227317810059,1736,TTGTTT,TTAAA,TGCTC
13,927,VT40548|1|MEMB007D|-|2770,-1.8922997713088991,1736,TATTGG,CGAAT,AAATA
