,raw,orig_species,score,align_position,sequence,5_before,5_after
0,698,VT40548|1|MEMB002A|+|1332,1.1077002286911009,3306,TCAATC,AACAC,GAATA
1,1866,VT40548|1|MEMB002B|-|2476,1.1077002286911009,3306,TCAATC,AACAC,GAAGA
2,1780,VT40548|1|MEMB002C|-|2397,1.1077002286911009,3306,TCAATC,AACAC,GAATA
3,1745,VT40548|1|MEMB002D|-|2274,-5.140227317810059,3306,TTATCC,TTTAC,TTATA
4,2368,VT40548|1|MEMB002F|-|2939,1.1077002286911009,3306,TCAACA,AGCAC,GAAGA
5,2140,VT40548|1|MEMB003C|+|2757,1.1077002286911009,3306,TCAATC,AACAC,GAATA
6,730,VT40548|1|MEMB003F|-|1282,-1.8922997713088991,3306,TTTAGC,TTTAC,CGTTT
7,1865,VT40548|1|MEMB004A|+|2458,1.1077002286911009,3306,TCAATC,AACAC,GAAGA
8,721,VT40548|1|MEMB004E|+|1242,-1.8922997713088991,3306,TTTATA,TTTAC,CGTTT
9,2460,VT40548|1|MEMB005B|-|2969,-1.8922997713088991,3306,TTTATC,GCTAC,CGTCT
10,1760,VT40548|1|MEMB006A|-|2301,-5.140227317810059,3306,TTATAG,TTTAC,CTTAT
11,2192,VT40548|1|MEMB006C|+|2749,-1.8922997713088991,3306,TTTATC,TTTAC,CGTTT
12,1759,VT40548|1|MEMB007B|+|2377,1.1077002286911009,3306,TCAATC,AACAC,GAAGA
13,2130,VT40548|1|MEMB007D|-|2770,1.1077002286911009,3306,TCAAGT,TTCGC,GATCT
14,1068,VT40548|1|MEMB008C|+|1578,-1.8922997713088991,3306,TTTATC,TCTAC,CGTTT
