,raw,orig_species,score,align_position,sequence,5_before,5_after
0,445,VT40548|1|MEMB002B|-|2476,-3.1553342342376713,1278,AAATGT,ATTTG,AGAAA
1,391,VT40548|1|MEMB002D|-|2274,-3.1553342342376713,1278,AAATCA,GCCAC,AATTA
2,799,VT40548|1|MEMB002F|-|2939,-6.140227317810059,1278,TTTTCT,ACAAT,AATCA
3,714,VT40548|1|MEMB003C|+|2757,-5.140227317810059,1278,TGGTAT,AGAAC,TCCAC
4,443,VT40548|1|MEMB004A|+|2458,-3.1553342342376713,1278,AAATGT,ATTTG,AGAAA
5,970,VT40548|1|MEMB004B|+|2863,-4.201627731323241,1278,GGATAA,GCTGC,AATTA
6,1119,VT40548|1|MEMB005B|-|2969,-3.2016279697418213,1278,GCATCA,CCTGC,TGTTA
7,394,VT40548|1|MEMB005D|-|2297,-6.403261661529541,1278,AGATCA,CGCCT,AAAAT
8,390,VT40548|1|MEMB006A|-|2301,-6.403261661529541,1278,AGATTA,GGCGC,AGCTT
9,604,VT40548|1|MEMB006B|+|2605,-3.1553342342376713,1278,AAATGG,AAAAT,AAAAA
10,801,VT40548|1|MEMB006C|+|2749,-4.201627731323241,1278,GGATCA,GCTGT,AATTA
11,378,VT40548|1|MEMB007C|-|2055,-3.1553342342376713,1278,AAATGT,TCGTT,AGTCT
12,545,VT40548|1|MEMB007D|-|2770,-3.193808317184448,1278,ATTCCA,TTCCA,TCTGA
