,raw,orig_species,score,align_position,sequence,5_before,5_after
0,656,VT40548|1|MEMB002A|+|1332,-0.8922998309135437,3244,TAATTA,TCCAT,AATGA
1,1827,VT40548|1|MEMB002B|-|2476,4.317153453826903,3244,TAACCA,TCCAT,TATTA
2,1738,VT40548|1|MEMB002C|-|2397,-0.8922998309135437,3244,TAATCA,TCCAT,AATGA
3,1721,VT40548|1|MEMB002D|-|2274,-1.8922997713088991,3244,TATTCA,TCTTA,TTCGG
4,1044,VT40548|1|MEMB002E|-|1581,1.054119110107422,3244,AATCCA,TCTTG,CTCGT
5,2306,VT40548|1|MEMB002F|-|2939,3.3171534538269043,3244,TAGCCA,TCCAT,TATTC
6,1699,VT40548|1|MEMB003B|+|2247,3.3556277751922607,3244,TAAACA,TCTTC,CTTAG
7,2098,VT40548|1|MEMB003C|+|2757,-0.8922998309135437,3244,TAATCC,TCCAT,AATGA
8,707,VT40548|1|MEMB003F|-|1282,-1.8922997713088991,3244,TATTCA,TGTTT,CTGAA
9,1826,VT40548|1|MEMB004A|+|2458,4.317153453826903,3244,TAACCA,TCCAT,TATTA
10,2284,VT40548|1|MEMB004B|+|2863,2.3556277751922607,3244,TACACA,TGTCT,CTTTA
11,698,VT40548|1|MEMB004E|+|1242,3.3171534538269043,3244,TATCGA,TGTTT,CTCAG
12,2437,VT40548|1|MEMB005B|-|2969,0.06922604143619537,3244,TGTCCA,TGTCT,CTTAA
13,1754,VT40548|1|MEMB005D|-|2297,3.3171534538269043,3244,TATCCA,TCTCT,TTCAG
14,1737,VT40548|1|MEMB006A|-|2301,3.3171534538269043,3244,TATCCA,TCTTT,TTCAG
15,2049,VT40548|1|MEMB006B|+|2605,3.3171534538269043,3244,TATCCA,TCTTT,CTCAG
16,2169,VT40548|1|MEMB006C|+|2749,3.3171534538269043,3244,TATCGA,TGATT,CTCAG
17,1718,VT40548|1|MEMB007B|+|2377,1.0692260265350342,3244,TGACCA,TCCAT,TATGA
18,1508,VT40548|1|MEMB007C|-|2055,3.3556277751922607,3244,TAAACA,TCTTT,CTTCG
19,2101,VT40548|1|MEMB007D|-|2770,-1.8922997713088991,3244,TATTCA,TAATT,CCTAG
20,1045,VT40548|1|MEMB008C|+|1578,3.3171534538269043,3244,TATCCT,TGTCT,CTTAG
