,raw,orig_species,score,align_position,sequence,5_before,5_after
0,656,VT40548|1|MEMB002A|+|1332,-0.8922998309135437,3244,TAATTA,ATGGA,TCATT
1,1827,VT40548|1|MEMB002B|-|2476,4.317153453826903,3244,TGGTTA,ATGGA,TAATA
2,1738,VT40548|1|MEMB002C|-|2397,-0.8922998309135437,3244,TGATTA,ATGGA,TCATT
3,1721,VT40548|1|MEMB002D|-|2274,-1.8922997713088991,3244,TGAATA,TAAGA,CCGAA
4,1044,VT40548|1|MEMB002E|-|1581,1.054119110107422,3244,TGGATT,CAAGA,ACGAG
5,2306,VT40548|1|MEMB002F|-|2939,3.3171534538269043,3244,TGGCTA,ATGGA,GAATA
6,1699,VT40548|1|MEMB003B|+|2247,3.3556277751922607,3244,TGTTTA,GAAGA,CTAAG
7,2098,VT40548|1|MEMB003C|+|2757,-0.8922998309135437,3244,GGATTA,ATGGA,TCATT
8,707,VT40548|1|MEMB003F|-|1282,-1.8922997713088991,3244,TGAATA,AAACA,TTCAG
9,1826,VT40548|1|MEMB004A|+|2458,4.317153453826903,3244,TGGTTA,ATGGA,TAATA
10,2284,VT40548|1|MEMB004B|+|2863,2.3556277751922607,3244,TGTGTA,AGACA,TAAAG
11,698,VT40548|1|MEMB004E|+|1242,3.3171534538269043,3244,TCGATA,AAACA,CTGAG
12,2437,VT40548|1|MEMB005B|-|2969,0.06922604143619537,3244,TGGACA,AGACA,TTAAG
13,1754,VT40548|1|MEMB005D|-|2297,3.3171534538269043,3244,TGGATA,AGAGA,CTGAA
14,1737,VT40548|1|MEMB006A|-|2301,3.3171534538269043,3244,TGGATA,AAAGA,CTGAA
15,2049,VT40548|1|MEMB006B|+|2605,3.3171534538269043,3244,TGGATA,AAAGA,CTGAG
16,2169,VT40548|1|MEMB006C|+|2749,3.3171534538269043,3244,TCGATA,AATCA,CTGAG
17,1718,VT40548|1|MEMB007B|+|2377,1.0692260265350342,3244,TGGTCA,ATGGA,TCATA
18,1508,VT40548|1|MEMB007C|-|2055,3.3556277751922607,3244,TGTTTA,AAAGA,CGAAG
19,2101,VT40548|1|MEMB007D|-|2770,-1.8922997713088991,3244,TGAATA,AATTA,CTAGG
20,1045,VT40548|1|MEMB008C|+|1578,3.3171534538269043,3244,AGGATA,AGACA,CTAAG
