,raw,orig_species,score,align_position,strand,sequence,5_before,5_after
0,655,VT40548|1|MEMB002A|+|1332,-0.8922998309135437,3243,positive,AATTAA,ATTAA,CATTT
1,1826,VT40548|1|MEMB002B|-|2476,-0.8922998309135437,3243,positive,GGTTAA,ATGGA,AATAT
2,1737,VT40548|1|MEMB002C|-|2397,-0.8922998309135437,3243,positive,GATTAA,ATGGG,CATTT
3,1720,VT40548|1|MEMB002D|-|2274,-7.403261661529541,3243,positive,GAATAT,GTCAA,CGAAT
4,1043,VT40548|1|MEMB002E|-|1581,-0.9537003636360168,3243,positive,GGATTC,GTACA,CGAGT
5,2305,VT40548|1|MEMB002F|-|2939,-4.140227317810059,3243,positive,GGCTAA,GTGCA,AATAT
6,1698,VT40548|1|MEMB003B|+|2247,-3.3073372840881348,3243,positive,GTTTAG,ATGCC,TAAGT
7,2097,VT40548|1|MEMB003C|+|2757,-0.8922998309135437,3243,positive,GATTAA,ATGGA,CATTG
8,706,VT40548|1|MEMB003F|-|1282,-5.140227317810059,3243,positive,GAATAA,TTACA,TCAGT
9,1825,VT40548|1|MEMB004A|+|2458,-0.8922998309135437,3243,positive,GGTTAA,ATGGA,AATAT
10,2283,VT40548|1|MEMB004B|+|2863,0.06922604143619537,3243,positive,GTGTAA,ATCAC,AAAGT
11,697,VT40548|1|MEMB004E|+|1242,-5.140227317810059,3243,positive,CGATAA,ATACA,TGAGT
12,2436,VT40548|1|MEMB005B|-|2969,-6.140227317810059,3243,positive,GGACAA,ATACA,TAAGT
13,1753,VT40548|1|MEMB005D|-|2297,-5.140227317810059,3243,positive,GGATAA,AAATA,TGAAT
14,1736,VT40548|1|MEMB006A|-|2301,-5.140227317810059,3243,positive,GGATAA,AAACA,TGAAT
15,2048,VT40548|1|MEMB006B|+|2605,-5.140227317810059,3243,positive,GGATAA,ATATA,TGAGT
16,2168,VT40548|1|MEMB006C|+|2749,-5.140227317810059,3243,positive,CGATAA,ATACA,TGAGT
17,1717,VT40548|1|MEMB007B|+|2377,-1.8922997713088991,3243,positive,GGTCAA,ATGGA,CATAT
18,1507,VT40548|1|MEMB007C|-|2055,-0.8922998309135437,3243,positive,GTTTAA,ATGCC,GAAGT
19,2100,VT40548|1|MEMB007D|-|2770,-5.140227317810059,3243,positive,GAATAA,AAATA,TAGGT
20,1044,VT40548|1|MEMB008C|+|1578,-5.140227317810059,3243,positive,GGATAA,ATACC,TAAGA
