,raw,orig_species,score,align_position,strand,sequence,5_before,5_after
0,613,VT40548|1|MEMB002A|+|1332,-1.8922997713088991,3011,positive,TTTCAA,AAAGT,TCCTC
1,1767,VT40548|1|MEMB002B|-|2476,-1.8922997713088991,3011,positive,TTTCAA,AAAGT,ACCAC
2,1695,VT40548|1|MEMB002C|-|2397,-1.8922997713088991,3011,positive,TTTCAA,AAAGT,TCCTC
3,1669,VT40548|1|MEMB002D|-|2274,-0.8922998309135437,3011,positive,TTTTAA,GAAGT,ACCGC
4,984,VT40548|1|MEMB002E|-|1581,-0.8922998309135437,3011,positive,CTTTAA,GAAGT,ACCGC
5,2229,VT40548|1|MEMB002F|-|2939,-1.8922997713088991,3011,positive,TTTCAA,TAAAT,ACCGC
6,1469,VT40548|1|MEMB003B|+|2247,-0.8922998309135437,3011,positive,CTTTAA,TAAGT,GCCGC
7,2055,VT40548|1|MEMB003C|+|2757,-1.8922997713088991,3011,positive,TCTCAA,AAAGT,TACTC
8,633,VT40548|1|MEMB003F|-|1282,-0.8922998309135437,3011,positive,TTTTAA,GAAGT,ACTGC
9,1766,VT40548|1|MEMB004A|+|2458,-1.8922997713088991,3011,positive,TTTCAA,AAAGT,ACCAC
10,627,VT40548|1|MEMB004E|+|1242,-5.140227317810059,3011,positive,GGATAA,GAAGT,AATCT
11,1703,VT40548|1|MEMB005D|-|2297,-0.8922998309135437,3011,positive,TTTTAA,GATTT,TACGC
12,1692,VT40548|1|MEMB006A|-|2301,-0.8922998309135437,3011,positive,TTTTAA,GACGC,ACCGC
13,1976,VT40548|1|MEMB006B|+|2605,-0.8922998309135437,3011,positive,CTTTAA,TAAAT,ACCGC
14,2095,VT40548|1|MEMB006C|+|2749,-0.8922998309135437,3011,positive,TTTTAA,GAAGT,AGCGC
15,1678,VT40548|1|MEMB007B|+|2377,-1.8922997713088991,3011,positive,TTTCAA,AAAGT,ACCTC
16,1434,VT40548|1|MEMB007C|-|2055,-4.140227317810059,3011,positive,CTCTAA,TAAGT,ACCGC
17,1980,VT40548|1|MEMB007D|-|2770,-7.555264949798584,3011,positive,TTATAG,GAAGT,ACCGC
