,raw,orig_species,score,align_position,sequence,5_before,5_after
0,733,VT40548|1|MEMB002F|-|2939,-4.201627731323241,960,TTATCC,TTTTCACAAAT,CTTTA
1,646,VT40548|1|MEMB003C|+|2757,3.3171534538269043,960,GCGATA,CAAAAATCGTG,TTTAA
2,656,VT40548|1|MEMB004B|+|2863,-2.155334234237671,960,AATCGT,TTAAGAGTAAA,GCTAA
3,801,VT40548|1|MEMB005B|-|2969,-1.155334234237671,960,AATTGT,TTAAGCATAAA,GCTAA
4,527,VT40548|1|MEMB006B|+|2605,-2.1402273178100586,960,AACTGA,AAGAGGCCGTG,GGTAA
5,692,VT40548|1|MEMB006C|+|2749,-2.155334234237671,960,AATAGT,TTAAGCCTATA,GCTAA
