,raw,orig_species,score,align_position,sequence,5_before,5_after
0,640,VT40548|1|MEMB002F|-|2939,-5.140227317810059,867,AAACCA,ACGCCATTCAC,TCGTG
1,553,VT40548|1|MEMB003C|+|2757,-4.155333995819092,867,AAAATT,TTAAATCAATC,TCTTA
2,563,VT40548|1|MEMB004B|+|2863,-4.201627731323241,867,AAATCC,CCGTCCATTCC,TAATT
3,708,VT40548|1|MEMB005B|-|2969,-4.201627731323241,867,TAATCC,CCGACCATAAG,TATTA
4,434,VT40548|1|MEMB006B|+|2605,-3.1553342342376713,867,TTTTAT,TTTTCCCGCCA,TTTGA
5,599,VT40548|1|MEMB006C|+|2749,-6.555264949798584,867,AAATCG,CCGTCCATTAG,TAATA
