,raw,orig_species,score,align_position,strand,sequence,5_before,5_after
0,716,VT40548|1|MEMB002A|+|1332,-0.9537003636360168,3327,positive,TCCCTC,ATATT,TCAAT
1,1878,VT40548|1|MEMB002B|-|2476,-1.3073372840881348,3327,positive,TCTTGG,GATTG,TTTTC
2,1798,VT40548|1|MEMB002C|-|2397,2.294227123260498,3327,positive,TCTCTC,ATATT,TCAAT
3,1754,VT40548|1|MEMB002D|-|2274,-0.8922998309135437,3327,positive,AGATTA,TAAGT,TTACA
4,2386,VT40548|1|MEMB002F|-|2939,3.3556277751922607,3327,positive,TCTTTA,GTCTT,GTTTT
5,1723,VT40548|1|MEMB003B|+|2247,4.317153453826903,3327,positive,TGGTTA,GCAAA,TTAAA
6,2158,VT40548|1|MEMB003C|+|2757,2.294227123260498,3327,positive,TCTCTC,ATATT,TCAAT
7,740,VT40548|1|MEMB003F|-|1282,3.3556277751922607,3327,positive,AGTTTA,TAAAG,TTAAA
8,1877,VT40548|1|MEMB004A|+|2458,-3.1402273178100586,3327,positive,AACTCA,GATTG,AAAAA
9,2317,VT40548|1|MEMB004B|+|2863,3.3556277751922607,3327,positive,AGTTTA,TAAAG,TTATA
10,731,VT40548|1|MEMB004E|+|1242,2.3556277751922607,3327,positive,ATTGTA,TAAAG,TTAAA
11,2478,VT40548|1|MEMB005B|-|2969,3.3556277751922607,3327,positive,AGTTTA,AAGAC,TTAAA
12,2080,VT40548|1|MEMB006B|+|2605,3.3556277751922607,3327,positive,TCTTTA,TAAAG,TTAAA
13,2202,VT40548|1|MEMB006C|+|2749,-0.8922998309135437,3327,positive,AGTTAA,TAAAG,TTAAA
14,1777,VT40548|1|MEMB007B|+|2377,2.294227123260498,3327,positive,TCTCTC,GTCTT,TAAAT
15,1531,VT40548|1|MEMB007C|-|2055,-5.140227317810059,3327,positive,GGATAA,CAAAT,TAAAA
16,2151,VT40548|1|MEMB007D|-|2770,-1.1938083171844482,3327,positive,ATGTCT,TTGTA,TCTAT
17,1078,VT40548|1|MEMB008C|+|1578,3.3556277751922607,3327,positive,ACTTTA,TAAAG,TTAAA
