,raw,orig_species,score,align_position,sequence,5_before,5_after
0,829,VT40548|1|MEMB002A|+|1332,-8.403262138366701,3465,GCAAAT,GGACATAAGCA,AAGAG
1,1968,VT40548|1|MEMB002B|-|2476,-8.403262138366701,3465,GAAAAT,GGACACATAAG,AAGAG
2,1911,VT40548|1|MEMB002C|-|2397,-8.403262138366701,3465,GCAAAT,GGACATAAGCA,AAGAG
3,1808,VT40548|1|MEMB002D|-|2274,-7.555264949798584,3465,GTATAG,GGGACGTGTGG,ACGAG
4,1105,VT40548|1|MEMB002E|-|1581,-3.1553342342376713,3465,ATATTT,GGGAAATCTTG,ACTAA
5,2494,VT40548|1|MEMB002F|-|2939,-0.8922998309135437,3465,GGATTA,ATGGACACCAG,TGGAA
6,2271,VT40548|1|MEMB003C|+|2757,-8.403262138366701,3465,GCAAAT,GGACATAAGCA,AAGAG
7,801,VT40548|1|MEMB003F|-|1282,-8.403262138366701,3465,ATACAT,GGGACCTTTGA,ACGAA
8,1950,VT40548|1|MEMB004A|+|2458,-8.403262138366701,3465,GAAAAT,GGACATATAAG,AAGAG
9,2378,VT40548|1|MEMB004B|+|2863,-7.403261661529541,3465,ATATAT,AGGACATGTGA,ACGAA
10,787,VT40548|1|MEMB004E|+|1242,-8.403262138366701,3465,GTAAAT,GGGACATGTGC,ACAAA
11,1823,VT40548|1|MEMB005D|-|2297,-7.403261661529541,3465,AGATAT,GGAATATGTGA,ACGAA
12,1805,VT40548|1|MEMB006A|-|2301,-7.403261661529541,3465,AGATAT,GGGATATGTGA,ACGTA
13,2263,VT40548|1|MEMB006C|+|2749,-7.403261661529541,3465,ATATAT,GGGACATGTAA,ACAAA
14,1866,VT40548|1|MEMB007B|+|2377,-8.403262138366701,3465,GCAAAT,GGACATAAGCA,AAGAG
15,2252,VT40548|1|MEMB007D|-|2770,-5.140227317810059,3465,ATACCA,AAGCACTTCAT,ATGCA
