,raw,orig_species,score,align_position,strand,sequence,5_before,5_after
0,648,VT40548|1|MEMB002A|+|1332,-5.140227317810059,3234,positive,GGATAA,TTACA,TTAAT
1,1819,VT40548|1|MEMB002B|-|2476,-5.140227317810059,3234,positive,GGATAA,TTACA,TTAAT
2,1730,VT40548|1|MEMB002C|-|2397,-5.140227317810059,3234,positive,GGATAA,TTACA,TTAAT
3,1713,VT40548|1|MEMB002D|-|2274,-7.555264949798584,3234,positive,AGATAG,TTGAA,ATATA
4,1036,VT40548|1|MEMB002E|-|1581,-8.555264472961426,3234,positive,AGAAAG,TTAAT,ATTCA
5,2298,VT40548|1|MEMB002F|-|2939,-7.555264949798584,3234,positive,GGATAG,TTTAT,CTAAT
6,1691,VT40548|1|MEMB003B|+|2247,-5.140227317810059,3234,positive,AGATAA,TGCCA,TTAGA
7,2090,VT40548|1|MEMB003C|+|2757,-5.140227317810059,3234,positive,GGATAA,TTACA,TTAAT
8,699,VT40548|1|MEMB003F|-|1282,-7.403261661529541,3234,positive,ACATAT,TCTTT,ATAAA
9,1818,VT40548|1|MEMB004A|+|2458,-5.140227317810059,3234,positive,GGATAA,TTACA,TTAAT
10,2276,VT40548|1|MEMB004B|+|2863,-5.140227317810059,3234,positive,ACATAA,AAAAG,GTAAG
11,690,VT40548|1|MEMB004E|+|1242,-6.140227317810059,3234,positive,ACACAA,TCTTT,ATAAA
12,2429,VT40548|1|MEMB005B|-|2969,-6.140227317810059,3234,positive,ACAAAA,TCTTT,ACAAG
13,1746,VT40548|1|MEMB005D|-|2297,-6.140227317810059,3234,positive,AGACAA,TAAAA,ATAAG
14,1729,VT40548|1|MEMB006A|-|2301,-6.140227317810059,3234,positive,AGACAA,TGAAA,ATAAA
15,2041,VT40548|1|MEMB006B|+|2605,-5.140227317810059,3234,positive,AGATAA,TCTTT,ATAAA
16,2161,VT40548|1|MEMB006C|+|2749,-5.140227317810059,3234,positive,TCATAA,TCTTT,ATAAA
17,1710,VT40548|1|MEMB007B|+|2377,-5.140227317810059,3234,positive,GGATAA,TTACA,TCAAT
18,1500,VT40548|1|MEMB007C|-|2055,-5.140227317810059,3234,positive,AGATAA,TTTTT,TTAAA
19,2091,VT40548|1|MEMB007D|-|2770,-0.9307739734649658,3234,positive,AGGAAA,CAATA,AAATT
20,1037,VT40548|1|MEMB008C|+|1578,-5.140227317810059,3234,positive,ACATAA,TCTTT,ATAAG
