,raw,orig_species,score,align_position,strand,sequence,5_before,5_after
0,1783,VT40548|1|MEMB002B|-|2476,-0.05940979719161987,3028,positive,ATTCTG,CCACT,TTTTT
1,1001,VT40548|1|MEMB002E|-|1581,0.007825496606528759,3028,positive,CTGTAC,ACCGC,GGTTT
2,1486,VT40548|1|MEMB003B|+|2247,-8.555264472961426,3028,positive,CCAAAG,GCCGC,GATTT
3,649,VT40548|1|MEMB003F|-|1282,2.294227123260498,3028,positive,TGTATC,CTGCT,ATTCC
4,1782,VT40548|1|MEMB004A|+|2458,-0.05940979719161987,3028,positive,ATTCTG,CCACT,TTTTT
5,640,VT40548|1|MEMB004E|+|1242,-5.140227317810059,3028,positive,GGATAA,TGGAT,ATTCT
6,2381,VT40548|1|MEMB005B|-|2969,2.294227123260498,3028,positive,TGTATC,CCGCT,ATTTA
7,1720,VT40548|1|MEMB005D|-|2297,-8.403262138366701,3028,positive,CTACAT,TACGC,GATTT
8,1709,VT40548|1|MEMB006A|-|2301,-7.403261661529541,3028,positive,TTCCAT,ACCGC,AAAGA
9,1992,VT40548|1|MEMB006B|+|2605,-0.9537003636360168,3028,positive,TACATC,CCGCC,ATTTC
10,2112,VT40548|1|MEMB006C|+|2749,-2.193808317184448,3028,positive,CTGTAT,AGCGC,GATTC
11,1450,VT40548|1|MEMB007C|-|2055,-1.9537003040313718,3028,positive,TAAATC,CCGCC,ATTTC
12,1997,VT40548|1|MEMB007D|-|2770,-2.193808317184448,3028,positive,CTGTAT,ACCGC,AATAT
13,989,VT40548|1|MEMB008C|+|1578,-2.193808317184448,3028,positive,CTGTAT,ACCGA,TGAGC
14,573,VT40548|1|dkik|+|1022,-5.201627731323242,3028,positive,GTATAC,CACAC,GCAGA
