,raw,orig_species,score,align_position,sequence,5_before,5_after
0,1198,VT40548|1|MEMB002A|+|1332,4.317153453826903,3902,TAACCC,CTGAC,TTACC
1,2338,VT40548|1|MEMB002B|-|2476,-0.8922998309135437,3902,TAATCC,CTGAC,GTAAC
2,2263,VT40548|1|MEMB002C|-|2397,-0.8922998309135437,3902,TAATCC,CTGAC,TTACC
3,2137,VT40548|1|MEMB002D|-|2274,-0.8922998309135437,3902,TAATTC,ACTAC,TAAAG
4,1444,VT40548|1|MEMB002E|-|1581,-0.8922998309135437,3902,TAATTC,ACTAC,TATAG
5,2802,VT40548|1|MEMB002F|-|2939,-0.8922998309135437,3902,TAATCC,ATAAC,TCAAG
6,991,VT40548|1|MEMB003A|-|1120,-0.8922998309135437,3902,TAATTC,CTAAC,TCAAC
7,2110,VT40548|1|MEMB003B|+|2247,3.3556277751922607,3902,TAAAAC,CTATC,TTATA
8,2623,VT40548|1|MEMB003C|+|2757,-0.8922998309135437,3902,TAATCC,CTGAC,TTACC
9,1026,VT40548|1|MEMB003D|-|1155,-0.8922998309135437,3902,TAATTC,CTAAC,TCAAC
10,1142,VT40548|1|MEMB003F|-|1282,4.317153453826903,3902,TAACTC,CTAAC,TAAAC
11,2320,VT40548|1|MEMB004A|+|2458,-0.8922998309135437,3902,TAATCC,CTGAC,GTAAC
12,2723,VT40548|1|MEMB004B|+|2863,4.317153453826903,3902,TAACTC,CTAAC,TAAAC
13,1102,VT40548|1|MEMB004E|+|1242,4.317153453826903,3902,TAACTA,CTAAC,TGAAC
14,2829,VT40548|1|MEMB005B|-|2969,4.317153453826903,3902,TAACTC,CTAAA,TAAAC
15,2157,VT40548|1|MEMB005D|-|2297,-0.8922998309135437,3902,TAATTC,CTAAC,CAAAC
16,2161,VT40548|1|MEMB006A|-|2301,3.3556277751922607,3902,TAAATC,CTAAC,CAAAC
17,2465,VT40548|1|MEMB006B|+|2605,-0.8922998309135437,3902,TAATTC,TAAAC,TAAAC
18,2609,VT40548|1|MEMB006C|+|2749,4.317153453826903,3902,TAACTC,CTAAC,TAAAC
19,2243,VT40548|1|MEMB007B|+|2377,-0.8922998309135437,3902,TAATCC,CTGAC,TTAGC
20,1915,VT40548|1|MEMB007C|-|2055,-0.8922998309135437,3902,TAATTC,CTATC,TAAAC
21,2630,VT40548|1|MEMB007D|-|2770,-0.8922998309135437,3902,TAATTC,CTGAC,CAAAC
22,1438,VT40548|1|MEMB008C|+|1578,4.317153453826903,3902,TAACTC,CTAGC,TAAAC
23,893,VT40548|1|dkik|+|1022,-0.8922998309135437,3902,TAATTC,CTAAC,TCAAC
