,raw,orig_species,score,align_position,sequence,5_before,5_after
0,934,VT40548|1|MEMB002B|-|2476,3.294227123260498,2020,GAAATT,GCGGT,CCTTA
1,859,VT40548|1|MEMB002C|-|2397,3.294227123260498,2020,GAAATT,GCGGT,CTTTA
2,839,VT40548|1|MEMB002D|-|2274,3.3556277751922607,2020,TAAATT,GCGGT,ATTTT
3,162,VT40548|1|MEMB002E|-|1581,3.294227123260498,2020,GAAATT,GCGAT,CTTTT
4,1352,VT40548|1|MEMB002F|-|2939,3.294227123260498,2020,GAAATT,GCGGT,CTTAT
5,103,VT40548|1|MEMB003A|-|1120,-5.201627731323242,2020,GGGTTA,GCGGG,CTCTC
6,1228,VT40548|1|MEMB003C|+|2757,3.294227123260498,2020,GAAATT,GCGGT,CTTTA
7,105,VT40548|1|MEMB003D|-|1155,-4.201627731323241,2020,GGATTA,GCGGG,CTCTC
8,933,VT40548|1|MEMB004A|+|2458,3.294227123260498,2020,GAAATT,GCGGT,CCTTA
9,1440,VT40548|1|MEMB004B|+|2863,1.0925933122634888,2020,AAAATT,GAGGT,CTTTT
10,1590,VT40548|1|MEMB005B|-|2969,1.0925933122634888,2020,AAAATT,GCGGT,CTTTT
11,861,VT40548|1|MEMB005D|-|2297,3.294227123260498,2020,GAAATT,GCGGT,CTTTT
12,845,VT40548|1|MEMB006A|-|2301,3.294227123260498,2020,GAAATT,GCGGT,CTTTT
13,1121,VT40548|1|MEMB006B|+|2605,3.294227123260498,2020,GAAATG,GCGGT,CTTTT
14,1261,VT40548|1|MEMB006C|+|2749,-3.1553342342376713,2020,AAATTT,GCGGT,CTTTT
15,834,VT40548|1|MEMB007B|+|2377,3.294227123260498,2020,GAAATT,GCTGT,CTTTA
16,670,VT40548|1|MEMB007C|-|2055,-0.9537003636360168,2020,GAATTG,AAAGT,CTTCT
17,1130,VT40548|1|MEMB007D|-|2770,3.294227123260498,2020,GAAATT,GCAGT,CGTTT
18,164,VT40548|1|MEMB008C|+|1578,1.0925933122634888,2020,AAAATT,GCGGT,AGCTT
