,raw,orig_species,score,align_position,sequence,5_before,5_after
0,395,VT40548|1|MEMB002B|-|2476,-5.140227317810059,619,AGATAA,ATTACTGTCTG,ATCCC
1,315,VT40548|1|MEMB002D|-|2274,-4.201627731323241,619,TAATCC,GACGACGTAAG,AAACA
2,392,VT40548|1|MEMB002F|-|2939,-0.9307739734649658,619,AAGAAA,ATACCTGTCTG,ATCCT
3,342,VT40548|1|MEMB003B|+|2247,-5.201627731323242,619,AAATAC,CAGATTGTATT,TATAC
4,403,VT40548|1|MEMB003C|+|2757,-8.403262138366701,619,TTAAAT,ACCGTTTCACT,TACCA
5,393,VT40548|1|MEMB004A|+|2458,-5.140227317810059,619,AGATAA,ATTACTGTCTG,ATCCC
6,370,VT40548|1|MEMB004B|+|2863,-6.403261661529541,619,TGAAGT,GATAAAAACGT,AGACG
7,490,VT40548|1|MEMB005B|-|2969,-6.403261661529541,619,CGAAGT,GATAGAAACGC,AGACC
8,333,VT40548|1|MEMB005D|-|2297,-8.403262138366701,619,TAAAAT,ACGAACAAAAC,TTTAA
9,327,VT40548|1|MEMB006A|-|2301,-6.201627731323242,619,ACAAAC,AAAAACGTAAT,AAAAT
10,364,VT40548|1|MEMB006B|+|2605,-6.201627731323242,619,GCAAAC,AATAAAGTATC,GTCTA
11,392,VT40548|1|MEMB006C|+|2749,-6.403261661529541,619,TTAAGT,GTTTGAAACGT,AGACG
12,401,VT40548|1|MEMB007B|+|2377,-6.140227317810059,619,AGAAAA,ACGCCTGCCTG,ATCCT
13,330,VT40548|1|MEMB007C|-|2055,-8.403262138366701,619,CTAAAT,ATTAATTTGTT,ATATA
14,428,VT40548|1|MEMB007D|-|2770,0.007825496606528759,619,TTGTAC,CTTTATGCACT,AGAGA
