,raw,orig_species,score,align_position,sequence,5_before,5_after
0,699,VT40548|1|MEMB002A|+|1332,-3.3073372840881348,3307,CGATTG,AGTGTTTCCAG,ATATT
1,1867,VT40548|1|MEMB002B|-|2476,-3.3073372840881348,3307,CGATTG,AGTGTTCCCAG,ATCTT
2,1781,VT40548|1|MEMB002C|-|2397,-3.3073372840881348,3307,CGATTG,AGTGTTTCCAG,ATATT
3,1746,VT40548|1|MEMB002D|-|2274,3.3171534538269043,3307,AGGATA,AGTAAACAAAA,TTATA
4,2369,VT40548|1|MEMB002F|-|2939,1.902116060256958,3307,CTGTTG,AGTGCTCCCAG,GTCTT
5,2141,VT40548|1|MEMB003C|+|2757,-3.3073372840881348,3307,CGATTG,AGTGTTTCCAG,ATATT
6,731,VT40548|1|MEMB003F|-|1282,-4.140227317810059,3307,GGCTAA,AGTAAACAACT,TAAAC
7,1866,VT40548|1|MEMB004A|+|2458,-3.3073372840881348,3307,CGATTG,AGTGTTCCCAG,ATCTT
8,722,VT40548|1|MEMB004E|+|1242,-5.140227317810059,3307,GTATAA,AGTAAACAAAT,TAAAC
9,2461,VT40548|1|MEMB005B|-|2969,-5.140227317810059,3307,GGATAA,AGTAGCCAAAT,AAGAC
10,1761,VT40548|1|MEMB006A|-|2301,2.3556277751922607,3307,GCTATA,AGTAAACCAAT,AATAA
11,2193,VT40548|1|MEMB006C|+|2749,-5.140227317810059,3307,GGATAA,AGTAAACCAAT,AAAAC
12,1760,VT40548|1|MEMB007B|+|2377,-3.3073372840881348,3307,CGATTG,AGTGTTTCGTT,GTCTT
13,2131,VT40548|1|MEMB007D|-|2770,-2.3073372840881348,3307,CACTTG,AGCGAATTAAT,TAGAT
14,1069,VT40548|1|MEMB008C|+|1578,-5.140227317810059,3307,GGATAA,AGTAGACAAAT,TAAAC
