,raw,orig_species,score,align_position,sequence,5_before,5_after
0,1783,VT40548|1|MEMB002B|-|2476,-0.05940979719161987,3028,CAGAAT,GAATG,AAAAA
1,1001,VT40548|1|MEMB002E|-|1581,0.007825496606528759,3028,GTACAG,AATGG,AAACC
2,1486,VT40548|1|MEMB003B|+|2247,-8.555264472961426,3028,CTTTGG,AATAG,AAATC
3,649,VT40548|1|MEMB003F|-|1282,2.294227123260498,3028,GATACA,GAATA,GGAAT
4,1782,VT40548|1|MEMB004A|+|2458,-0.05940979719161987,3028,CAGAAT,GAATA,AAAAA
5,640,VT40548|1|MEMB004E|+|1242,-5.140227317810059,3028,TTATCC,ATTGA,AGAAT
6,2381,VT40548|1|MEMB005B|-|2969,2.294227123260498,3028,GATACA,GAAAG,TAAAT
7,1720,VT40548|1|MEMB005D|-|2297,-8.403262138366701,3028,ATGTAG,AATGG,AAATC
8,1709,VT40548|1|MEMB006A|-|2301,-7.403261661529541,3028,ATGGAA,AATGG,TCTTT
9,1992,VT40548|1|MEMB006B|+|2605,-0.9537003636360168,3028,GATGTA,GAAAA,GAAAT
10,2112,VT40548|1|MEMB006C|+|2749,-2.193808317184448,3028,ATACAG,AATGG,GAATC
11,1450,VT40548|1|MEMB007C|-|2055,-1.9537003040313718,3028,GATTTA,GAATA,GAAAT
12,1997,VT40548|1|MEMB007D|-|2770,-2.193808317184448,3028,ATACAG,AATGG,ATATT
13,989,VT40548|1|MEMB008C|+|1578,-2.193808317184448,3028,ATACAG,AATGG,GCTCA
14,573,VT40548|1|dkik|+|1022,-5.201627731323242,3028,GTATAC,GTGCG,TCTGC
