,raw,orig_species,score,align_position,sequence,5_before,5_after
0,834,VT40548|1|MEMB002B|-|2476,-5.403261661529541,1905,AGAGAG,GGCCT,TTGTA
1,758,VT40548|1|MEMB002C|-|2397,-3.2016279697418213,1905,GGAGAG,GGCCT,TTGTA
2,730,VT40548|1|MEMB002D|-|2274,-4.201627731323241,1905,GGATTA,TGTCC,CTGTG
3,56,VT40548|1|MEMB002E|-|1581,-3.2016279697418213,1905,GGAGTG,TGGAC,CTGTG
4,1249,VT40548|1|MEMB002F|-|2939,-3.2016279697418213,1905,GGAGAA,GGCCT,CAGTG
5,39,VT40548|1|MEMB003A|-|1120,-3.2016279697418213,1905,GGAGGC,GGCAC,TGTGG
6,1127,VT40548|1|MEMB003C|+|2757,-3.2016279697418213,1905,GGAGAG,GGCCT,TTGTA
7,42,VT40548|1|MEMB003D|-|1155,-3.2016279697418213,1905,GGAGGC,GGCCC,CGTGG
8,833,VT40548|1|MEMB004A|+|2458,-5.403261661529541,1905,AGAGAG,GGCCT,TTGTA
9,1334,VT40548|1|MEMB004B|+|2863,0.04629964381456375,1905,GGAATG,GACCC,CTCTG
10,1483,VT40548|1|MEMB005B|-|2969,-3.2016279697418213,1905,GGAGAT,AACCC,CTCTG
11,762,VT40548|1|MEMB005D|-|2297,-0.9537003636360168,1905,gaattg,gaatt,aGAGA
12,747,VT40548|1|MEMB006A|-|2301,-3.1553342342376713,1905,aaattg,gaatt,agaga
13,1021,VT40548|1|MEMB006B|+|2605,-5.403261661529541,1905,AGAGTG,TTGGA,CTGTG
14,733,VT40548|1|MEMB007B|+|2377,-3.2016279697418213,1905,GGAGAG,GGCCT,TTGTA
15,1029,VT40548|1|MEMB007D|-|2770,-3.2016279697418213,1905,GGAGAG,GTCCC,CTGTG
16,57,VT40548|1|MEMB008C|+|1578,-3.2016279697418213,1905,GGAGAG,GACCC,CTCTG
