,raw,orig_species,score,align_position,sequence,5_before,5_after
0,699,VT40548|1|MEMB002A|+|1332,-3.3073372840881348,3307,CAATCG,ACACT,AATAT
1,1867,VT40548|1|MEMB002B|-|2476,-3.3073372840881348,3307,CAATCG,ACACT,AAGAT
2,1781,VT40548|1|MEMB002C|-|2397,-3.3073372840881348,3307,CAATCG,ACACT,AATAT
3,1746,VT40548|1|MEMB002D|-|2274,3.3171534538269043,3307,TATCCT,TTACT,TATAA
4,2369,VT40548|1|MEMB002F|-|2939,1.902116060256958,3307,CAACAG,GCACT,AAGAC
5,2141,VT40548|1|MEMB003C|+|2757,-3.3073372840881348,3307,CAATCG,ACACT,AATAT
6,731,VT40548|1|MEMB003F|-|1282,-4.140227317810059,3307,TTAGCC,TTACT,GTTTA
7,1866,VT40548|1|MEMB004A|+|2458,-3.3073372840881348,3307,CAATCG,ACACT,AAGAT
8,722,VT40548|1|MEMB004E|+|1242,-5.140227317810059,3307,TTATAC,TTACT,GTTTA
9,2461,VT40548|1|MEMB005B|-|2969,-5.140227317810059,3307,TTATCC,CTACT,GTCTT
10,1761,VT40548|1|MEMB006A|-|2301,2.3556277751922607,3307,TATAGC,TTACT,TTATT
11,2193,VT40548|1|MEMB006C|+|2749,-5.140227317810059,3307,TTATCC,TTACT,GTTTT
12,1760,VT40548|1|MEMB007B|+|2377,-3.3073372840881348,3307,CAATCG,ACACT,AAGAC
13,2131,VT40548|1|MEMB007D|-|2770,-2.3073372840881348,3307,CAAGTG,TCGCT,ATCTA
14,1069,VT40548|1|MEMB008C|+|1578,-5.140227317810059,3307,TTATCC,CTACT,GTTTA
