,raw,orig_species,score,align_position,sequence,5_before,5_after
0,681,VT40548|1|MEMB002A|+|1332,-0.8922998309135437,3269,TTTTAA,GAAAA,CCAGA
1,1852,VT40548|1|MEMB002B|-|2476,0.10770019143819808,3269,AGTAGA,AAGAA,TTCCC
2,1763,VT40548|1|MEMB002C|-|2397,3.3556277751922607,3269,TTTTTA,GAAAA,CCAGA
3,1741,VT40548|1|MEMB002D|-|2274,0.06922604143619537,3269,AAGTAA,ACAAA,AGGAT
4,1064,VT40548|1|MEMB002E|-|1581,-1.8922997713088991,3269,GTTAAA,ACAAA,AACAA
5,2331,VT40548|1|MEMB002F|-|2939,-8.403262138366701,3269,TGAAAT,ATAAA,ACAGA
6,1717,VT40548|1|MEMB003B|+|2247,-4.140227317810059,3269,AACTAA,GCAAA,GGTTA
7,2123,VT40548|1|MEMB003C|+|2757,-0.8922998309135437,3269,TTTTAA,GAAAA,CCAGA
8,701,VT40548|1|MEMB003D|-|1155,-0.9307739734649658,3269,TGGGAA,AGAGT,TTTTT
9,726,VT40548|1|MEMB003F|-|1282,0.06922604143619537,3269,AAGTAA,ACAAC,GGCTA
10,1851,VT40548|1|MEMB004A|+|2458,0.10770019143819808,3269,AGTAGA,AAGAA,TTCCC
11,2308,VT40548|1|MEMB004B|+|2863,-5.140227317810059,3269,GGATAA,AGTAG,TAAAC
12,717,VT40548|1|MEMB004E|+|1242,0.06922604143619537,3269,AAGTAA,ACAAA,GTATA
13,2457,VT40548|1|MEMB005B|-|2969,-1.8922997713088991,3269,AAAGTA,GCCAA,CGGAT
14,1773,VT40548|1|MEMB005D|-|2297,-4.140227317810059,3269,AACTAA,ACCAA,GTACA
15,1756,VT40548|1|MEMB006A|-|2301,0.06922604143619537,3269,AAGTAA,ACCAA,GCTAT
16,2069,VT40548|1|MEMB006B|+|2605,-8.555264472961426,3269,ATAAAG,CAAAA,AATGG
17,2188,VT40548|1|MEMB006C|+|2749,0.06922604143619537,3269,AAGTAA,ACCAA,GGATA
18,1743,VT40548|1|MEMB007B|+|2377,-0.8922998309135437,3269,TTTTAA,TAAAA,TCGTT
19,1526,VT40548|1|MEMB007C|-|2055,-4.140227317810059,3269,AACTAA,ACAAA,GGATA
20,2126,VT40548|1|MEMB007D|-|2770,1.0692260265350342,3269,GAGCGA,ATTAA,CACTT
21,1064,VT40548|1|MEMB008C|+|1578,-2.345811367034912,3269,AAGTAG,ACAAA,GGATA
