,raw,orig_species,score,align_position,sequence,5_before,5_after
0,891,VT40548|1|MEMB002B|-|2476,1.0925933122634888,1967,AGTTTT,ATCCAAACACT,CAGTT
1,815,VT40548|1|MEMB002C|-|2397,-2.155334234237671,1967,AATTCT,ATGCAAACACT,CAGTT
2,791,VT40548|1|MEMB002D|-|2274,-0.9537003636360168,1967,GTTACC,ACGCAAACACT,ACAAA
3,115,VT40548|1|MEMB002E|-|1581,0.04629964381456375,1967,AGTTCC,ATGCAAACACT,CACTA
4,1308,VT40548|1|MEMB002F|-|2939,-2.155334234237671,1967,AATTCT,ATGCAAACACT,CAAGT
5,1184,VT40548|1|MEMB003C|+|2757,-2.155334234237671,1967,AATTCT,ATGCAAACACT,CAGTT
6,890,VT40548|1|MEMB004A|+|2458,1.0925933122634888,1967,AGTTTT,ATCCAAACACT,CAGTT
7,1391,VT40548|1|MEMB004B|+|2863,-4.201627731323241,1967,TAATCC,ATGCAAACACT,AACAC
8,1540,VT40548|1|MEMB005B|-|2969,-4.201627731323241,1967,TAATCC,ATGCAAACCCT,AACAC
9,817,VT40548|1|MEMB005D|-|2297,3.3556277751922607,1967,TATTTA,ATGCAGACACT,CACTA
10,801,VT40548|1|MEMB006A|-|2301,1.0925933122634888,1967,TATTTT,ATGCAGACACT,CACTA
11,1075,VT40548|1|MEMB006B|+|2605,-2.155334234237671,1967,AGTTCT,ATGCCAAACAC,CAGCC
12,1211,VT40548|1|MEMB006C|+|2749,-0.9537003636360168,1967,TTATTC,ATGCAAACACT,AACAC
13,790,VT40548|1|MEMB007B|+|2377,-2.155334234237671,1967,AATTCT,ATGCAAACACT,CAGTT
14,1087,VT40548|1|MEMB007D|-|2770,2.3556277751922607,1967,ATTCTA,GTGCTGGACTC,GCACA
15,114,VT40548|1|MEMB008C|+|1578,1.0078254938125608,1967,TAGTCC,ATGCAAACACT,AACAC
