,raw,orig_species,score,align_position,strand,sequence,5_before,5_after
0,1917,VT43692|0|MEMB002A|-|2721,1.0078254938125608,2554,positive,AAGTCC,ATTCT,CAGCC
1,1910,VT43692|0|MEMB002C|-|2742,-6.403261661529541,2554,positive,AAATCT,ATCTG,CAGGG
2,1898,VT43692|0|MEMB002D|-|2815,-0.8922998309135437,2554,positive,AATCCA,ACCAT,TGGAA
3,1943,VT43692|0|MEMB002E|-|2903,-4.201627731323241,2554,positive,TAATCC,ATTTT,CAGGG
4,1744,VT43692|0|MEMB002F|+|2649,-5.201627731323242,2554,positive,AAACCC,ATTTA,AAGGG
5,1772,VT43692|0|MEMB003B|+|2749,3.294227123260498,2554,positive,CTTTTC,ATTTG,ATTTA
6,1916,VT43692|0|MEMB003C|+|2745,-0.9307739734649658,2554,positive,GGGAAA,ATCTG,TTTCA
7,1877,VT43692|0|MEMB003F|-|2895,-3.3073372840881348,2554,positive,ATTCCG,GGTTG,CTAGG
8,1771,VT43692|0|MEMB004E|+|2748,0.06922604143619537,2554,positive,ATGCCA,ATTTG,CTGGG
9,1824,VT43692|0|MEMB005B|+|2826,-3.3073372840881348,2554,positive,ATTCCG,ATTTG,CTCGG
10,1884,VT43692|0|MEMB005D|+|2837,-3.1553342342376713,2554,positive,AAATTT,ATTTC,TACAG
11,1913,VT43692|0|MEMB006A|-|2845,-6.403261661529541,2554,positive,AAATCT,ATTTG,TACGG
12,1818,VT43692|0|MEMB007C|+|2681,3.294227123260498,2554,positive,CTTTTC,ATTTG,ATTTA
