,raw,orig_species,score,align_position,sequence,5_before,5_after
0,2171,VT43692|0|MEMB002A|-|2721,-4.201627731323241,3295,ACATCC,TTGATTAGTTA,CTAAT
1,2615,VT43692|0|MEMB002B|+|3194,-4.201627731323241,3295,ACATCC,TTGATTAGTCA,CTGAT
2,2190,VT43692|0|MEMB002C|-|2742,-4.201627731323241,3295,ACATCC,TTGATTAGTTT,CTAAT
3,2251,VT43692|0|MEMB002D|-|2815,-4.201627731323241,3295,ATATCC,TCGATTAGTCA,TTAAT
4,2315,VT43692|0|MEMB002E|-|2903,-0.9537003636360168,3295,ATATTC,TTGATTGGTTA,GTGAT
5,2070,VT43692|0|MEMB002F|+|2649,-4.201627731323241,3295,ATATCC,TTGATTAGCTA,TTCAT
6,1599,VT43692|0|MEMB003A|-|2178,-4.201627731323241,3295,ATATCC,TTGAATAGTCA,TTGAT
7,2171,VT43692|0|MEMB003B|+|2749,-4.201627731323241,3295,ATATCC,TTGATTAGTCA,TTGAT
8,2193,VT43692|0|MEMB003C|+|2745,-4.201627731323241,3295,ACATCC,TTGATTAGTTA,CTAAT
9,2041,VT43692|0|MEMB003D|+|2594,-4.201627731323241,3295,ATATCC,TTGATTAGTCA,TTGAT
10,2281,VT43692|0|MEMB003F|-|2895,-4.201627731323241,3295,ATATCC,TTGATTAGTCA,CTTAA
11,2498,VT43692|0|MEMB004A|-|3068,-4.201627731323241,3295,ACATCC,TTGATTAGTCA,CTGCT
12,2181,VT43692|0|MEMB004B|-|2761,-4.201627731323241,3295,TTATCC,TTGATTAGTCA,TTATT
13,2162,VT43692|0|MEMB004E|+|2748,-4.201627731323241,3295,ATATCC,TTGATTAGTCA,TTAAC
14,2240,VT43692|0|MEMB005B|+|2826,-4.201627731323241,3295,ATATCC,TTGATTAGTCA,TTGAT
15,2284,VT43692|0|MEMB005D|+|2837,-4.201627731323241,3295,ACATCC,TTGATTAGGCA,TTGAG
16,2305,VT43692|0|MEMB006A|-|2845,-4.201627731323241,3295,AAATCC,TTGATTAGTCA,TTGAT
17,2248,VT43692|0|MEMB006C|+|2818,-4.201627731323241,3295,ATATCC,TTGATTAGTCG,TTGAT
18,2197,VT43692|0|MEMB007B|+|2747,-4.201627731323241,3295,ACATCC,TTGATTAGTCA,CTAAT
19,2104,VT43692|0|MEMB007C|+|2681,-4.201627731323241,3295,ATATCC,TTGATTAGTCA,TTGAT
20,2055,VT43692|0|MEMB007D|-|2615,-4.201627731323241,3295,ACATCC,TTGATTAGTCA,TTCTG
21,2044,VT43692|0|dkik|+|2630,-4.201627731323241,3295,ATATCC,TTGATTAGTCA,TACAT
