,raw,orig_species,score,align_position,strand,sequence,5_before,5_after
0,522,VT43692|0|MEMB002A|-|2721,0.10770019143819808,677,positive,TACTTA,CACGT,AAGTT
1,533,VT43692|0|MEMB002B|+|3194,-1.9537003040313718,677,positive,TAACTC,CACCT,GTGTT
2,493,VT43692|0|MEMB002C|-|2742,0.10770019143819808,677,positive,TACTTA,CACGT,GAGTT
3,534,VT43692|0|MEMB002D|-|2815,3.3556277751922607,677,positive,TTTTTA,ATGAA,TTGTT
4,565,VT43692|0|MEMB002E|-|2903,0.10770019143819808,677,positive,TTCTTA,CATCT,ATATG
5,496,VT43692|0|MEMB002F|+|2649,0.10770019143819808,677,positive,TTCTTA,CATCT,GGGGT
6,4,VT43692|0|MEMB003A|-|2178,0.10770019143819808,677,positive,TTCTTA,AGAGA,TTGTT
7,506,VT43692|0|MEMB003C|+|2745,0.10770019143819808,677,positive,TACTTA,CACGT,GAGTT
8,432,VT43692|0|MEMB003D|+|2594,0.10770019143819808,677,positive,TTCTTA,CATTT,TTGTT
9,537,VT43692|0|MEMB003F|-|2895,2.3556277751922607,677,positive,TTTGTA,TTCTT,TTAAT
10,536,VT43692|0|MEMB004A|-|3068,-1.9537003040313718,677,positive,TAACTC,TACCT,GTGTT
11,544,VT43692|0|MEMB004B|-|2761,0.10770019143819808,677,positive,TTCTTA,CATCT,TTAAT
12,508,VT43692|0|MEMB006C|+|2818,0.10770019143819808,677,positive,TTCTTA,CAATT,TTCTT
13,520,VT43692|0|MEMB007B|+|2747,0.10770019143819808,677,positive,TACTTA,CACCT,GAGTT
14,528,VT43692|0|MEMB007C|+|2681,-0.8922998309135437,677,positive,GGATTA,CATCT,CTTAA
15,608,VT43692|0|MEMB007D|-|2615,-4.140227317810059,677,positive,TTCGCA,CATCT,TTGTT
16,522,VT43692|0|MEMB008C|+|1543,0.10770019143819808,677,positive,TTCTTA,CATCC,TTAAT
17,449,VT43692|0|dkik|+|2630,0.10770019143819808,677,positive,TTCTTA,CATAT,TTGTT
