,raw,orig_species,score,align_position,strand,sequence,5_before,5_after
0,1054,VT43692|0|MEMB002A|-|2721,-5.140227317810059,1308,positive,GGATAA,CCCAG,AAAAC
1,1068,VT43692|0|MEMB002B|+|3194,-5.140227317810059,1308,positive,GGATAA,CCCAG,AAAAC
2,1028,VT43692|0|MEMB002C|-|2742,-5.140227317810059,1308,positive,GGATAA,CCCAG,AAAAC
3,1014,VT43692|0|MEMB002D|-|2815,-4.140227317810059,1308,positive,GAACGA,TAGAG,AAAAC
4,1050,VT43692|0|MEMB002E|-|2903,-3.1402273178100586,1308,positive,GAATGA,TAGAG,AAAAC
5,971,VT43692|0|MEMB002F|+|2649,-3.1402273178100586,1308,positive,GGATGA,CCAAG,AAAAC
6,511,VT43692|0|MEMB003A|-|2178,-3.1402273178100586,1308,positive,GTATGA,TAGAC,AAAAC
7,955,VT43692|0|MEMB003B|+|2749,1.1077002286911009,1308,positive,GTTTGA,CAGGG,AAAAC
8,1032,VT43692|0|MEMB003C|+|2745,-5.140227317810059,1308,positive,GGATAA,CCCAG,AAAAC
9,939,VT43692|0|MEMB003D|+|2594,-3.1402273178100586,1308,positive,GTATGA,TAGAC,AAAAC
10,1023,VT43692|0|MEMB003F|-|2895,-2.1402273178100586,1308,positive,GTCTGA,TAGAG,AAAAC
11,1068,VT43692|0|MEMB004A|-|3068,-5.140227317810059,1308,positive,GGATAA,CCCAG,AAAAC
12,1046,VT43692|0|MEMB004B|-|2761,-2.1402273178100586,1308,positive,GACTGA,TAGAT,AAAAC
13,918,VT43692|0|MEMB004E|+|2748,-2.1402273178100586,1308,positive,GACTGA,TAGAG,AAAAC
14,964,VT43692|0|MEMB005B|+|2826,-2.1402273178100586,1308,positive,GGCTGA,TAGAC,ATAAC
15,1026,VT43692|0|MEMB005D|+|2837,-3.1402273178100586,1308,positive,GGATGA,TAGAA,AAAAC
16,1009,VT43692|0|MEMB006A|-|2845,-3.1402273178100586,1308,positive,GGATGA,TAGAA,AAAAC
17,997,VT43692|0|MEMB006B|-|1806,1.1077002286911009,1308,positive,GTTTGA,TGGAG,AAAAC
18,1016,VT43692|0|MEMB006C|+|2818,0.06922604143619537,1308,positive,ACGACA,TAGAT,AAAAA
19,1052,VT43692|0|MEMB007B|+|2747,-5.140227317810059,1308,positive,GGATAA,CCCAG,AAAAC
20,1085,VT43692|0|MEMB007D|-|2615,-3.1402273178100586,1308,positive,GGATGA,AACCC,AAAAT
21,1001,VT43692|0|MEMB008C|+|1543,-2.1402273178100586,1308,positive,GGCTGA,TAGAA,AAAAC
22,957,VT43692|0|dkik|+|2630,-3.1402273178100586,1308,positive,GTATGA,TCGAC,AAAAC
