,raw,orig_species,score,align_position,sequence,5_before,5_after
0,1917,VT43692|0|MEMB002A|-|2721,1.0078254938125608,2554,AAGTCC,CCTCA,CAGCC
1,1910,VT43692|0|MEMB002C|-|2742,-6.403261661529541,2554,AAATCT,TCTCA,CAGGG
2,1898,VT43692|0|MEMB002D|-|2815,-0.8922998309135437,2554,AATCCA,ACCCC,TGGAA
3,1943,VT43692|0|MEMB002E|-|2903,-4.201627731323241,2554,TAATCC,CCTAA,CAGGG
4,1744,VT43692|0|MEMB002F|+|2649,-5.201627731323242,2554,AAACCC,CCACA,AAGGG
5,1772,VT43692|0|MEMB003B|+|2749,3.294227123260498,2554,CTTTTC,TCAGA,ATTTA
6,1916,VT43692|0|MEMB003C|+|2745,-0.9307739734649658,2554,GGGAAA,TCTCA,TTTCA
7,1877,VT43692|0|MEMB003F|-|2895,-3.3073372840881348,2554,ATTCCG,CCTAA,CTAGG
8,1771,VT43692|0|MEMB004E|+|2748,0.06922604143619537,2554,ATGCCA,CTTAA,CTGGG
9,1824,VT43692|0|MEMB005B|+|2826,-3.3073372840881348,2554,ATTCCG,CCTAA,CTCGG
10,1884,VT43692|0|MEMB005D|+|2837,-3.1553342342376713,2554,AAATTT,CCCAA,TACAG
11,1913,VT43692|0|MEMB006A|-|2845,-6.403261661529541,2554,AAATCT,CCCAA,TACGG
12,1818,VT43692|0|MEMB007C|+|2681,3.294227123260498,2554,CTTTTC,CCAGA,ATTTA
