,raw,orig_species,score,align_position,sequence,5_before,5_after
0,1268,VT43692|0|MEMB002A|-|2721,-1.8922997713088991,1750,TACTCC,TTTTT,TTTTA
1,1479,VT43692|0|MEMB002B|+|3194,-4.307337284088135,1750,CACTCC,TTTTT,TTTAA
2,1250,VT43692|0|MEMB002C|-|2742,-1.8922997713088991,1750,TACTCC,TTTTT,TTTAA
3,1198,VT43692|0|MEMB002D|-|2815,-0.8922998309135437,1750,TAATCC,TTTGG,TTTAA
4,1262,VT43692|0|MEMB002E|-|2903,-0.8922998309135437,1750,TAATCC,TTTGG,TTTAA
5,703,VT43692|0|MEMB003A|-|2178,-0.8922998309135437,1750,TAATCC,TTTTG,TTTAA
6,1144,VT43692|0|MEMB003B|+|2749,-4.140227317810059,1750,TGATCC,TTTTG,TTTAA
7,1256,VT43692|0|MEMB003C|+|2745,-1.8922997713088991,1750,TACTCC,TTTTT,TTTAA
8,1132,VT43692|0|MEMB003D|+|2594,-0.8922998309135437,1750,TAATCC,TTTTG,TTAAA
9,1218,VT43692|0|MEMB003F|-|2895,-0.8922998309135437,1750,TAATCC,TTAGG,TTTAA
10,1295,VT43692|0|MEMB004A|-|3068,-5.140227317810059,1750,TGCTCC,TTTTT,TTAAA
11,1246,VT43692|0|MEMB004B|-|2761,-0.8922998309135437,1750,TAATCC,TTTGG,TTTAA
12,1112,VT43692|0|MEMB004E|+|2748,-0.8922998309135437,1750,TAATCC,TTTGC,TTTAA
13,1165,VT43692|0|MEMB005B|+|2826,-0.8922998309135437,1750,TAATCC,TTTGG,TTTAA
14,1211,VT43692|0|MEMB005D|+|2837,-3.3073372840881348,1750,CAATCC,TTTTG,TTTAA
15,1222,VT43692|0|MEMB006A|-|2845,-0.8922998309135437,1750,TAATCC,TTTAG,TTTAA
16,1181,VT43692|0|MEMB006B|-|1806,-0.8922998309135437,1750,TAATCC,TTTCG,TTTAT
17,1230,VT43692|0|MEMB006C|+|2818,-0.8922998309135437,1750,TAATCC,TTGGG,TTTAA
18,1276,VT43692|0|MEMB007B|+|2747,0.06922604143619537,1750,TTACTC,TTTTT,CCTTA
19,1171,VT43692|0|MEMB007C|+|2681,-5.140227317810059,1750,TTATCC,TGTTG,TTTAA
20,1229,VT43692|0|MEMB007D|-|2615,3.3556277751922607,1750,TAAACC,GGTTT,TTTTA
21,1216,VT43692|0|MEMB008C|+|1543,-0.8922998309135437,1750,TAATCC,TTTGG,ATTAA
22,1157,VT43692|0|dkik|+|2630,-0.8922998309135437,1750,TAATCC,TTTTG,TTTAA
