,raw,orig_species,score,align_position,strand,sequence,5_before,5_after
0,2049,VT43692|0|MEMB002A|-|2721,-4.140227317810059,3098,positive,GGATCA,AATAT,TACTA
1,2495,VT43692|0|MEMB002B|+|3194,-4.140227317810059,3098,positive,GGATCA,AATTG,TACTA
2,2068,VT43692|0|MEMB002C|-|2742,-4.140227317810059,3098,positive,GGATCA,AATTG,TACTA
3,2087,VT43692|0|MEMB002D|-|2815,-4.140227317810059,3098,positive,AGATCA,AAACC,CACTA
4,2148,VT43692|0|MEMB002E|-|2903,3.3556277751922607,3098,positive,AGTTTA,AATCA,CTCTA
5,1963,VT43692|0|MEMB002F|+|2649,-4.140227317810059,3098,positive,GGATCA,AAACT,TACTA
6,1413,VT43692|0|MEMB003A|-|2178,-0.8922998309135437,3098,positive,GGATTA,AATTT,CACTA
7,1985,VT43692|0|MEMB003B|+|2749,3.3556277751922607,3098,positive,GGTTTA,AAGCT,TACTA
8,2071,VT43692|0|MEMB003C|+|2745,-4.140227317810059,3098,positive,GGATCA,AATTG,TACTA
9,1855,VT43692|0|MEMB003D|+|2594,-0.8922998309135437,3098,positive,GGATTA,AATCT,CACTA
10,2112,VT43692|0|MEMB003F|-|2895,-4.140227317810059,3098,positive,GGATCA,AATTC,TACTA
11,2382,VT43692|0|MEMB004A|-|3068,-4.140227317810059,3098,positive,GGATCA,AATTA,TACTA
12,2012,VT43692|0|MEMB004B|-|2761,0.10770019143819808,3098,positive,GGTTCA,AATAT,TACTA
13,1994,VT43692|0|MEMB004E|+|2748,-6.403261661529541,3098,positive,GGATCT,AATTC,TACTA
14,2065,VT43692|0|MEMB005B|+|2826,-4.140227317810059,3098,positive,GGATCA,AATCT,TACTA
15,2112,VT43692|0|MEMB005D|+|2837,-6.555264949798584,3098,positive,AGATCG,AATAT,TCCTA
16,2137,VT43692|0|MEMB006A|-|2845,-4.140227317810059,3098,positive,AGATCA,AATAT,TCCTA
17,2072,VT43692|0|MEMB006C|+|2818,-4.140227317810059,3098,positive,GGATCA,AATCT,TACTA
18,2075,VT43692|0|MEMB007B|+|2747,-6.403261661529541,3098,positive,GGATCT,AATTT,TACTG
19,2004,VT43692|0|MEMB007C|+|2681,3.3556277751922607,3098,positive,GGTTTA,AATCT,TTCTA
20,1952,VT43692|0|MEMB007D|-|2615,-4.140227317810059,3098,positive,GGATCA,AATCT,TTCTA
21,1858,VT43692|0|dkik|+|2630,-0.8922998309135437,3098,positive,GGATTA,AGTCT,CACTA
