,raw,orig_species,score,align_position,strand,sequence,5_before,5_after
0,1326,VT43692|0|MEMB002A|-|2721,-6.140227317810059,1813,positive,AGACAA,CACTT,AAACG
1,1537,VT43692|0|MEMB002B|+|3194,-6.140227317810059,1813,positive,AGACAA,CACTT,AAACG
2,1308,VT43692|0|MEMB002C|-|2742,-6.140227317810059,1813,positive,AGACAA,CACTT,AAACG
3,1257,VT43692|0|MEMB002D|-|2815,-6.201627731323242,1813,positive,AGAAAC,CACAC,AACCG
4,1320,VT43692|0|MEMB002E|-|2903,-0.9307739734649658,1813,positive,AGGCAA,CACAC,AAACA
5,1178,VT43692|0|MEMB002F|+|2649,-0.9921745061874391,1813,positive,AGGCAC,CACTT,AAACA
6,756,VT43692|0|MEMB003A|-|2178,-8.555264472961426,1813,positive,AGACAG,CACTC,AAACG
7,1203,VT43692|0|MEMB003B|+|2749,-6.140227317810059,1813,positive,AGACAA,CACTC,AAACG
8,1314,VT43692|0|MEMB003C|+|2745,-6.140227317810059,1813,positive,AGACAA,CACTT,AAACG
9,1190,VT43692|0|MEMB003D|+|2594,-8.555264472961426,1813,positive,AGACAG,CACTT,AAACG
10,1260,VT43692|0|MEMB003F|-|2895,-6.140227317810059,1813,positive,AGACAA,CACCT,GAACG
11,1353,VT43692|0|MEMB004A|-|3068,-6.140227317810059,1813,positive,AAAGAA,CACTT,AAATA
12,1287,VT43692|0|MEMB004B|-|2761,-5.140227317810059,1813,positive,ACACCA,CACTT,GAACG
13,1153,VT43692|0|MEMB004E|+|2748,-6.140227317810059,1813,positive,GGACAA,CACTT,GAACG
14,1209,VT43692|0|MEMB005B|+|2826,-6.140227317810059,1813,positive,GAACAA,AAGCA,GAACG
15,1269,VT43692|0|MEMB005D|+|2837,-8.555264472961426,1813,positive,AGAAAG,CACTC,GAACG
16,1280,VT43692|0|MEMB006A|-|2845,-8.555264472961426,1813,positive,AGAAAG,CACTC,AAACG
17,1239,VT43692|0|MEMB006B|-|1806,-6.140227317810059,1813,positive,AGAAAA,CACTT,GAACA
18,1271,VT43692|0|MEMB006C|+|2818,-6.140227317810059,1813,positive,GGACAA,CACTT,GAACG
19,1335,VT43692|0|MEMB007B|+|2747,-6.140227317810059,1813,positive,AGACAA,CACTT,AAACG
20,1229,VT43692|0|MEMB007C|+|2681,-4.140227317810059,1813,positive,AGACGA,CACTC,AAACG
21,1287,VT43692|0|MEMB007D|-|2615,-6.140227317810059,1813,positive,AGACAA,CACTC,AAACG
22,1257,VT43692|0|MEMB008C|+|1543,-5.140227317810059,1813,positive,GGATAA,CACTT,ATGTG
23,1215,VT43692|0|dkik|+|2630,-8.555264472961426,1813,positive,AGACAG,CACTC,AAACG
