,raw,orig_species,score,align_position,sequence,5_before,5_after
0,1965,VT43692|0|MEMB002A|-|2721,-5.140227317810059,2622,TAATAA,TATCTACGAGT,ACTTA
1,2155,VT43692|0|MEMB002B|+|3194,-4.201627731323241,2622,TAATCC,TACCTACGAGT,ACCTA
2,1958,VT43692|0|MEMB002C|-|2742,-5.140227317810059,2622,TAATAA,TATCTTAGAGT,TCTTA
3,1939,VT43692|0|MEMB002D|-|2815,0.10770019143819808,2622,AATTCA,AATTATAGGTA,CTTAC
4,2010,VT43692|0|MEMB002E|-|2903,-4.140227317810059,2622,TAATCA,AATGATTGAAT,ACCTA
5,1793,VT43692|0|MEMB002F|+|2649,-4.140227317810059,2622,TAATCA,CATCTCTGAGT,AATTA
6,1789,VT43692|0|MEMB003B|+|2749,-4.140227317810059,2622,TCATCA,AGTTATATTTA,TATAA
7,1961,VT43692|0|MEMB003C|+|2745,-5.140227317810059,2622,TAATAA,TATCTAAGAGT,TCTTA
8,1915,VT43692|0|MEMB003F|-|2895,-1.8922997713088991,2622,TCTGAA,GTTATAGGTGT,CCCTT
9,1996,VT43692|0|MEMB004A|-|3068,-4.201627731323241,2622,AAATCC,TATCTACGAGT,ACATA
10,1846,VT43692|0|MEMB004B|-|2761,3.3556277751922607,2622,TATTTA,GTTATAATATT,CTGCT
11,1810,VT43692|0|MEMB004E|+|2748,-1.8922997713088991,2622,TTTGAA,TTTCTACCTAC,CTTTA
12,1864,VT43692|0|MEMB005B|+|2826,1.046299695968628,2622,TGTTGC,AGTTATAGGTA,GCCTT
13,1922,VT43692|0|MEMB005D|+|2837,-4.140227317810059,2622,TAATCA,AATGTATAAAT,TTCTG
14,1951,VT43692|0|MEMB006A|-|2845,-4.140227317810059,2622,TAATCA,TATGTTTTACT,TCCTA
15,1902,VT43692|0|MEMB006C|+|2818,-0.8922998309135437,2622,TATTAA,AGTCTATAGAT,TCTTT
16,1951,VT43692|0|MEMB007B|+|2747,-6.140227317810059,2622,TAAAAA,TATCTACGAGT,CATTA
17,1844,VT43692|0|MEMB007C|+|2681,-0.8922998309135437,2622,TTATTA,AAATGATCAAG,AATTG
