,raw,orig_species,score,align_position,strand,sequence,5_before,5_after
0,2365,VT43692|0|MEMB002B|+|3194,-1.155334234237671,2915,positive,TATTGT,AATCT,ACAAA
1,2026,VT43692|0|MEMB002C|-|2742,-3.1553342342376713,2915,positive,CAATTT,CATAC,AACAA
2,1979,VT43692|0|MEMB002D|-|2815,1.0925933122634888,2915,positive,TTTTTT,ATTTT,GAAGA
3,1849,VT43692|0|MEMB002F|+|2649,0.09259329736232758,2915,positive,ATTATT,GTAAA,AAGAC
4,1326,VT43692|0|MEMB003A|-|2178,-4.201627731323241,2915,positive,AAATCC,ATAAA,GAATG
5,1879,VT43692|0|MEMB003B|+|2749,-4.201627731323241,2915,positive,TAATCC,GGCTA,GAAGG
6,2029,VT43692|0|MEMB003C|+|2745,-3.1553342342376713,2915,positive,CAATTT,CATAC,AACAA
7,1774,VT43692|0|MEMB003D|+|2594,-4.201627731323241,2915,positive,AAATCC,ATAAA,GAAAG
8,2006,VT43692|0|MEMB003F|-|2895,-4.201627731323241,2915,positive,TAATCC,GGCTA,GAAAG
9,2288,VT43692|0|MEMB004A|-|3068,-1.155334234237671,2915,positive,TATTGT,AATCT,ACAAA
10,1921,VT43692|0|MEMB004B|-|2761,-4.201627731323241,2915,positive,TAATCC,GGCTT,GAAAG
11,1899,VT43692|0|MEMB004E|+|2748,-3.1553342342376713,2915,positive,TAATTT,GGCCC,GTAAG
12,1954,VT43692|0|MEMB005B|+|2826,-6.403261661529541,2915,positive,TAATCT,GGCTA,GAAAG
13,2006,VT43692|0|MEMB005D|+|2837,0.10770019143819808,2915,positive,TATTCA,AGCAA,AAAAA
14,2029,VT43692|0|MEMB006A|-|2845,-5.140227317810059,2915,positive,TAATAA,AATAG,AACAA
15,1992,VT43692|0|MEMB006C|+|2818,-4.201627731323241,2915,positive,TAATCC,GCCTA,GAAAG
16,2017,VT43692|0|MEMB007B|+|2747,-3.1553342342376713,2915,positive,TAATTT,CATAC,AATAA
17,1925,VT43692|0|MEMB007C|+|2681,-4.201627731323241,2915,positive,TAATCC,GGCTA,GAAGG
18,1907,VT43692|0|MEMB007D|-|2615,-3.3073372840881348,2915,positive,CAATTG,AGATT,AGTGT
19,1801,VT43692|0|dkik|+|2630,-4.201627731323241,2915,positive,AAATCC,ATAAA,GAAAG
