,raw,orig_species,score,align_position,sequence,5_before,5_after
0,530,VT43692|0|MEMB002A|-|2721,-8.555264472961426,685,GGAAAG,TTTAC,CTTAA
1,541,VT43692|0|MEMB002B|+|3194,-4.307337284088135,685,GGAGTG,TTTAA,CTTAA
2,501,VT43692|0|MEMB002C|-|2742,-8.555264472961426,685,GGAGAG,TTTAC,CTTAA
3,542,VT43692|0|MEMB002D|-|2815,-3.3073372840881348,685,GGATTG,TTTTT,CTTAA
4,573,VT43692|0|MEMB002E|-|2903,-1.8922997713088991,685,GGAATA,TGTTC,ACTAA
5,503,VT43692|0|MEMB002F|+|2649,-1.3458114862442017,685,GGGGGG,TTTCT,CTTAA
6,12,VT43692|0|MEMB003A|-|2178,-3.3073372840881348,685,GTATTG,TTTTC,CTTAA
7,466,VT43692|0|MEMB003B|+|2749,-4.155333995819092,685,GGAGTT,TTATT,CTTAA
8,514,VT43692|0|MEMB003C|+|2745,-8.555264472961426,685,GGAGAG,TTTAC,CTTAA
9,440,VT43692|0|MEMB003D|+|2594,-3.3073372840881348,685,GTATTG,TTTTC,CTTAA
10,545,VT43692|0|MEMB003F|-|2895,-0.8922998309135437,685,GGATTA,ATTTT,CTTAA
11,544,VT43692|0|MEMB004A|-|3068,-4.307337284088135,685,GGAGTG,TTTAA,CTTAT
12,552,VT43692|0|MEMB004B|-|2761,-0.8922998309135437,685,GGATTA,ATTTC,TTTAA
13,514,VT43692|0|MEMB005D|+|2837,-3.3073372840881348,685,GGATTG,TTTTA,CGTAA
14,513,VT43692|0|MEMB006A|-|2845,-3.3073372840881348,685,GGATTG,TTTTC,CGTAA
15,516,VT43692|0|MEMB006C|+|2818,-0.9537003636360168,685,GGATTC,TTTTC,CTGAA
16,528,VT43692|0|MEMB007B|+|2747,-8.555264472961426,685,GGAGAG,TTTAC,CTTAA
17,616,VT43692|0|MEMB007D|-|2615,-3.3073372840881348,685,GGATTG,TTTTC,CTTCA
18,530,VT43692|0|MEMB008C|+|1543,-0.8922998309135437,685,GGATTA,ATTTC,CTTAA
19,457,VT43692|0|dkik|+|2630,-3.3073372840881348,685,GGATTG,TTTTC,CTTAA
