,raw,orig_species,score,align_position,strand,sequence,5_before,5_after
0,559,VT43692|0|MEMB002A|-|2721,-5.140227317810059,744,positive,CTCAAA,AAACT,ATGTT
1,570,VT43692|0|MEMB002B|+|3194,-1.8922997713088991,744,positive,CTTAAA,AAACC,ATGTT
2,530,VT43692|0|MEMB002C|-|2742,-1.8922997713088991,744,positive,CTTAAA,AAGCT,ATGTT
3,571,VT43692|0|MEMB002D|-|2815,-0.05940979719161987,744,positive,AGTCTG,AAGAC,TGTTA
4,593,VT43692|0|MEMB002E|-|2903,-4.140227317810059,744,positive,TTAAGA,AAGAC,ATGTT
5,532,VT43692|0|MEMB002F|+|2649,-1.8922997713088991,744,positive,CTTAAA,AAGCC,ATGTT
6,41,VT43692|0|MEMB003A|-|2178,-1.8922997713088991,744,positive,CTTAAA,AAGCC,ACGAT
7,489,VT43692|0|MEMB003B|+|2749,-8.555264472961426,744,positive,TTAGAG,AATGA,TGTTT
8,543,VT43692|0|MEMB003C|+|2745,-1.8922997713088991,744,positive,CTTAAA,AAGCT,ATGTT
9,469,VT43692|0|MEMB003D|+|2594,-1.8922997713088991,744,positive,CTTAAA,AAGCC,ACGTT
10,573,VT43692|0|MEMB004A|-|3068,-1.8922997713088991,744,positive,CTTAAA,AAGCC,ATGTT
11,581,VT43692|0|MEMB004B|-|2761,-1.8922997713088991,744,positive,CTTAAA,AAGCC,ATGTT
12,525,VT43692|0|MEMB005B|+|2826,-1.8922997713088991,744,positive,TTTAAA,AAGCA,ACGTT
13,559,VT43692|0|MEMB005D|+|2837,-0.8922998309135437,744,positive,TTTTAA,AGAGT,TTTGT
14,540,VT43692|0|MEMB006B|-|1806,-4.201627731323241,744,positive,TTATCC,AAATG,GATTT
15,545,VT43692|0|MEMB006C|+|2818,-1.8922997713088991,744,positive,TTTAAA,AAGTC,AAGTT
16,557,VT43692|0|MEMB007B|+|2747,-0.8922998309135437,744,positive,CTTTAA,AAGCC,ATGTT
17,551,VT43692|0|MEMB007C|+|2681,-8.555264472961426,744,positive,TTAGAG,AATGA,TGTTT
18,645,VT43692|0|MEMB007D|-|2615,2.3556277751922607,744,positive,TTTATA,AAGCC,ATCAT
19,559,VT43692|0|MEMB008C|+|1543,-6.140227317810059,744,positive,TTAAAA,AAACC,TTGTT
20,486,VT43692|0|dkik|+|2630,-1.8922997713088991,744,positive,TTTAAA,AAGTC,ACGAT
