,raw,orig_species,score,align_position,sequence,5_before,5_after
0,530,VT43692|0|MEMB002A|-|2721,-8.555264472961426,685,CTTTCC,GTAAA,TTAAG
1,541,VT43692|0|MEMB002B|+|3194,-4.307337284088135,685,CACTCC,TTAAA,TTAAG
2,501,VT43692|0|MEMB002C|-|2742,-8.555264472961426,685,CTCTCC,GTAAA,TTAAG
3,542,VT43692|0|MEMB002D|-|2815,-3.3073372840881348,685,CAATCC,AAAAA,TTAAG
4,573,VT43692|0|MEMB002E|-|2903,-1.8922997713088991,685,TATTCC,GAACA,TTAGT
5,503,VT43692|0|MEMB002F|+|2649,-1.3458114862442017,685,CCCCCC,AGAAA,TTAAG
6,12,VT43692|0|MEMB003A|-|2178,-3.3073372840881348,685,CAATAC,GAAAA,TTAAG
7,466,VT43692|0|MEMB003B|+|2749,-4.155333995819092,685,AACTCC,AATAA,TTAAG
8,514,VT43692|0|MEMB003C|+|2745,-8.555264472961426,685,CTCTCC,GTAAA,TTAAG
9,440,VT43692|0|MEMB003D|+|2594,-3.3073372840881348,685,CAATAC,GAAAA,TTAAG
10,545,VT43692|0|MEMB003F|-|2895,-0.8922998309135437,685,TAATCC,AAAAT,TTAAG
11,544,VT43692|0|MEMB004A|-|3068,-4.307337284088135,685,CACTCC,TTAAA,ATAAG
12,552,VT43692|0|MEMB004B|-|2761,-0.8922998309135437,685,TAATCC,GAAAT,TTAAA
13,514,VT43692|0|MEMB005D|+|2837,-3.3073372840881348,685,CAATCC,TAAAA,TTACG
14,513,VT43692|0|MEMB006A|-|2845,-3.3073372840881348,685,CAATCC,GAAAA,TTACG
15,516,VT43692|0|MEMB006C|+|2818,-0.9537003636360168,685,GAATCC,GAAAA,TTCAG
16,528,VT43692|0|MEMB007B|+|2747,-8.555264472961426,685,CTCTCC,GTAAA,TTAAG
17,616,VT43692|0|MEMB007D|-|2615,-3.3073372840881348,685,CAATCC,GAAAA,TGAAG
18,530,VT43692|0|MEMB008C|+|1543,-0.8922998309135437,685,TAATCC,GAAAT,TTAAG
19,457,VT43692|0|dkik|+|2630,-3.3073372840881348,685,CAATCC,GAAAA,TTAAG
