raw,orig_species,score,align_position,sequence,before,after
111.0,VT48156|0|MEMB002A|-|586,-3.155334234237672,153.0,TTTCCT,AGAGT,CTCGT
137.0,VT48156|0|MEMB002B|-|618,-3.155334234237672,153.0,TTTCCT,AGAGC,CTGCT
111.0,VT48156|0|MEMB002C|+|593,-3.155334234237672,153.0,TTTCCT,AGAGT,CTCCT
77.0,VT48156|0|MEMB002D|+|551,-4.201627731323241,153.0,TTATCC,AGAGT,CCTTT
44.0,VT48156|0|MEMB002E|-|515,-3.155334234237672,153.0,TTTCCT,AGAGT,CCTTT
112.0,VT48156|0|MEMB002F|-|568,-3.155334234237672,153.0,TTTCCT,AGAGT,CCCCT
71.0,VT48156|0|MEMB003A|+|530,-3.155334234237672,153.0,TTTCCT,AGAGT,CTCCT
90.0,VT48156|0|MEMB003B|+|553,-3.155334234237672,153.0,TTTCCT,AGAGT,CTCCT
89.0,VT48156|0|MEMB003C|+|564,-3.155334234237672,153.0,TTTCCT,AGAGT,CTCCT
83.0,VT48156|0|MEMB003D|+|541,-2.155334234237671,153.0,TTTTCT,AGAGT,CTCCT
96.0,VT48156|0|MEMB003F|-|554,-3.155334234237672,153.0,TTTCCT,AGAGT,CTCCC
137.0,VT48156|0|MEMB004A|-|618,-3.155334234237672,153.0,TTTCCT,AGAGC,CTGCT
107.0,VT48156|0|MEMB004B|+|565,-0.9537003636360168,153.0,TTTCCC,AGAGT,CTCCT
57.0,VT48156|0|MEMB004E|-|515,-0.9537003636360168,153.0,TTTCCC,AGAGC,CTCCT
44.0,VT48156|0|MEMB005B|-|498,-3.155334234237672,153.0,TTTCCT,AGAGT,CTCCT
59.0,VT48156|0|MEMB005D|+|525,-3.155334234237672,153.0,TTTCCT,AGAGT,CTCCT
86.0,VT48156|0|MEMB006A|-|556,-3.155334234237672,153.0,TTTCCT,AGAGT,CTCCT
100.0,VT48156|0|MEMB006B|-|570,-2.155334234237671,153.0,TTTTCT,AGAGT,CTCCT
94.0,VT48156|0|MEMB006C|-|560,-3.155334234237672,153.0,TTTGCT,AGAGT,CTGCC
77.0,VT48156|0|MEMB007B|-|545,-4.155333995819092,153.0,TTTCAT,AGAGT,CTCCT
45.0,VT48156|0|MEMB007C|-|514,-3.155334234237672,153.0,TTTCCT,AGAGT,CTGCT
118.0,VT48156|0|MEMB007D|-|551,-3.155334234237672,153.0,TTTCCT,AGTGT,CTCCT
89.0,VT48156|0|MEMB008C|-|546,-3.155334234237672,153.0,TTTCCT,AGAGT,CTCCT
115.0,VT48156|0|dkik|+|573,-3.155334234237672,153.0,TTTCCT,AGAGT,CTTCT
