raw,orig_species,score,align_position,sequence,before,after
111.0,VT48156|0|MEMB002A|-|586,-3.155334234237672,153.0,AGGAAA,AGGAAA,ATAAA
137.0,VT48156|0|MEMB002B|-|618,-3.155334234237672,153.0,AGGAAA,AGGAAA,ATAAA
111.0,VT48156|0|MEMB002C|+|593,-3.155334234237672,153.0,AGGAAA,AGGAAA,ATAAA
77.0,VT48156|0|MEMB002D|+|551,-4.201627731323241,153.0,GGATAA,GGATAA,ATAAA
44.0,VT48156|0|MEMB002E|-|515,-3.155334234237672,153.0,AGGAAA,AGGAAA,AAGTA
112.0,VT48156|0|MEMB002F|-|568,-3.155334234237672,153.0,AGGAAA,AGGAAA,ATGAA
71.0,VT48156|0|MEMB003A|+|530,-3.155334234237672,153.0,AGGAAA,AGGAAA,ATAAA
90.0,VT48156|0|MEMB003B|+|553,-3.155334234237672,153.0,AGGAAA,AGGAAA,ATATA
89.0,VT48156|0|MEMB003C|+|564,-3.155334234237672,153.0,AGGAAA,AGGAAA,ATAAA
83.0,VT48156|0|MEMB003D|+|541,-2.155334234237671,153.0,AGAAAA,AGAAAA,ATAAA
96.0,VT48156|0|MEMB003F|-|554,-3.155334234237672,153.0,AGGAAA,AGGAAA,ATAAA
137.0,VT48156|0|MEMB004A|-|618,-3.155334234237672,153.0,AGGAAA,AGGAAA,ATAAA
107.0,VT48156|0|MEMB004B|+|565,-0.9537003636360168,153.0,GGGAAA,GGGAAA,ATAAA
57.0,VT48156|0|MEMB004E|-|515,-0.9537003636360168,153.0,GGGAAA,GGGAAA,ATAAA
44.0,VT48156|0|MEMB005B|-|498,-3.155334234237672,153.0,AGGAAA,AGGAAA,ATAAA
59.0,VT48156|0|MEMB005D|+|525,-3.155334234237672,153.0,AGGAAA,AGGAAA,ATAAA
86.0,VT48156|0|MEMB006A|-|556,-3.155334234237672,153.0,AGGAAA,AGGAAA,ATAAA
100.0,VT48156|0|MEMB006B|-|570,-2.155334234237671,153.0,AGAAAA,AGAAAA,ATATA
94.0,VT48156|0|MEMB006C|-|560,-3.155334234237672,153.0,AGCAAA,AGCAAA,ATAAA
77.0,VT48156|0|MEMB007B|-|545,-4.155333995819092,153.0,ATGAAA,ATGAAA,ATAAA
45.0,VT48156|0|MEMB007C|-|514,-3.155334234237672,153.0,AGGAAA,AGGAAA,ATATA
118.0,VT48156|0|MEMB007D|-|551,-3.155334234237672,153.0,AGGAAA,AGGAAA,ATAAA
89.0,VT48156|0|MEMB008C|-|546,-3.155334234237672,153.0,AGGAAA,AGGAAA,ATAAA
115.0,VT48156|0|dkik|+|573,-3.155334234237672,153.0,AGGAAA,AGGAAA,ATAAA
