,raw,orig_species,score,align_position,strand,sequence,5_before,5_after
0,111,VT48156|0|MEMB002A|-|586,-3.1553342342376713,153,positive,TTTCCT,AGAGT,CTCGT
1,137,VT48156|0|MEMB002B|-|618,-3.1553342342376713,153,positive,TTTCCT,AGAGC,CTGCT
2,111,VT48156|0|MEMB002C|+|593,-3.1553342342376713,153,positive,TTTCCT,AGAGT,CTCCT
3,77,VT48156|0|MEMB002D|+|551,-4.201627731323241,153,positive,TTATCC,AGAGT,CCTTT
4,44,VT48156|0|MEMB002E|-|515,-3.1553342342376713,153,positive,TTTCCT,AGAGT,CCTTT
5,112,VT48156|0|MEMB002F|-|568,-3.1553342342376713,153,positive,TTTCCT,AGAGT,CCCCT
6,71,VT48156|0|MEMB003A|+|530,-3.1553342342376713,153,positive,TTTCCT,AGAGT,CTCCT
7,90,VT48156|0|MEMB003B|+|553,-3.1553342342376713,153,positive,TTTCCT,AGAGT,CTCCT
8,89,VT48156|0|MEMB003C|+|564,-3.1553342342376713,153,positive,TTTCCT,AGAGT,CTCCT
9,83,VT48156|0|MEMB003D|+|541,-2.155334234237671,153,positive,TTTTCT,AGAGT,CTCCT
10,96,VT48156|0|MEMB003F|-|554,-3.1553342342376713,153,positive,TTTCCT,AGAGT,CTCCC
11,137,VT48156|0|MEMB004A|-|618,-3.1553342342376713,153,positive,TTTCCT,AGAGC,CTGCT
12,107,VT48156|0|MEMB004B|+|565,-0.9537003636360168,153,positive,TTTCCC,AGAGT,CTCCT
13,57,VT48156|0|MEMB004E|-|515,-0.9537003636360168,153,positive,TTTCCC,AGAGC,CTCCT
14,44,VT48156|0|MEMB005B|-|498,-3.1553342342376713,153,positive,TTTCCT,AGAGT,CTCCT
15,59,VT48156|0|MEMB005D|+|525,-3.1553342342376713,153,positive,TTTCCT,AGAGT,CTCCT
16,86,VT48156|0|MEMB006A|-|556,-3.1553342342376713,153,positive,TTTCCT,AGAGT,CTCCT
17,100,VT48156|0|MEMB006B|-|570,-2.155334234237671,153,positive,TTTTCT,AGAGT,CTCCT
18,94,VT48156|0|MEMB006C|-|560,-3.1553342342376713,153,positive,TTTGCT,AGAGT,CTGCC
19,77,VT48156|0|MEMB007B|-|545,-4.155333995819092,153,positive,TTTCAT,AGAGT,CTCCT
20,45,VT48156|0|MEMB007C|-|514,-3.1553342342376713,153,positive,TTTCCT,AGAGT,CTGCT
21,118,VT48156|0|MEMB007D|-|551,-3.1553342342376713,153,positive,TTTCCT,AGTGT,CTCCT
22,89,VT48156|0|MEMB008C|-|546,-3.1553342342376713,153,positive,TTTCCT,AGAGT,CTCCT
23,115,VT48156|0|dkik|+|573,-3.1553342342376713,153,positive,TTTCCT,AGAGT,CTTCT
