raw,orig_species,score,align_position,sequence,before,after
111.0,VT48156|0|MEMB002A|-|586,-3.155334234237672,153.0,TTTCCT,TTTCCT,TTTAT
137.0,VT48156|0|MEMB002B|-|618,-3.155334234237672,153.0,TTTCCT,TTTCCT,TTTAT
111.0,VT48156|0|MEMB002C|+|593,-3.155334234237672,153.0,TTTCCT,TTTCCT,TTTAT
77.0,VT48156|0|MEMB002D|+|551,-4.201627731323241,153.0,TTATCC,TTATCC,TTTAT
44.0,VT48156|0|MEMB002E|-|515,-3.155334234237672,153.0,TTTCCT,TTTCCT,TACTT
112.0,VT48156|0|MEMB002F|-|568,-3.155334234237672,153.0,TTTCCT,TTTCCT,TTCAT
71.0,VT48156|0|MEMB003A|+|530,-3.155334234237672,153.0,TTTCCT,TTTCCT,TTTAT
90.0,VT48156|0|MEMB003B|+|553,-3.155334234237672,153.0,TTTCCT,TTTCCT,TATAT
89.0,VT48156|0|MEMB003C|+|564,-3.155334234237672,153.0,TTTCCT,TTTCCT,TTTAT
83.0,VT48156|0|MEMB003D|+|541,-2.155334234237671,153.0,TTTTCT,TTTTCT,TTTAT
96.0,VT48156|0|MEMB003F|-|554,-3.155334234237672,153.0,TTTCCT,TTTCCT,TTTAT
137.0,VT48156|0|MEMB004A|-|618,-3.155334234237672,153.0,TTTCCT,TTTCCT,TTTAT
107.0,VT48156|0|MEMB004B|+|565,-0.9537003636360168,153.0,TTTCCC,TTTCCC,TTTAT
57.0,VT48156|0|MEMB004E|-|515,-0.9537003636360168,153.0,TTTCCC,TTTCCC,TTTAT
44.0,VT48156|0|MEMB005B|-|498,-3.155334234237672,153.0,TTTCCT,TTTCCT,TTTAT
59.0,VT48156|0|MEMB005D|+|525,-3.155334234237672,153.0,TTTCCT,TTTCCT,TTTAT
86.0,VT48156|0|MEMB006A|-|556,-3.155334234237672,153.0,TTTCCT,TTTCCT,TTTAT
100.0,VT48156|0|MEMB006B|-|570,-2.155334234237671,153.0,TTTTCT,TTTTCT,TATAT
94.0,VT48156|0|MEMB006C|-|560,-3.155334234237672,153.0,TTTGCT,TTTGCT,TTTAT
77.0,VT48156|0|MEMB007B|-|545,-4.155333995819092,153.0,TTTCAT,TTTCAT,TTTAT
45.0,VT48156|0|MEMB007C|-|514,-3.155334234237672,153.0,TTTCCT,TTTCCT,TATAT
118.0,VT48156|0|MEMB007D|-|551,-3.155334234237672,153.0,TTTCCT,TTTCCT,TTTAT
89.0,VT48156|0|MEMB008C|-|546,-3.155334234237672,153.0,TTTCCT,TTTCCT,TTTAT
115.0,VT48156|0|dkik|+|573,-3.155334234237672,153.0,TTTCCT,TTTCCT,TTTAT
