,raw,orig_species,score,align_position,strand,sequence,5_before,5_after
0,281,VT61209|1|MEMB002A|-|2521,-4.403261661529541,1064,positive,TCCTGT,CTATT,TCTAT
1,289,VT61209|1|MEMB002B|+|2541,-2.2016279697418213,1064,positive,TCCTGC,CTATT,TCTAT
2,292,VT61209|1|MEMB002C|+|2531,-4.403261661529541,1064,positive,TCCTGT,CTATT,TCTAT
3,320,VT61209|1|MEMB002D|-|2510,-1.9537003040313718,1064,positive,CCACTC,CTGTT,TATCC
4,258,VT61209|1|MEMB002E|+|2520,-6.403261661529541,1064,positive,CCCACT,CTATA,CTATC
5,283,VT61209|1|MEMB002F|-|2384,-2.2016279697418213,1064,positive,TCCTGC,GTATT,TCTAT
6,618,VT61209|1|MEMB003A|+|2672,0.09259329736232758,1064,positive,TCTATT,CCCCC,ACTCT
7,289,VT61209|1|MEMB003B|+|2468,-6.403261661529541,1064,positive,CCCACT,CTTAG,CTATT
8,287,VT61209|1|MEMB003C|-|2526,-2.2016279697418213,1064,positive,TCCTGC,CTATT,TCTAT
9,635,VT61209|1|MEMB003D|+|2686,0.09259329736232758,1064,positive,TCTATT,CCCCC,ACTCT
10,263,VT61209|1|MEMB003F|-|2482,-7.403261661529541,1064,positive,CCACCT,CTATT,TATCC
11,290,VT61209|1|MEMB004A|+|2532,-3.2016279697418213,1064,positive,TCCGGC,CTATT,TCTAT
12,262,VT61209|1|MEMB004B|+|2412,-4.201627731323241,1064,positive,TTATCC,CTCCC,CTCTT
13,702,VT61209|1|MEMB004E|-|2958,-7.403261661529541,1064,positive,TCACCT,CTTAA,ACCTC
14,268,VT61209|1|MEMB005B|+|5498,-7.403261661529541,1064,positive,TCACCT,CCTTT,TATCC
15,271,VT61209|1|MEMB006A|-|2507,-0.9537003636360168,1064,positive,TATCCC,CCCCC,TGTTC
16,939,VT61209|1|MEMB006B|+|3151,-6.403261661529541,1064,positive,CCCACT,CCCCC,CTATC
17,547,VT61209|1|MEMB006C|-|3976,-3.1553342342376713,1064,positive,CGTACT,CTCCC,ATATT
18,292,VT61209|1|MEMB007B|+|2541,-4.555264949798584,1064,positive,TCCTGG,CTATT,TCTAT
19,256,VT61209|1|MEMB007C|+|2357,-1.9537003040313718,1064,positive,CCACTC,CTATT,TATTC
20,736,VT61209|1|MEMB007D|-|2927,-3.1553342342376713,1064,positive,CCTACT,GGATC,CTATT
21,273,VT61209|1|MEMB008C|+|2303,-6.403261661529541,1064,positive,CCCCCT,CCCAC,TATAC
22,644,VT61209|1|dkik|+|2673,0.09259329736232758,1064,positive,TCTATT,CCCCC,ACTCT
