,raw,orig_species,score,align_position,sequence,5_before,5_after
0,1531,VT61209|1|MEMB002A|-|2521,-2.155334234237671,3341,ACGAAA,GAAGA,AAGGG
1,1557,VT61209|1|MEMB002B|+|2541,-2.155334234237671,3341,ACGAAA,GAAGA,AAGGG
2,1549,VT61209|1|MEMB002C|+|2531,-2.155334234237671,3341,ACGAAA,GAAGA,AAGGG
3,1628,VT61209|1|MEMB002D|-|2510,-3.1553342342376713,3341,AGCAAA,AACGA,AAGGT
4,1585,VT61209|1|MEMB002E|+|2520,0.04629964381456375,3341,GCTAAA,AACAA,TGGTA
5,1521,VT61209|1|MEMB002F|-|2384,-8.403262138366701,3341,ATCTAA,CCTGA,AAGGG
6,1952,VT61209|1|MEMB003A|+|2672,-2.193808317184448,3341,AGGCAA,AAAGA,GTTCG
7,1567,VT61209|1|MEMB003B|+|2468,0.04629964381456375,3341,GCGAAG,AACTG,GGGGG
8,1541,VT61209|1|MEMB003C|-|2526,-2.155334234237671,3341,ACGAAA,GAAGA,AAGGG
9,1938,VT61209|1|MEMB003D|+|2686,-2.193808317184448,3341,AGGCCA,AAGGA,GTTCG
10,1545,VT61209|1|MEMB003F|-|2482,-2.193808317184448,3341,AGCCAG,CAAGA,AAAGG
11,1562,VT61209|1|MEMB004A|+|2532,-2.155334234237671,3341,ACGAAA,GAAGA,AAGGG
12,1521,VT61209|1|MEMB004B|+|2412,1.0925933122634888,3341,AAAAAA,CAAGA,ATGGG
13,2027,VT61209|1|MEMB004E|-|2958,-6.403261661529541,3341,AGCGCA,AAAGA,AAGAG
14,1541,VT61209|1|MEMB005B|+|5498,0.10770019143819808,3341,TGAAAA,TCAGA,AAAGG
15,2188,VT61209|1|MEMB005D|+|3006,-4.201627731323241,3341,GGATAA,TAAGC,GCTCG
16,1618,VT61209|1|MEMB006A|-|2507,-3.1553342342376713,3341,AGCAGA,GGAGA,GAAAG
17,2269,VT61209|1|MEMB006B|+|3151,-5.140227317810059,3341,TGGTAA,CGAAA,CCATT
18,2475,VT61209|1|MEMB006C|-|3976,-3.1553342342376713,3341,AAATTA,GGAAA,TATAA
19,1555,VT61209|1|MEMB007B|+|2541,-2.155334234237671,3341,ACGAAA,AAAGA,AAGGG
20,1504,VT61209|1|MEMB007C|+|2357,0.04629964381456375,3341,GCCAAA,AAACG,CAGGG
21,2034,VT61209|1|MEMB007D|-|2927,-7.403261661529541,3341,ATATAA,GAGGA,AATGG
22,1548,VT61209|1|MEMB008C|+|2303,-3.1553342342376713,3341,AGCATG,CAAGA,TGTAT
23,1938,VT61209|1|dkik|+|2673,-2.193808317184448,3341,AGGCCA,GAGGA,GTTCG
