,raw,orig_species,score,align_position,sequence,5_before,5_after
0,1940,VT61209|1|MEMB002A|-|2521,-1.8922997713088991,7345,TAGTCC,ATTTA,GCTGC
1,1957,VT61209|1|MEMB002B|+|2541,-0.8922998309135437,7345,TAATTT,ATATC,CACAG
2,1948,VT61209|1|MEMB002C|+|2531,-0.8922998309135437,7345,TAGGTC,ATTTA,CGCTG
3,1946,VT61209|1|MEMB002D|-|2510,-0.8922998309135437,7345,TTAAGC,ACTTG,AGCTG
4,1920,VT61209|1|MEMB002E|+|2520,-0.8922998309135437,7345,TAATCC,ATTTG,CGCTG
5,1804,VT61209|1|MEMB002F|-|2384,-0.8922998309135437,7345,TAATTC,GATTG,CGCTG
6,2090,VT61209|1|MEMB003A|+|2672,-0.8922998309135437,7345,TAATTC,ATTTG,TTCTG
7,1933,VT61209|1|MEMB003B|+|2468,-0.8922998309135437,7345,TAATTT,TTTCG,CGCTG
8,1940,VT61209|1|MEMB003C|-|2526,-1.8922997713088991,7345,TAGTTC,ATTTA,CGCTG
9,2102,VT61209|1|MEMB003D|+|2686,-0.8922998309135437,7345,TAATTC,ATTTG,CGCCG
10,1893,VT61209|1|MEMB003F|-|2482,-1.8922997713088991,7345,TAGTCC,ATTTG,CGACA
11,1944,VT61209|1|MEMB004A|+|2532,-0.8922998309135437,7345,TAATTT,AAGTT,CACTG
12,1824,VT61209|1|MEMB004B|+|2412,-4.140227317810059,7345,TGTGTC,AACTT,CCACA
13,2370,VT61209|1|MEMB004E|-|2958,-1.8922997713088991,7345,TAGTAA,ATTTT,CGAGA
14,4912,VT61209|1|MEMB005B|+|5498,-1.8922997713088991,7345,TAGTCC,AATTG,CGACA
15,2455,VT61209|1|MEMB005D|+|3006,-8.555264472961426,7345,CTTTCC,ATTTA,CGCTT
16,2557,VT61209|1|MEMB006B|+|3151,-0.8922998309135437,7345,TAATTT,ATTTG,CCCTA
17,3387,VT61209|1|MEMB006C|-|3976,-1.8922997713088991,7345,TAGTCC,GTTTG,CGTCA
18,1955,VT61209|1|MEMB007B|+|2541,-1.8922997713088991,7345,TAGTTC,GTTTA,CGCTG
19,1828,VT61209|1|MEMB007C|+|2357,-0.8922998309135437,7345,TAATTT,TATTG,CACTG
20,2359,VT61209|1|MEMB007D|-|2927,-5.403261661529541,7345,ACATTT,AATTG,TTGTG
21,1717,VT61209|1|MEMB008C|+|2303,-0.8922998309135437,7345,TAATCC,ATTTG,AGAAA
22,2085,VT61209|1|dkik|+|2673,-0.8922998309135437,7345,TAATTC,ATATG,CCCTG
