,raw,orig_species,score,align_position,sequence,5_before,5_after
0,2157,VT61209|1|MEMB002A|-|2521,-5.555264949798584,7628,CCATCC,GGCCG,CGTTG
1,2175,VT61209|1|MEMB002B|+|2541,-5.555264949798584,7628,CCATCC,GGCCG,CGTTG
2,2166,VT61209|1|MEMB002C|+|2531,-5.555264949798584,7628,CCATCC,GGCCG,CGTTG
3,2160,VT61209|1|MEMB002D|-|2510,-5.555264949798584,7628,CCATAC,GACGG,CGTTG
4,2169,VT61209|1|MEMB002E|+|2520,-6.555264949798584,7628,CCGTCT,GACCG,CATTG
5,2024,VT61209|1|MEMB002F|-|2384,-5.140227317810059,7628,TTATCC,GGCCG,CGTTG
6,2314,VT61209|1|MEMB003A|+|2672,-1.3458114862442017,7628,CCGCCA,GACCG,TCTCC
7,2124,VT61209|1|MEMB003B|+|2468,-5.555264949798584,7628,CCATCC,GACCG,CGTTG
8,2159,VT61209|1|MEMB003C|-|2526,-5.555264949798584,7628,CCATCC,GGCCG,CGTTG
9,2310,VT61209|1|MEMB003D|+|2686,-5.555264949798584,7628,CCATCT,GACCG,CCATC
10,2114,VT61209|1|MEMB003F|-|2482,-5.555264949798584,7628,CCATCT,AACCG,CGTTG
11,2164,VT61209|1|MEMB004A|+|2532,-5.555264949798584,7628,CCATCC,GGCCG,CGTTG
12,2043,VT61209|1|MEMB004B|+|2412,-6.555264949798584,7628,CCTTCC,GACCG,CGTTG
13,2589,VT61209|1|MEMB004E|-|2958,-6.555264949798584,7628,CCCTCC,GACCG,CGTTG
14,5128,VT61209|1|MEMB005B|+|5498,-6.555264949798584,7628,CCTTCC,GACCG,CGTTG
15,2661,VT61209|1|MEMB005D|+|3006,-5.555264949798584,7628,CCCGTT,GACCA,CCGTT
16,2142,VT61209|1|MEMB006A|-|2507,-4.307337284088135,7628,CTGATT,GACCA,CCGTT
17,2779,VT61209|1|MEMB006B|+|3151,-1.3073372840881348,7628,CCAACC,GACCA,CGTTG
18,3602,VT61209|1|MEMB006C|-|3976,-5.555264949798584,7628,CCATCC,GACCG,CGTTG
19,2175,VT61209|1|MEMB007B|+|2541,-5.555264949798584,7628,CCATTC,GGCCG,CGTTG
20,2037,VT61209|1|MEMB007C|+|2357,-6.555264949798584,7628,CCCTCC,GACCG,AGTTG
21,2575,VT61209|1|MEMB007D|-|2927,-0.8922998309135437,7628,TAATCG,TACTG,CGTTG
22,1930,VT61209|1|MEMB008C|+|2303,-6.555264949798584,7628,CCTTGC,AACCG,CGTTG
23,2306,VT61209|1|dkik|+|2673,-5.555264949798584,7628,CCATCT,GACCG,CCATC
