,raw,orig_species,score,align_position,sequence,5_before,5_after
0,1716,VT61209|1|MEMB002D|-|2510,-3.2016279697418213,3575,GCATGT,TATAA,TGATA
1,1672,VT61209|1|MEMB002E|+|2520,-3.2016279697418213,3575,GCATGG,TACAA,TGGCA
2,1656,VT61209|1|MEMB003B|+|2468,-2.193808317184448,3575,ATACCT,TATAA,GAATA
3,2102,VT61209|1|MEMB004E|-|2958,3.294227123260498,3575,GAAAGT,CACAA,TAGTT
4,1611,VT61209|1|MEMB005B|+|5498,0.007825496606528759,3575,GGGCGT,CACAA,TAGTA
5,2246,VT61209|1|MEMB005D|+|3006,-1.9537003040313718,3575,GATTGT,CAAAA,TAAAA
6,1687,VT61209|1|MEMB006A|-|2507,0.007825496606528759,3575,GGTCGT,CTTAA,TAATA
7,2340,VT61209|1|MEMB006B|+|3151,2.054119110107422,3575,AAACGT,TATAA,TTATA
8,2709,VT61209|1|MEMB006C|-|3976,-4.201627731323241,3575,GGATAA,AGCAA,GGACG
9,1594,VT61209|1|MEMB007C|+|2357,2.054119110107422,3575,AAACAT,TATAA,TAATA
10,2111,VT61209|1|MEMB007D|-|2927,1.054119110107422,3575,AATCGT,AATTA,AAATA
