,raw,orig_species,score,align_position,sequence,5_before,5_after
0,226,VT61209|1|MEMB003A|+|2672,2.3556277751922607,579,AATATA,TACAT,CAAAA
1,239,VT61209|1|MEMB003D|+|2686,2.3556277751922607,579,AATATA,TATTT,CAAAA
2,316,VT61209|1|MEMB004E|-|2958,3.3556277751922607,579,AATTTA,TATTT,AAAAT
3,543,VT61209|1|MEMB005D|+|3006,-0.8922998309135437,579,GGATTA,TTATT,GATTT
4,129,VT61209|1|MEMB006C|-|3976,-1.8922997713088991,579,AAAATA,ATAAT,CCATA
5,342,VT61209|1|MEMB007D|-|2927,3.3171534538269043,579,GAGATA,AAAAT,AAGAA
6,250,VT61209|1|dkik|+|2673,2.3556277751922607,579,AATATA,TATTT,CAAAA
