,raw,orig_species,score,align_position,strand,sequence,5_before,5_after
0,1940,VT61209|1|MEMB002A|-|2521,-1.8922997713088991,7345,positive,GGACTA,TTTTA,GCAGC
1,1957,VT61209|1|MEMB002B|+|2541,-0.8922998309135437,7345,positive,AAATTA,TTTAA,CTGTG
2,1948,VT61209|1|MEMB002C|+|2531,-0.8922998309135437,7345,positive,GACCTA,TTTTA,CAGCG
3,1946,VT61209|1|MEMB002D|-|2510,-0.8922998309135437,7345,positive,GCTTAA,ATTGT,CAGCT
4,1920,VT61209|1|MEMB002E|+|2520,-0.8922998309135437,7345,positive,GGATTA,ATTGT,CAGCG
5,1804,VT61209|1|MEMB002F|-|2384,-0.8922998309135437,7345,positive,GAATTA,TTAAC,CAGCG
6,2090,VT61209|1|MEMB003A|+|2672,-0.8922998309135437,7345,positive,GAATTA,TTTTT,CAGAA
7,1933,VT61209|1|MEMB003B|+|2468,-0.8922998309135437,7345,positive,AAATTA,TTACA,CAGCG
8,1940,VT61209|1|MEMB003C|-|2526,-1.8922997713088991,7345,positive,GAACTA,TTTTA,CAGCG
9,2102,VT61209|1|MEMB003D|+|2686,-0.8922998309135437,7345,positive,GAATTA,TTTTT,CGGCG
10,1893,VT61209|1|MEMB003F|-|2482,-1.8922997713088991,7345,positive,GGACTA,CTTTT,TGTCG
11,1944,VT61209|1|MEMB004A|+|2532,-0.8922998309135437,7345,positive,AAATTA,TTTTA,CAGTG
12,1824,VT61209|1|MEMB004B|+|2412,-4.140227317810059,7345,positive,GACACA,TTTTC,TGTGG
13,2370,VT61209|1|MEMB004E|-|2958,-1.8922997713088991,7345,positive,TTACTA,TTTGT,TCTCG
14,4912,VT61209|1|MEMB005B|+|5498,-1.8922997713088991,7345,positive,GGACTA,CTTTG,TGTCG
15,2455,VT61209|1|MEMB005D|+|3006,-8.555264472961426,7345,positive,GGAAAG,TATAT,AAGCG
16,2557,VT61209|1|MEMB006B|+|3151,-0.8922998309135437,7345,positive,AAATTA,TTTAT,TAGGG
17,3387,VT61209|1|MEMB006C|-|3976,-1.8922997713088991,7345,positive,GGACTA,ACTTT,TGACG
18,1955,VT61209|1|MEMB007B|+|2541,-1.8922997713088991,7345,positive,GAACTA,TTTTA,CAGCG
19,1828,VT61209|1|MEMB007C|+|2357,-0.8922998309135437,7345,positive,AAATTA,ATAAA,CAGTG
20,2359,VT61209|1|MEMB007D|-|2927,-5.403261661529541,7345,positive,AAATGT,TTTAA,CACAA
21,1717,VT61209|1|MEMB008C|+|2303,-0.8922998309135437,7345,positive,GGATTA,CTTTG,TTTCT
22,2085,VT61209|1|dkik|+|2673,-0.8922998309135437,7345,positive,GAATTA,TTTTT,CAGGG
