,raw,orig_species,score,align_position,sequence,5_before,5_after
0,1677,VT61209|1|MEMB002A|-|2521,-6.140227317810059,3680,GGAAAA,TACCTTAAATT,GGTAT
1,1691,VT61209|1|MEMB002B|+|2541,2.3556277751922607,3680,AATCTA,CATTTAAAATA,CTAAT
2,1681,VT61209|1|MEMB002C|+|2531,-0.05940979719161987,3680,ATTATG,CATTCCAAATT,TGATA
3,1776,VT61209|1|MEMB002D|-|2510,1.054119110107422,3680,TTGCTT,CATTACAAACT,CATAA
4,1732,VT61209|1|MEMB002E|+|2520,1.054119110107422,3680,AGGCTT,CATTTCGAATT,AATAT
5,1644,VT61209|1|MEMB002F|-|2384,-2.155334234237671,3680,ATCTTT,CATTCAAAATT,AAGAA
6,2024,VT61209|1|MEMB003A|+|2672,-3.1553342342376713,3680,GTATTT,TTCATTAAATT,GCTCT
7,1715,VT61209|1|MEMB003B|+|2468,-2.193808317184448,3680,TTGGCT,GACATCAGAAT,ATCAT
8,1673,VT61209|1|MEMB003C|-|2526,-0.05940979719161987,3680,ATTATG,CATTCCAAATT,TGATA
9,2010,VT61209|1|MEMB003D|+|2686,-3.1553342342376713,3680,GTATTT,TTCTTTAAATT,GCTCC
10,1684,VT61209|1|MEMB003F|-|2482,-3.3073372840881348,3680,TTATTG,CATTTCAAATG,AATAT
11,1695,VT61209|1|MEMB004A|+|2532,0.94059020280838,3680,ATTTTG,CATTTAAAATA,TAATA
12,1634,VT61209|1|MEMB004B|+|2412,-0.9537003636360168,3680,TTATTC,CAAATCAAAAT,CATAA
13,2149,VT61209|1|MEMB004E|-|2958,-4.201627731323241,3680,TTATCC,CATTTCAGATT,AATAA
14,1670,VT61209|1|MEMB005B|+|5498,0.04629964381456375,3680,CTCTTC,CATTTCAAATT,CATAA
15,2303,VT61209|1|MEMB005D|+|3006,2.054119110107422,3680,TTGTTT,AATTTTAAACT,AACAA
16,1746,VT61209|1|MEMB006A|-|2507,1.054119110107422,3680,TTGATT,CATTTTAAATC,AACAG
17,2399,VT61209|1|MEMB006B|+|3151,-0.19380836188793185,3680,TTGTGT,TATTTCAAGTT,AACAT
18,2810,VT61209|1|MEMB006C|-|3976,1.054119110107422,3680,GGGATT,TATTTAAAATA,AGTAG
19,1687,VT61209|1|MEMB007B|+|2541,-0.05940979719161987,3680,ATTATG,CTTTCCAAATT,TGATA
20,1655,VT61209|1|MEMB007C|+|2357,0.94059020280838,3680,ATTTTG,GATTTGTTAAT,GGATA
21,2171,VT61209|1|MEMB007D|-|2927,-3.3073372840881348,3680,TTATTG,TTTTTAAAGTT,AATAA
22,2009,VT61209|1|dkik|+|2673,-3.1553342342376713,3680,GTATTT,TTCTTTAAATT,GCTCC
