,raw,orig_species,score,align_position,sequence,5_before,5_after
0,1548,VT61209|1|MEMB002A|-|2521,1.1077002286911009,3360,TCTTGA,TGGTC,ATATT
1,1574,VT61209|1|MEMB002B|+|2541,-8.403262138366701,3360,TCAAAT,TGGCC,ATATA
2,1566,VT61209|1|MEMB002C|+|2531,-3.1402273178100586,3360,TCATGA,TGGTC,ATATT
3,1646,VT61209|1|MEMB002D|-|2510,1.1077002286911009,3360,TCTTGA,TGGTC,ATATT
4,1602,VT61209|1|MEMB002E|+|2520,-5.201627731323242,3360,TCCAAC,AGGTC,ATATT
5,1538,VT61209|1|MEMB002F|-|2384,-6.201627731323242,3360,TGAAAC,TGGTC,ATATT
6,1958,VT61209|1|MEMB003A|+|2672,-0.9921745061874391,3360,TCGAAC,TTGCC,ATCTA
7,1584,VT61209|1|MEMB003B|+|2468,0.007825496606528759,3360,TCGTAC,TGATC,ATATA
8,1558,VT61209|1|MEMB003C|-|2526,1.1077002286911009,3360,TCTTGA,TGGTC,ATATT
9,1944,VT61209|1|MEMB003D|+|2686,-0.9921745061874391,3360,TCGAAC,TGGCC,ATATA
10,1564,VT61209|1|MEMB003F|-|2482,-0.9921745061874391,3360,TCGAAC,TGGTC,ATATT
11,1579,VT61209|1|MEMB004A|+|2532,-8.403262138366701,3360,TCAAAT,TGGCC,ATATA
12,1538,VT61209|1|MEMB004B|+|2412,-4.201627731323241,3360,TTATCC,TGGTC,ATATC
13,2045,VT61209|1|MEMB004E|-|2958,-0.9307739734649658,3360,ATGCAA,TGGCC,CGACC
14,1558,VT61209|1|MEMB005B|+|5498,-0.9537003636360168,3360,TCTACC,TGGTC,TCTCT
15,2194,VT61209|1|MEMB005D|+|3006,1.0078254938125608,3360,TCGAGC,TTATC,TTATT
16,1635,VT61209|1|MEMB006A|-|2507,1.0078254938125608,3360,TCGAGC,TGGTC,ATACT
17,2278,VT61209|1|MEMB006B|+|3151,0.06922604143619537,3360,TCGTAA,TGGTT,ATATA
18,2494,VT61209|1|MEMB006C|-|3976,-5.140227317810059,3360,ATCCAA,TGGCC,ACTTG
19,1572,VT61209|1|MEMB007B|+|2541,-3.1402273178100586,3360,TCATGA,TGGTC,ATATT
20,1522,VT61209|1|MEMB007C|+|2357,-2.193808317184448,3360,TCGTAT,TGATC,ATATA
21,2049,VT61209|1|MEMB007D|-|2927,-2.193808317184448,3360,TCGTAT,ATCAC,ATATC
22,1944,VT61209|1|dkik|+|2673,-0.9921745061874391,3360,TCGAAC,TGGCC,ATATA
