,raw,orig_species,score,align_position,sequence,5_before,5_after
0,285,VT61209|1|MEMB002A|-|2521,-0.9537003636360168,1077,CTATTC,CTGTT,ATCTT
1,293,VT61209|1|MEMB002B|+|2541,-0.9537003636360168,1077,CTATTC,CTGCT,CACTT
2,296,VT61209|1|MEMB002C|+|2531,-0.9537003636360168,1077,CTATTC,CTGTT,ATCTT
3,326,VT61209|1|MEMB002D|-|2510,-4.201627731323241,1077,CTATCC,CCACT,CTCTT
4,263,VT61209|1|MEMB002E|+|2520,-4.201627731323241,1077,CTATCC,CCACT,CTCTT
5,287,VT61209|1|MEMB002F|-|2384,-0.9537003636360168,1077,CTATTC,CTGCT,CTCTT
6,631,VT61209|1|MEMB003A|+|2672,-2.155334234237671,1077,CTTTCT,TTACT,CTCTT
7,294,VT61209|1|MEMB003B|+|2468,-0.9537003636360168,1077,CTATTC,CCACT,CTCTT
8,291,VT61209|1|MEMB003C|-|2526,-0.9537003636360168,1077,CTATTC,CTGCT,ATCTT
9,648,VT61209|1|MEMB003D|+|2686,-2.155334234237671,1077,CTTTCT,TTACT,CTCTT
10,269,VT61209|1|MEMB003F|-|2482,-4.201627731323241,1077,TTATCC,CCACC,CCCTT
11,294,VT61209|1|MEMB004A|+|2532,-0.9537003636360168,1077,CTATTC,CGGCT,CTCTT
12,715,VT61209|1|MEMB004E|-|2958,-4.201627731323241,1077,TTATCC,CCACC,CTCTT
13,274,VT61209|1|MEMB005B|+|5498,-4.201627731323241,1077,TTATCC,TCACC,CTCAT
14,283,VT61209|1|MEMB006A|-|2507,1.0925933122634888,1077,TCTTTT,CTGTT,CTCTT
15,944,VT61209|1|MEMB006B|+|3151,-4.201627731323241,1077,CTATCC,CCACT,CTCTT
16,552,VT61209|1|MEMB006C|-|3976,-0.9537003636360168,1077,ATATTC,GTACT,CTCTT
17,296,VT61209|1|MEMB007B|+|2541,-0.9537003636360168,1077,CTATTC,CTGGT,ATCTT
18,262,VT61209|1|MEMB007C|+|2357,-0.9537003636360168,1077,CTATTC,CCACT,CTCTT
19,741,VT61209|1|MEMB007D|-|2927,-0.9537003636360168,1077,CTATTC,CTACT,CCCTT
20,279,VT61209|1|MEMB008C|+|2303,-5.201627731323242,1077,TTATAC,CCCCC,CTCTT
21,657,VT61209|1|dkik|+|2673,-2.155334234237671,1077,CTTTCT,TTACT,CTCTT
