,raw,orig_species,score,align_position,sequence,5_before,5_after
0,285,VT61209|1|MEMB002A|-|2521,-0.9537003636360168,1077,GAATAG,AACAG,AAGAT
1,293,VT61209|1|MEMB002B|+|2541,-0.9537003636360168,1077,GAATAG,AGCAG,AAGTG
2,296,VT61209|1|MEMB002C|+|2531,-0.9537003636360168,1077,GAATAG,AACAG,AAGAT
3,326,VT61209|1|MEMB002D|-|2510,-4.201627731323241,1077,GGATag,AGTGG,aagag
4,263,VT61209|1|MEMB002E|+|2520,-4.201627731323241,1077,GGATag,AGTGG,aagag
5,287,VT61209|1|MEMB002F|-|2384,-0.9537003636360168,1077,GAATAG,AGCAG,AAGAG
6,631,VT61209|1|MEMB003A|+|2672,-2.155334234237671,1077,agaaag,agtaa,aagag
7,294,VT61209|1|MEMB003B|+|2468,-0.9537003636360168,1077,gaatag,AGTGG,aagag
8,291,VT61209|1|MEMB003C|-|2526,-0.9537003636360168,1077,GAATAG,AGCAG,AAGAT
9,648,VT61209|1|MEMB003D|+|2686,-2.155334234237671,1077,AGAAAG,AGTAA,AAGAG
10,269,VT61209|1|MEMB003F|-|2482,-4.201627731323241,1077,GGATAA,GGTGG,AAGGG
11,294,VT61209|1|MEMB004A|+|2532,-0.9537003636360168,1077,GAATAG,AGCCG,AAGAG
12,715,VT61209|1|MEMB004E|-|2958,-4.201627731323241,1077,GGATAA,GGTGG,AAGAG
13,274,VT61209|1|MEMB005B|+|5498,-4.201627731323241,1077,GGATAA,GGTGA,ATGAG
14,283,VT61209|1|MEMB006A|-|2507,1.0925933122634888,1077,AAAAGA,AACAG,AAGAG
15,944,VT61209|1|MEMB006B|+|3151,-4.201627731323241,1077,Ggatag,AGTGG,aagag
16,552,VT61209|1|MEMB006C|-|3976,-0.9537003636360168,1077,gaatat,AGTAC,aagag
17,296,VT61209|1|MEMB007B|+|2541,-0.9537003636360168,1077,GAATAG,ACCAG,AAGAT
18,262,VT61209|1|MEMB007C|+|2357,-0.9537003636360168,1077,gaatag,AGTGG,aagag
19,741,VT61209|1|MEMB007D|-|2927,-0.9537003636360168,1077,GAATAG,AGTAG,AAGGG
20,279,VT61209|1|MEMB008C|+|2303,-5.201627731323242,1077,GTATAA,GGGGG,AAGAG
21,657,VT61209|1|dkik|+|2673,-2.155334234237671,1077,agaaag,agtaa,aagag
