,raw,orig_species,score,align_position,sequence,5_before,5_after
0,1686,VT61209|1|MEMB002A|-|2521,-2.3073372840881348,3689,GCTCGG,TATGG,CATAT
1,1698,VT61209|1|MEMB002B|+|2541,-4.140227317810059,3689,GGCTAA,TAATC,CATAT
2,1689,VT61209|1|MEMB002C|+|2531,2.069226026535034,3689,GTGTGA,TAATT,CATAT
3,1785,VT61209|1|MEMB002D|-|2510,0.06922604143619537,3689,GGGCCA,TAATT,CATTT
4,1741,VT61209|1|MEMB002E|+|2520,-1.8922997713088991,3689,GGTAAA,TATAG,CATTT
5,1653,VT61209|1|MEMB002F|-|2384,0.06922604143619537,3689,AGGTAA,GAAAT,CATAT
6,1718,VT61209|1|MEMB003B|+|2468,0.94059020280838,3689,CATTTG,GCTGA,TAAAT
7,1681,VT61209|1|MEMB003C|-|2526,2.069226026535034,3689,GTGTGA,TAATT,CATAT
8,1693,VT61209|1|MEMB003F|-|2482,0.06922604143619537,3689,TAGTAA,TATTT,TATTA
9,1703,VT61209|1|MEMB004A|+|2532,0.06922604143619537,3689,GGGTAA,TAATT,CATAC
10,1643,VT61209|1|MEMB004B|+|2412,1.0692260265350342,3689,TAGTCA,TAATT,TATCG
11,2158,VT61209|1|MEMB004E|-|2958,-0.8922998309135437,3689,TTTTAA,TAATT,TATAA
12,1679,VT61209|1|MEMB005B|+|5498,1.0692260265350342,3689,CAGTCA,TAACT,TATAT
13,2819,VT61209|1|MEMB006C|-|3976,-3.345811367034912,3689,GTGCAG,TAGGG,AACTA
14,1695,VT61209|1|MEMB007B|+|2541,2.069226026535034,3689,GGGTGA,TAATT,CATAT
15,1660,VT61209|1|MEMB007C|+|2357,-5.140227317810059,3689,GGATAA,TTTTG,CCTTT
16,2180,VT61209|1|MEMB007D|-|2927,0.06922604143619537,3689,GGGTAA,TAATT,AATAT
