,raw,orig_species,score,align_position,strand,sequence,5_before,5_after
0,2157,VT61209|1|MEMB002A|-|2521,-5.555264949798584,7628,positive,GGATGG,AGTGG,CAACG
1,2175,VT61209|1|MEMB002B|+|2541,-5.555264949798584,7628,positive,GGATGG,AGTGG,CAACG
2,2166,VT61209|1|MEMB002C|+|2531,-5.555264949798584,7628,positive,GGATGG,AGTGG,CAACG
3,2160,VT61209|1|MEMB002D|-|2510,-5.555264949798584,7628,positive,GTATGG,AGTGG,CAACG
4,2169,VT61209|1|MEMB002E|+|2520,-6.555264949798584,7628,positive,AGACGG,AGTGG,CAATG
5,2024,VT61209|1|MEMB002F|-|2384,-5.140227317810059,7628,positive,GGATAA,AGTAG,CAACG
6,2314,VT61209|1|MEMB003A|+|2672,-1.3458114862442017,7628,positive,TGGCGG,GGTGG,GGAGA
7,2124,VT61209|1|MEMB003B|+|2468,-5.555264949798584,7628,positive,GGATGG,AGTGG,CAACG
8,2159,VT61209|1|MEMB003C|-|2526,-5.555264949798584,7628,positive,GGATGG,AGTGG,CAACG
9,2310,VT61209|1|MEMB003D|+|2686,-5.555264949798584,7628,positive,AGATGG,GGTGG,GATGG
10,2114,VT61209|1|MEMB003F|-|2482,-5.555264949798584,7628,positive,AGATGG,AGTGG,CAACG
11,2164,VT61209|1|MEMB004A|+|2532,-5.555264949798584,7628,positive,GGATGG,AGTGG,CAACG
12,2043,VT61209|1|MEMB004B|+|2412,-6.555264949798584,7628,positive,GGAAGG,AGTGA,CAACG
13,2589,VT61209|1|MEMB004E|-|2958,-6.555264949798584,7628,positive,GGAGGG,AGTGG,CAACG
14,5128,VT61209|1|MEMB005B|+|5498,-6.555264949798584,7628,positive,GGAAGG,AGTGG,CAACG
15,2661,VT61209|1|MEMB005D|+|3006,-5.555264949798584,7628,positive,AACGGG,CAAGG,AACGG
16,2142,VT61209|1|MEMB006A|-|2507,-4.307337284088135,7628,positive,AATCAG,AGTGG,AACGG
17,2779,VT61209|1|MEMB006B|+|3151,-1.3073372840881348,7628,positive,GGTTGG,AGAGG,CAACG
18,3602,VT61209|1|MEMB006C|-|3976,-5.555264949798584,7628,positive,GGATGG,AGTGG,CAACG
19,2175,VT61209|1|MEMB007B|+|2541,-5.555264949798584,7628,positive,GAATGG,AGTGG,CAACG
20,2037,VT61209|1|MEMB007C|+|2357,-6.555264949798584,7628,positive,GGAGGG,AGTGG,CAACT
21,2575,VT61209|1|MEMB007D|-|2927,-0.8922998309135437,7628,positive,CGATTA,AGTGT,CAACG
22,1930,VT61209|1|MEMB008C|+|2303,-6.555264949798584,7628,positive,GCAAGG,AGTGG,CAACG
23,2306,VT61209|1|dkik|+|2673,-5.555264949798584,7628,positive,AGATGG,GGTGG,GATGG
