,raw,orig_species,score,align_position,strand,sequence,5_before,5_after
0,1531,VT61209|1|MEMB002A|-|2521,-2.155334234237671,3341,positive,TTTCGT,ATTTG,CCCTT
1,1557,VT61209|1|MEMB002B|+|2541,-2.155334234237671,3341,positive,TTTCGT,ATTTG,CCCTT
2,1549,VT61209|1|MEMB002C|+|2531,-2.155334234237671,3341,positive,TTTCGT,ATTTG,CCCTT
3,1628,VT61209|1|MEMB002D|-|2510,-3.1553342342376713,3341,positive,TTTGCT,ATTTG,ACCTT
4,1585,VT61209|1|MEMB002E|+|2520,0.04629964381456375,3341,positive,TTTAGC,GGTAT,TACCA
5,1521,VT61209|1|MEMB002F|-|2384,-8.403262138366701,3341,positive,TTAGAT,TCTTG,CCCTT
6,1952,VT61209|1|MEMB003A|+|2672,-2.193808317184448,3341,positive,TTGCCT,TTTCG,CGAAC
7,1567,VT61209|1|MEMB003B|+|2468,0.04629964381456375,3341,positive,CTTCGC,CTTTG,CCCCC
8,1541,VT61209|1|MEMB003C|-|2526,-2.155334234237671,3341,positive,TTTCGT,ATTTG,CCCTT
9,1938,VT61209|1|MEMB003D|+|2686,-2.193808317184448,3341,positive,TGGCCT,ATTTG,CGAAC
10,1545,VT61209|1|MEMB003F|-|2482,-2.193808317184448,3341,positive,CTGGCT,TTTTG,CCTTT
11,1562,VT61209|1|MEMB004A|+|2532,-2.155334234237671,3341,positive,TTTCGT,ATTTG,CCCTT
12,1521,VT61209|1|MEMB004B|+|2412,1.0925933122634888,3341,positive,TTTTTT,TTTTG,CCCAT
13,2027,VT61209|1|MEMB004E|-|2958,-6.403261661529541,3341,positive,TGCGCT,TTTTG,CTCTT
14,1541,VT61209|1|MEMB005B|+|5498,0.10770019143819808,3341,positive,TTTTCA,TTTTG,CCTTT
15,2188,VT61209|1|MEMB005D|+|3006,-4.201627731323241,3341,positive,TTATCC,CTTTG,CGAGC
16,1618,VT61209|1|MEMB006A|-|2507,-3.1553342342376713,3341,positive,TCTGCT,TTTTG,CTTTC
17,2269,VT61209|1|MEMB006B|+|3151,-5.140227317810059,3341,positive,TTACCA,TTTTG,AATGG
18,2475,VT61209|1|MEMB006C|-|3976,-3.1553342342376713,3341,positive,TAATTT,TAAAA,TTATA
19,1555,VT61209|1|MEMB007B|+|2541,-2.155334234237671,3341,positive,TTTCGT,ATTTG,CCCTT
20,1504,VT61209|1|MEMB007C|+|2357,0.04629964381456375,3341,positive,TTTGGC,CTTTG,CCCTG
21,2034,VT61209|1|MEMB007D|-|2927,-7.403261661529541,3341,positive,TTATAT,TTTTG,CCATT
22,1548,VT61209|1|MEMB008C|+|2303,-3.1553342342376713,3341,positive,CATGCT,TTTTA,ATACA
23,1938,VT61209|1|dkik|+|2673,-2.193808317184448,3341,positive,TGGCCT,ATTTG,CGAAC
