,raw,orig_species,score,align_position,strand,sequence,5_before,5_after
0,1021,VT61209|1|MEMB002A|-|2521,-1.8922997713088991,2099,positive,GGTCAA,CAACT,CACGC
1,1044,VT61209|1|MEMB002B|+|2541,-6.140227317810059,2099,positive,GGAAAA,CAACT,CACGC
2,1039,VT61209|1|MEMB002C|+|2531,-5.140227317810059,2099,positive,GGCCAA,CAACT,CACGC
3,1103,VT61209|1|MEMB002D|-|2510,-6.140227317810059,2099,positive,GGACAA,CAACC,TACGC
4,1069,VT61209|1|MEMB002E|+|2520,-6.140227317810059,2099,positive,GGACAA,CAACC,CACGC
5,1004,VT61209|1|MEMB002F|-|2384,-6.140227317810059,2099,positive,GGACAA,CAACT,CACGC
6,1414,VT61209|1|MEMB003A|+|2672,-6.140227317810059,2099,positive,GGACAA,CAACT,CACGC
7,1050,VT61209|1|MEMB003B|+|2468,-6.140227317810059,2099,positive,GGACAA,CAACT,CACGC
8,1031,VT61209|1|MEMB003C|-|2526,-5.140227317810059,2099,positive,GGCCAA,CAACT,CACGC
9,1404,VT61209|1|MEMB003D|+|2686,-6.140227317810059,2099,positive,GGACAA,CAACT,CACGC
10,1021,VT61209|1|MEMB003F|-|2482,-6.140227317810059,2099,positive,TGACAA,CAACT,CACGC
11,1049,VT61209|1|MEMB004A|+|2532,-6.140227317810059,2099,positive,GGACAA,CAACT,CACGC
12,1006,VT61209|1|MEMB004B|+|2412,-5.140227317810059,2099,positive,GGATAA,CAACT,TACGC
13,1525,VT61209|1|MEMB004E|-|2958,-6.140227317810059,2099,positive,CGACAA,CAAAT,CACGC
14,1027,VT61209|1|MEMB005B|+|5498,-6.140227317810059,2099,positive,GGACAA,CAACT,TACAC
15,1650,VT61209|1|MEMB005D|+|3006,-6.140227317810059,2099,positive,GGACAA,CACAA,CACGC
16,1085,VT61209|1|MEMB006A|-|2507,-6.140227317810059,2099,positive,GGACAA,CAACT,CACGC
17,1724,VT61209|1|MEMB006B|+|3151,-6.140227317810059,2099,positive,GGACAA,CAACT,CACGC
18,1302,VT61209|1|MEMB006C|-|3976,-5.140227317810059,2099,positive,GGACCA,CAACT,CACAC
19,1041,VT61209|1|MEMB007B|+|2541,-5.140227317810059,2099,positive,GGCCAA,CAACT,CACGC
20,1002,VT61209|1|MEMB007C|+|2357,-6.140227317810059,2099,positive,GGACAA,CAACT,CACGC
21,1517,VT61209|1|MEMB007D|-|2927,-6.140227317810059,2099,positive,GGACAA,CAACT,CACAC
22,1024,VT61209|1|MEMB008C|+|2303,-6.140227317810059,2099,positive,GAACAA,CAACT,CACAC
23,1418,VT61209|1|dkik|+|2673,-6.140227317810059,2099,positive,GGACAA,CAACT,CACGC
