,raw,orig_species,score,align_position,sequence,5_before,5_after
0,1716,VT61209|1|MEMB002D|-|2510,-3.2016279697418213,3575,ACATGC,TTATA,TATCA
1,1672,VT61209|1|MEMB002E|+|2520,-3.2016279697418213,3575,CCATGC,TTGTA,TGCCA
2,1656,VT61209|1|MEMB003B|+|2468,-2.193808317184448,3575,AGGTAT,TTATA,TATTC
3,2102,VT61209|1|MEMB004E|-|2958,3.294227123260498,3575,ACTTTC,TTGTG,AACTA
4,1611,VT61209|1|MEMB005B|+|5498,0.007825496606528759,3575,ACGCCC,TTGTG,TACTA
5,2246,VT61209|1|MEMB005D|+|3006,-1.9537003040313718,3575,ACAATC,TTTTG,TTTTA
6,1687,VT61209|1|MEMB006A|-|2507,0.007825496606528759,3575,ACGACC,TTAAG,TATTA
7,2340,VT61209|1|MEMB006B|+|3151,2.054119110107422,3575,ACGTTT,TTATA,TATAA
8,2709,VT61209|1|MEMB006C|-|3976,-4.201627731323241,3575,TTATCC,TTGCT,CGTCC
9,1594,VT61209|1|MEMB007C|+|2357,2.054119110107422,3575,ATGTTT,TTATA,TATTA
10,2111,VT61209|1|MEMB007D|-|2927,1.054119110107422,3575,ACGATT,TAATT,TATTT
