,raw,orig_species,score,align_position,sequence,5_before,5_after
0,1531,VT61209|1|MEMB002A|-|2521,-2.155334234237671,3341,TTTCGT,TCTTCTATTTG,CCCTT
1,1557,VT61209|1|MEMB002B|+|2541,-2.155334234237671,3341,TTTCGT,TCTTCTATTTG,CCCTT
2,1549,VT61209|1|MEMB002C|+|2531,-2.155334234237671,3341,TTTCGT,TCTTCTATTTG,CCCTT
3,1628,VT61209|1|MEMB002D|-|2510,-3.1553342342376713,3341,TTTGCT,TCGTTCATTTG,ACCTT
4,1585,VT61209|1|MEMB002E|+|2520,0.04629964381456375,3341,TTTAGC,TTGTTTGGTAT,TACCA
5,1521,VT61209|1|MEMB002F|-|2384,-8.403262138366701,3341,TTAGAT,TCAGGTTCTTG,CCCTT
6,1952,VT61209|1|MEMB003A|+|2672,-2.193808317184448,3341,TTGCCT,TCTTTCTTTCG,CGAAC
7,1567,VT61209|1|MEMB003B|+|2468,0.04629964381456375,3341,CTTCGC,CAGTTTCTTTG,CCCCC
8,1541,VT61209|1|MEMB003C|-|2526,-2.155334234237671,3341,TTTCGT,TCTTCTATTTG,CCCTT
9,1938,VT61209|1|MEMB003D|+|2686,-2.193808317184448,3341,TGGCCT,TCCTTCATTTG,CGAAC
10,1545,VT61209|1|MEMB003F|-|2482,-2.193808317184448,3341,CTGGCT,TCTTGCTTTTG,CCTTT
11,1562,VT61209|1|MEMB004A|+|2532,-2.155334234237671,3341,TTTCGT,TCTTCTATTTG,CCCTT
12,1521,VT61209|1|MEMB004B|+|2412,1.0925933122634888,3341,TTTTTT,TCTTGCTTTTG,CCCAT
13,2027,VT61209|1|MEMB004E|-|2958,-6.403261661529541,3341,TGCGCT,TCTTTCTTTTG,CTCTT
14,1541,VT61209|1|MEMB005B|+|5498,0.10770019143819808,3341,TTTTCA,TCTGACTTTTG,CCTTT
15,2188,VT61209|1|MEMB005D|+|3006,-4.201627731323241,3341,TTATCC,GCTTATCTTTG,CGAGC
16,1618,VT61209|1|MEMB006A|-|2507,-3.1553342342376713,3341,TCTGCT,TCTCCCTTTTG,CTTTC
17,2269,VT61209|1|MEMB006B|+|3151,-5.140227317810059,3341,TTACCA,TTTCGCTTTTG,AATGG
18,2475,VT61209|1|MEMB006C|-|3976,-3.1553342342376713,3341,TAATTT,TTTCCTTAAAA,TTATA
19,1555,VT61209|1|MEMB007B|+|2541,-2.155334234237671,3341,TTTCGT,TCTTTTATTTG,CCCTT
20,1504,VT61209|1|MEMB007C|+|2357,0.04629964381456375,3341,TTTGGC,CGTTTTCTTTG,CCCTG
21,2034,VT61209|1|MEMB007D|-|2927,-7.403261661529541,3341,TTATAT,TCCTCTTTTTG,CCATT
22,1548,VT61209|1|MEMB008C|+|2303,-3.1553342342376713,3341,CATGCT,TCTTGATTTTA,ATACA
23,1938,VT61209|1|dkik|+|2673,-2.193808317184448,3341,TGGCCT,TCCTCCATTTG,CGAAC
