,raw,orig_species,score,align_position,sequence,5_before,5_after
0,281,VT61209|1|MEMB002A|-|2521,-4.403261661529541,1064,ACAGGA,TGGGA,ATAGA
1,289,VT61209|1|MEMB002B|+|2541,-2.2016279697418213,1064,GCAGGA,GGGGA,ATAGA
2,292,VT61209|1|MEMB002C|+|2531,-4.403261661529541,1064,ACAGGA,TGGGA,ATAGA
3,320,VT61209|1|MEMB002D|-|2510,-1.9537003040313718,1064,GAGTGG,GGGGG,GGATa
4,258,VT61209|1|MEMB002E|+|2520,-6.403261661529541,1064,AGTGGG,GTGGG,GATag
5,283,VT61209|1|MEMB002F|-|2384,-2.2016279697418213,1064,GCAGGA,GCGGA,ATAGA
6,618,VT61209|1|MEMB003A|+|2672,0.09259329736232758,1064,aataga,GTGGg,agagt
7,289,VT61209|1|MEMB003B|+|2468,-6.403261661529541,1064,AGTGGg,GGGGG,aatag
8,287,VT61209|1|MEMB003C|-|2526,-2.2016279697418213,1064,GCAGGA,TGGGA,ATAGA
9,635,VT61209|1|MEMB003D|+|2686,0.09259329736232758,1064,AATAGA,GTGGA,AGAGT
10,263,VT61209|1|MEMB003F|-|2482,-7.403261661529541,1064,AGGTGG,GGGGG,GGATA
11,290,VT61209|1|MEMB004A|+|2532,-3.2016279697418213,1064,GCCGGA,GAGGA,ATAGA
12,262,VT61209|1|MEMB004B|+|2412,-4.201627731323241,1064,GGATAA,GGGTG,AAGAG
13,702,VT61209|1|MEMB004E|-|2958,-7.403261661529541,1064,AGGTGA,GGGGG,GAGGT
14,268,VT61209|1|MEMB005B|+|5498,-7.403261661529541,1064,AGGTGA,GGGGG,GGATA
15,271,VT61209|1|MEMB006A|-|2507,-0.9537003636360168,1064,GGGATA,GTGGG,GAACA
16,939,VT61209|1|MEMB006B|+|3151,-6.403261661529541,1064,AGTGGG,GGGGG,gatag
17,547,VT61209|1|MEMB006C|-|3976,-3.1553342342376713,1064,AGTACg,GGGGG,aatat
18,292,VT61209|1|MEMB007B|+|2541,-4.555264949798584,1064,CCAGGA,GGGGA,ATAGA
19,256,VT61209|1|MEMB007C|+|2357,-1.9537003040313718,1064,GAGTGG,GGGGG,gaata
20,736,VT61209|1|MEMB007D|-|2927,-3.1553342342376713,1064,AGTAGG,AAGCG,AATAG
21,273,VT61209|1|MEMB008C|+|2303,-6.403261661529541,1064,AGGGGG,GAGGG,GTATA
22,644,VT61209|1|dkik|+|2673,0.09259329736232758,1064,AATaga,GTGGA,agagt
