,raw,orig_species,score,align_position,sequence,5_before,5_after
0,1686,VT61209|1|MEMB002A|-|2521,-2.3073372840881348,3689,CCGAGC,CCATA,ATATG
1,1698,VT61209|1|MEMB002B|+|2541,-4.140227317810059,3689,TTAGCC,GATTA,ATATG
2,1689,VT61209|1|MEMB002C|+|2531,2.069226026535034,3689,TCACAC,AATTA,ATATG
3,1785,VT61209|1|MEMB002D|-|2510,0.06922604143619537,3689,TGGCCC,AATTA,AAATG
4,1741,VT61209|1|MEMB002E|+|2520,-1.8922997713088991,3689,TTTACC,CTATA,AAATG
5,1653,VT61209|1|MEMB002F|-|2384,0.06922604143619537,3689,TTACCT,ATTTC,ATATG
6,1718,VT61209|1|MEMB003B|+|2468,0.94059020280838,3689,CAAATG,TCAGC,ATTTA
7,1681,VT61209|1|MEMB003C|-|2526,2.069226026535034,3689,TCACAC,AATTA,ATATG
8,1693,VT61209|1|MEMB003F|-|2482,0.06922604143619537,3689,TTACTA,AAATA,TAATA
9,1703,VT61209|1|MEMB004A|+|2532,0.06922604143619537,3689,TTACCC,AATTA,GTATG
10,1643,VT61209|1|MEMB004B|+|2412,1.0692260265350342,3689,TGACTA,AATTA,CGATA
11,2158,VT61209|1|MEMB004E|-|2958,-0.8922998309135437,3689,TTAAAA,AATTA,TTATA
12,1679,VT61209|1|MEMB005B|+|5498,1.0692260265350342,3689,TGACTG,AGTTA,ATATA
13,2819,VT61209|1|MEMB006C|-|3976,-3.345811367034912,3689,CTGCAC,CCCTA,TAGTT
14,1695,VT61209|1|MEMB007B|+|2541,2.069226026535034,3689,TCACCC,AATTA,ATATG
15,1660,VT61209|1|MEMB007C|+|2357,-5.140227317810059,3689,TTATCC,CAAAA,AAAGG
16,2180,VT61209|1|MEMB007D|-|2927,0.06922604143619537,3689,TTACCC,AATTA,ATATT
