,raw,orig_species,score,align_position,sequence,5_before,5_after
0,804,VT6436|1|MEMB002A|+|2701,3.3556277751922607,993,AATTTA,TCGAA,CACTT
1,760,VT6436|1|MEMB002B|-|2408,-3.1402273178100586,993,AGATGA,ACATT,CATGA
2,802,VT6436|1|MEMB002C|+|2709,-0.8922998309135437,993,GGTTAA,CCTTT,ACATC
3,819,VT6436|1|MEMB002F|-|2670,-5.403261661529541,993,GGATGT,CCTTC,AGGAG
4,764,VT6436|1|MEMB003A|-|2262,-3.1402273178100586,993,TGATGA,CATTG,GTGGC
5,814,VT6436|1|MEMB003B|+|2585,-1.8922997713088991,993,AAAATA,CTTTT,CCAGA
6,812,VT6436|1|MEMB003C|-|2741,-5.140227317810059,993,GGATAA,CCTTT,ACATC
7,744,VT6436|1|MEMB003D|-|2312,-3.1402273178100586,993,TAATGA,CATTA,GTGGC
8,836,VT6436|1|MEMB003F|-|2611,-4.140227317810059,993,AGAAGA,TCTTT,TGTAA
9,754,VT6436|1|MEMB004A|+|2422,-3.1402273178100586,993,AGATGA,ACTTT,TATGA
10,787,VT6436|1|MEMB004B|+|2551,-4.140227317810059,993,GGAAGA,CCTTT,CCTAA
11,828,VT6436|1|MEMB004E|-|2496,-1.8922997713088991,993,GGAATA,TCTTT,CCTAA
12,819,VT6436|1|MEMB005B|-|2784,-4.140227317810059,993,GGAAGA,TCTTT,CCTAA
13,831,VT6436|1|MEMB005D|+|2691,-3.1402273178100586,993,GAATGA,ACTTT,CCTAC
14,840,VT6436|1|MEMB006A|+|2653,-3.1402273178100586,993,GGATGA,CCTTT,CCTAC
15,839,VT6436|1|MEMB006B|-|2624,-5.140227317810059,993,AGATAA,CGTTT,CCCGC
16,812,VT6436|1|MEMB006C|-|2759,-6.403261661529541,993,GGAAGT,CTTTT,CCCGA
17,823,VT6436|1|MEMB007B|-|2711,-0.8922998309135437,993,GGTTAA,CCTTT,ACATC
18,827,VT6436|1|MEMB007C|-|2597,-1.8922997713088991,993,AAAATA,CCTTT,CCTGC
19,800,VT6436|1|MEMB008C|+|2558,-4.140227317810059,993,GGAAGA,CTTTT,CCTAA
20,748,VT6436|1|dkik|+|2321,-3.1402273178100586,993,TGATGA,CATTA,GTGGC
