,raw,orig_species,score,align_position,strand,sequence,5_before,5_after
0,1856,VT6436|1|MEMB002A|+|2701,-5.140227317810059,2823,positive,AAAGCA,AAGGC,AATTC
1,1646,VT6436|1|MEMB002B|-|2408,-0.9307739734649658,2823,positive,AAGGAA,CTCGA,AATGT
2,1878,VT6436|1|MEMB002C|+|2709,-5.140227317810059,2823,positive,AAAGCA,AAGGC,AATAC
3,1879,VT6436|1|MEMB002E|-|2699,-0.8922998309135437,2823,positive,GGATTA,ATAGG,AACAC
4,1889,VT6436|1|MEMB002F|-|2670,-5.140227317810059,2823,positive,AGAGCA,AAGGC,AATAC
5,1888,VT6436|1|MEMB003C|-|2741,-5.140227317810059,2823,positive,AAAGCA,AAGGC,AATAC
6,1826,VT6436|1|MEMB003F|-|2611,-5.140227317810059,2823,positive,AAATAA,ACTAG,AATAC
7,1655,VT6436|1|MEMB004A|+|2422,-0.9307739734649658,2823,positive,AAGGAA,CTCGA,AATGT
8,1807,VT6436|1|MEMB004B|+|2551,-5.140227317810059,2823,positive,AAATAA,TCTAA,AATAC
9,1794,VT6436|1|MEMB004E|-|2496,-5.140227317810059,2823,positive,AAATAA,CGACG,AGTAC
10,2007,VT6436|1|MEMB005B|-|2784,-4.140227317810059,2823,positive,AAATCA,AAAGC,AATAC
11,1872,VT6436|1|MEMB007B|-|2711,1.0692260265350342,2823,positive,AAGGGA,CTAGG,AATAC
12,2060,VT6436|1|MEMB007D|-|2947,-4.140227317810059,2823,positive,AAATCA,AAGGT,GATAC
13,1814,VT6436|1|MEMB008C|+|2558,-5.140227317810059,2823,positive,AAATAA,AAAGA,AATAC
