,raw,orig_species,score,align_position,sequence,5_before,5_after
0,724,VT6436|1|MEMB002A|+|2701,-3.2016279697418213,872,TCCTCC,TTTTC,AATAT
1,684,VT6436|1|MEMB002B|-|2408,-0.9537003636360168,872,TCATTC,CTTTC,AATAT
2,722,VT6436|1|MEMB002C|+|2709,-3.2016279697418213,872,TCCTCC,TTTGC,AATAT
3,709,VT6436|1|MEMB002D|-|2501,-6.403261661529541,872,CACTAT,TTTAT,CGAAG
4,711,VT6436|1|MEMB002F|-|2670,-4.201627731323241,872,GCATCC,TTTCA,AATAG
5,688,VT6436|1|MEMB003A|-|2262,-5.201627731323242,872,GCATAC,TTTTA,AATAA
6,727,VT6436|1|MEMB003B|+|2585,-4.201627731323241,872,TAATCC,TTTTA,AACTA
7,718,VT6436|1|MEMB003C|-|2741,-3.2016279697418213,872,TCCTCC,TTTTC,AATAT
8,670,VT6436|1|MEMB003D|-|2312,4.317153453826903,872,AAGTTA,TTTTT,CTAAT
9,740,VT6436|1|MEMB003F|-|2611,-6.403261661529541,872,GCATCT,TTTTA,AAGAA
10,674,VT6436|1|MEMB004A|+|2422,-0.9537003636360168,872,TTATTC,CTTTC,AATAT
11,701,VT6436|1|MEMB004B|+|2551,-4.201627731323241,872,GCATCC,TTTTA,AGATA
12,738,VT6436|1|MEMB004E|-|2496,-0.9537003636360168,872,GGCATC,CTTAA,AAGTC
13,731,VT6436|1|MEMB005B|-|2784,-4.201627731323241,872,GCATCC,TTTTA,AGCTA
14,729,VT6436|1|MEMB005D|+|2691,-4.201627731323241,872,GCATCC,ATTCA,AGGAA
15,737,VT6436|1|MEMB006A|+|2653,-0.9537003636360168,872,TCATTC,CTTCC,AGAAT
16,735,VT6436|1|MEMB006B|-|2624,-4.201627731323241,872,AGATCC,TTTTA,TAGTT
17,731,VT6436|1|MEMB006C|-|2759,0.04629964381456375,872,GCTTCC,TTTTA,AGCTA
18,716,VT6436|1|MEMB007B|-|2711,-3.2016279697418213,872,ACCTCC,TATTC,AATAT
19,726,VT6436|1|MEMB007C|-|2597,-4.201627731323241,872,TAATCC,TTCTA,AGCTA
20,758,VT6436|1|MEMB007D|-|2947,-4.201627731323241,872,TCATCC,TTTTA,AAGTA
21,719,VT6436|1|MEMB008C|+|2558,-4.140227317810059,872,GCATCA,TTTTA,AGTTA
22,672,VT6436|1|dkik|+|2321,-5.201627731323242,872,GCATAC,TTTTA,AATAA
