,raw,orig_species,score,align_position,sequence,5_before,5_after
0,1753,VT6436|1|MEMB002A|+|2701,-0.9537003636360168,2448,CTTCCC,CTTTTCAAGAG,ACTAA
1,1775,VT6436|1|MEMB002C|+|2709,-0.9537003636360168,2448,CTTCCC,CTTTCCAAGAG,ACTAA
2,1637,VT6436|1|MEMB002D|-|2501,2.294227123260498,2448,TATATC,ATTTTAATAAG,ATTGT
3,1626,VT6436|1|MEMB002E|-|2699,1.0925933122634888,2448,TCTTTT,TTTTGAATAAG,AGTAA
4,1803,VT6436|1|MEMB002F|-|2670,0.04629964381456375,2448,GTTTCC,CAATGCTACTT,AGCCT
5,1756,VT6436|1|MEMB003B|+|2585,1.054119110107422,2448,CCGCTT,TAACAATCCCC,ACCTG
6,1789,VT6436|1|MEMB003C|-|2741,-0.9537003636360168,2448,CTTCCC,CTTTCCAAGAG,ACTAA
7,1766,VT6436|1|MEMB003F|-|2611,-4.201627731323241,2448,TTATCC,CTCTCCAAAAT,ACCTC
8,1723,VT6436|1|MEMB004B|+|2551,-0.9537003636360168,2448,TTATTC,CTCTCCAAAAG,CCTTG
9,1889,VT6436|1|MEMB005D|+|2691,3.294227123260498,2448,GTTTTC,CTTTCCCAAAA,CCGGG
10,1851,VT6436|1|MEMB006A|+|2653,3.294227123260498,2448,TTTTTC,CTAACCCAAAA,CAGGG
11,1862,VT6436|1|MEMB006C|-|2759,-0.9537003636360168,2448,TTATTC,CTCTCTACAAG,ACCTC
12,1778,VT6436|1|MEMB007B|-|2711,-0.9537003636360168,2448,CTTCCC,CTTTCCAAGAG,ACCAA
13,1929,VT6436|1|MEMB007D|-|2947,-0.9537003636360168,2448,ATATTC,AGATACATAAA,TTAAG
14,1742,VT6436|1|MEMB008C|+|2558,-4.201627731323241,2448,TTATCC,CTCTCCAAAAG,CCTTG
