,raw,orig_species,score,align_position,strand,sequence,5_before,5_after
0,724,VT6436|1|MEMB002A|+|2701,-3.2016279697418213,872,positive,TCCTCC,CAAAT,AATAT
1,684,VT6436|1|MEMB002B|-|2408,-0.9537003636360168,872,positive,TCATTC,ATAAA,AATAT
2,722,VT6436|1|MEMB002C|+|2709,-3.2016279697418213,872,positive,TCCTCC,CAAAT,AATAT
3,709,VT6436|1|MEMB002D|-|2501,-6.403261661529541,872,positive,CACTAT,AAAAT,CGAAG
4,711,VT6436|1|MEMB002F|-|2670,-4.201627731323241,872,positive,GCATCC,CAAAT,AATAG
5,688,VT6436|1|MEMB003A|-|2262,-5.201627731323242,872,positive,GCATAC,TATTA,AATAA
6,727,VT6436|1|MEMB003B|+|2585,-4.201627731323241,872,positive,TAATCC,AAAAA,AACTA
7,718,VT6436|1|MEMB003C|-|2741,-3.2016279697418213,872,positive,TCCTCC,AAACT,AATAT
8,670,VT6436|1|MEMB003D|-|2312,4.317153453826903,872,positive,AAGTTA,AAATA,CTAAT
9,740,VT6436|1|MEMB003F|-|2611,-6.403261661529541,872,positive,GCATCT,TAAAA,AAGAA
10,674,VT6436|1|MEMB004A|+|2422,-0.9537003636360168,872,positive,TTATTC,ATAAA,AATAT
11,701,VT6436|1|MEMB004B|+|2551,-4.201627731323241,872,positive,GCATCC,GAAGA,AGATA
12,738,VT6436|1|MEMB004E|-|2496,-0.9537003636360168,872,positive,GGCATC,AAAAG,AAGTC
13,731,VT6436|1|MEMB005B|-|2784,-4.201627731323241,872,positive,GCATCC,GAAAA,AGCTA
14,729,VT6436|1|MEMB005D|+|2691,-4.201627731323241,872,positive,GCATCC,AAAAA,AGGAA
15,737,VT6436|1|MEMB006A|+|2653,-0.9537003636360168,872,positive,TCATTC,AAAAA,AGAAT
16,735,VT6436|1|MEMB006B|-|2624,-4.201627731323241,872,positive,AGATCC,TAAAA,TAGTT
17,731,VT6436|1|MEMB006C|-|2759,0.04629964381456375,872,positive,GCTTCC,AAAAG,AGCTA
18,716,VT6436|1|MEMB007B|-|2711,-3.2016279697418213,872,positive,ACCTCC,AAACT,AATAT
19,726,VT6436|1|MEMB007C|-|2597,-4.201627731323241,872,positive,TAATCC,AAAAA,AGCTA
20,758,VT6436|1|MEMB007D|-|2947,-4.201627731323241,872,positive,TCATCC,AAACA,AAGTA
21,719,VT6436|1|MEMB008C|+|2558,-4.140227317810059,872,positive,GCATCA,AAAAA,AGTTA
22,672,VT6436|1|dkik|+|2321,-5.201627731323242,872,positive,GCATAC,TATTA,AATAA
