,raw,orig_species,score,align_position,sequence,5_before,5_after
0,804,VT6436|1|MEMB002A|+|2701,3.3556277751922607,993,TAAATT,TTCGA,AAGTG
1,760,VT6436|1|MEMB002B|-|2408,-3.1402273178100586,993,TCATCT,AATGT,TCATG
2,802,VT6436|1|MEMB002C|+|2709,-0.8922998309135437,993,TTAACC,AAAGG,GATGT
3,819,VT6436|1|MEMB002F|-|2670,-5.403261661529541,993,ACATCC,GAAGG,CTCCT
4,764,VT6436|1|MEMB003A|-|2262,-3.1402273178100586,993,TCATCA,CAATG,GCCAC
5,814,VT6436|1|MEMB003B|+|2585,-1.8922997713088991,993,TATTTT,AAAAG,TCTGG
6,812,VT6436|1|MEMB003C|-|2741,-5.140227317810059,993,TTATCC,AAAGG,GATGT
7,744,VT6436|1|MEMB003D|-|2312,-3.1402273178100586,993,TCATTA,TAATG,GCCAC
8,836,VT6436|1|MEMB003F|-|2611,-4.140227317810059,993,TCTTCT,AAAGA,TTACA
9,754,VT6436|1|MEMB004A|+|2422,-3.1402273178100586,993,TCATCT,AAAGT,TCATA
10,787,VT6436|1|MEMB004B|+|2551,-4.140227317810059,993,TCTTCC,AAAGG,TTAGG
11,828,VT6436|1|MEMB004E|-|2496,-1.8922997713088991,993,TATTCC,AAAGA,TTAGG
12,819,VT6436|1|MEMB005B|-|2784,-4.140227317810059,993,TCTTCC,AAAGA,TTAGG
13,831,VT6436|1|MEMB005D|+|2691,-3.1402273178100586,993,TCATTC,AAAGT,GTAGG
14,840,VT6436|1|MEMB006A|+|2653,-3.1402273178100586,993,TCATCC,AAAGG,GTAGG
15,839,VT6436|1|MEMB006B|-|2624,-5.140227317810059,993,TTATCT,AAACG,GCGGG
16,812,VT6436|1|MEMB006C|-|2759,-6.403261661529541,993,ACTTCC,AAAAG,TCGGG
17,823,VT6436|1|MEMB007B|-|2711,-0.8922998309135437,993,TTAACC,AAAGG,GATGT
18,827,VT6436|1|MEMB007C|-|2597,-1.8922997713088991,993,TATTTT,AAAGG,GCAGG
19,800,VT6436|1|MEMB008C|+|2558,-4.140227317810059,993,TCTTCC,AAAAG,TTAGG
20,748,VT6436|1|dkik|+|2321,-3.1402273178100586,993,TCATCA,TAATG,GCCAC
