,raw,orig_species,score,align_position,sequence,5_before,5_after
0,1856,VT6436|1|MEMB002A|+|2701,-5.140227317810059,2823,AAAGCA,AGCAC,AATTC
1,1646,VT6436|1|MEMB002B|-|2408,-0.9307739734649658,2823,AAGGAA,AAACC,AATGT
2,1878,VT6436|1|MEMB002C|+|2709,-5.140227317810059,2823,AAAGCA,AGCAC,AATAC
3,1879,VT6436|1|MEMB002E|-|2699,-0.8922998309135437,2823,GGATTA,AATTC,AACAC
4,1889,VT6436|1|MEMB002F|-|2670,-5.140227317810059,2823,AGAGCA,AATAG,AATAC
5,1888,VT6436|1|MEMB003C|-|2741,-5.140227317810059,2823,AAAGCA,AGCAC,AATAC
6,1826,VT6436|1|MEMB003F|-|2611,-5.140227317810059,2823,AAATAA,AAAAA,AATAC
7,1655,VT6436|1|MEMB004A|+|2422,-0.9307739734649658,2823,AAGGAA,AAACC,AATGT
8,1807,VT6436|1|MEMB004B|+|2551,-5.140227317810059,2823,AAATAA,ATAAA,AATAC
9,1794,VT6436|1|MEMB004E|-|2496,-5.140227317810059,2823,AAATAA,AACAC,AGTAC
10,2007,VT6436|1|MEMB005B|-|2784,-4.140227317810059,2823,AAATCA,AATCT,AATAC
11,1872,VT6436|1|MEMB007B|-|2711,1.0692260265350342,2823,AAGGGA,AGTAC,AATAC
12,2060,VT6436|1|MEMB007D|-|2947,-4.140227317810059,2823,AAATCA,AACAG,GATAC
13,1814,VT6436|1|MEMB008C|+|2558,-5.140227317810059,2823,AAATAA,ACCCT,AATAC
