,raw,orig_species,score,align_position,strand,sequence,5_before,5_after
0,1884,VT6436|1|MEMB002A|+|2701,-1.8922997713088991,2858,positive,AAACTA,AGATA,AGGGA
1,1674,VT6436|1|MEMB002B|-|2408,-0.8922998309135437,2858,positive,GGATTA,AGATG,AAGGA
2,1906,VT6436|1|MEMB002C|+|2709,-1.9537003040313718,2858,positive,GAACTC,AGATA,AGGGA
3,1736,VT6436|1|MEMB002D|-|2501,-0.8922998309135437,2858,positive,GGATTA,AATTA,TAGGA
4,1907,VT6436|1|MEMB002E|-|2699,2.054119110107422,2858,positive,GAGTTT,AGATA,TAAAA
5,1914,VT6436|1|MEMB002F|-|2670,3.3556277751922607,2858,positive,GGTTTA,AGATA,ATAGA
6,1671,VT6436|1|MEMB003A|-|2262,-6.140227317810059,2858,positive,AGACAA,AAAAA,AATAA
7,1824,VT6436|1|MEMB003B|+|2585,4.317153453826903,2858,positive,CAGTTA,AGATA,GCTTT
8,1916,VT6436|1|MEMB003C|-|2741,-1.8922997713088991,2858,positive,GAACTA,AGATA,AGGGA
9,1854,VT6436|1|MEMB003F|-|2611,0.10770019143819808,2858,positive,GGCTTA,ACATA,AAGGA
10,1683,VT6436|1|MEMB004A|+|2422,-0.8922998309135437,2858,positive,GGATTA,CGGTG,AAGGA
11,2035,VT6436|1|MEMB005B|-|2784,0.10770019143819808,2858,positive,GCCTTA,AGATA,AAGGA
12,1972,VT6436|1|MEMB005D|+|2691,-0.8922998309135437,2858,positive,GGATTA,AGATA,TAGGA
13,1934,VT6436|1|MEMB006A|+|2653,-0.8922998309135437,2858,positive,GGATTA,AGGTA,TAGAA
14,1952,VT6436|1|MEMB006C|-|2759,0.10770019143819808,2858,positive,GGCTTA,ATTTA,TAAGC
15,1900,VT6436|1|MEMB007B|-|2711,-6.140227317810059,2858,positive,CAACAA,AGATA,AGGGA
16,1871,VT6436|1|MEMB007C|-|2597,0.10770019143819808,2858,positive,TGCTTA,AGATA,ATAAT
17,2095,VT6436|1|MEMB007D|-|2947,3.3556277751922607,2858,positive,GGTTTA,AGATA,GTAAT
18,1842,VT6436|1|MEMB008C|+|2558,-0.8922998309135437,2858,positive,GGCCTA,AGATA,AAGGA
