,raw,orig_species,score,align_position,sequence,5_before,5_after
0,939,VT6436|1|MEMB002A|+|2701,-6.403261661529541,1328,AGATGA,TACCA,TATGT
1,941,VT6436|1|MEMB002B|-|2408,-3.1553342342376713,1328,aaatga,TGtaa,tatat
2,961,VT6436|1|MEMB002C|+|2709,-6.403261661529541,1328,AGATAA,TACCA,TATAT
3,844,VT6436|1|MEMB002D|-|2501,-5.403261661529541,1328,AGAGTA,ATATA,TATAT
4,833,VT6436|1|MEMB002E|-|2699,-5.403261661529541,1328,AGAGCA,CTTTA,TATAT
5,1018,VT6436|1|MEMB002F|-|2670,-7.403261661529541,1328,AGGTTT,TCCTA,TTTAG
6,872,VT6436|1|MEMB003A|-|2262,0.04629964381456375,1328,GAAGTA,CTTAA,TTTAT
7,942,VT6436|1|MEMB003B|+|2585,-2.155334234237671,1328,AGAATA,CTTTC,TCTAA
8,981,VT6436|1|MEMB003C|-|2741,-6.403261661529541,1328,AGATGA,TACCA,TATAT
9,846,VT6436|1|MEMB003D|-|2312,-3.2016279697418213,1328,GGAGTA,CTTTA,TTTAT
10,946,VT6436|1|MEMB003F|-|2611,1.0078254938125608,1328,GGACTA,ATTTA,TAAAT
11,934,VT6436|1|MEMB004A|+|2422,-6.403261661529541,1328,AGatat,CTGTA,ataat
12,936,VT6436|1|MEMB004B|+|2551,-5.403261661529541,1328,AGAGTA,ACTAT,TATAT
13,999,VT6436|1|MEMB004E|-|2496,1.0078254938125608,1328,GGACTT,CTTTT,TCTAT
14,980,VT6436|1|MEMB005B|-|2784,-5.403261661529541,1328,AGAGTA,CTTTA,TATAG
15,989,VT6436|1|MEMB005D|+|2691,-6.403261661529541,1328,AGATCA,TTTTT,TTTTT
16,967,VT6436|1|MEMB006A|+|2653,-4.201627731323241,1328,GGATAA,TTTTG,TATTT
17,978,VT6436|1|MEMB006B|-|2624,-6.403261661529541,1328,AGATTA,TTTTA,TATAC
18,1071,VT6436|1|MEMB006C|-|2759,-5.403261661529541,1328,AGAGTA,TTTTT,TACAT
19,1008,VT6436|1|MEMB007B|-|2711,-4.201627731323241,1328,GGATGG,TTTAA,TATAC
20,984,VT6436|1|MEMB007C|-|2597,-5.403261661529541,1328,AGAGTA,ATTTA,TCTAT
21,1047,VT6436|1|MEMB007D|-|2947,-3.2016279697418213,1328,GGAGTA,TTTTT,TATAA
22,951,VT6436|1|MEMB008C|+|2558,-3.1553342342376713,1328,AGTAAA,TTTTA,TATAT
23,857,VT6436|1|dkik|+|2321,-3.2016279697418213,1328,GGAGTA,ATTTA,TTTAT
