,raw,orig_species,score,align_position,strand,sequence,5_before,5_after
0,1813,VT6436|1|MEMB002A|+|2701,-3.1553342342376713,2542,positive,TAATTT,TGCAT,AGAGT
1,1625,VT6436|1|MEMB002B|-|2408,-3.1553342342376713,2542,positive,TTATTT,GCAAG,AAAGT
2,1835,VT6436|1|MEMB002C|+|2709,-3.1553342342376713,2542,positive,TAATTT,TGCAT,ACAGA
3,1674,VT6436|1|MEMB002D|-|2501,-6.403261661529541,2542,positive,TAATCT,CTATC,AGAGA
4,1713,VT6436|1|MEMB002E|-|2699,-3.1553342342376713,2542,positive,TAATTT,ATTCC,TGCGT
5,1846,VT6436|1|MEMB002F|-|2670,2.054119110107422,2542,positive,TAGTTT,TATAT,AGCGT
6,1622,VT6436|1|MEMB003A|-|2262,-6.403261661529541,2542,positive,TAATCT,TATTA,TATAT
7,1778,VT6436|1|MEMB003B|+|2585,-6.555264949798584,2542,positive,TTATCG,AATTA,TAGGC
8,1845,VT6436|1|MEMB003C|-|2741,-3.1553342342376713,2542,positive,TAATTT,TGCAT,AGAGT
9,1591,VT6436|1|MEMB003D|-|2312,-6.403261661529541,2542,positive,TAATCT,TATTA,TATTG
10,1786,VT6436|1|MEMB003F|-|2611,-4.201627731323241,2542,positive,TGATCC,CTAAC,AGAGG
11,1751,VT6436|1|MEMB004B|+|2551,-4.201627731323241,2542,positive,TAATCC,CTATT,AGAGT
12,1756,VT6436|1|MEMB004E|-|2496,-5.403261661529541,2542,positive,ACCTCT,TTGCC,AATTA
13,1794,VT6436|1|MEMB005B|-|2784,-5.201627731323242,2542,positive,TAATAC,CTCTT,AGAGT
14,1931,VT6436|1|MEMB005D|+|2691,-6.403261661529541,2542,positive,TAATCT,CTATC,AGAGT
15,1893,VT6436|1|MEMB006A|+|2653,-6.403261661529541,2542,positive,TAATCT,CTATC,AAAGT
16,1840,VT6436|1|MEMB006B|-|2624,-6.403261661529541,2542,positive,TAATCT,TTATC,AGAGT
17,1904,VT6436|1|MEMB006C|-|2759,-7.403261661529541,2542,positive,TTATAT,CTACA,CTACT
18,1828,VT6436|1|MEMB007B|-|2711,-3.1553342342376713,2542,positive,TAATTT,TGTAT,AGCGT
19,1819,VT6436|1|MEMB007C|-|2597,-6.403261661529541,2542,positive,TAATCT,TTATC,AGAAT
20,2010,VT6436|1|MEMB007D|-|2947,1.0925933122634888,2542,positive,TATTTT,CCGAG,TGCAT
21,1770,VT6436|1|MEMB008C|+|2558,-3.2016279697418213,2542,positive,TACTCC,CTAAT,AGAGT
22,1604,VT6436|1|dkik|+|2321,-6.403261661529541,2542,positive,TAATCT,TATTA,TATAT
