,raw,orig_species,score,align_position,sequence,5_before,5_after
0,724,VT6436|1|MEMB002A|+|2701,-3.2016279697418213,872,GGAGGA,GAAAA,ATATT
1,684,VT6436|1|MEMB002B|-|2408,-0.9537003636360168,872,GAATGA,GAAAG,ATATT
2,722,VT6436|1|MEMB002C|+|2709,-3.2016279697418213,872,GGAGGA,GCAAA,ATATT
3,709,VT6436|1|MEMB002D|-|2501,-6.403261661529541,872,ATAGTG,ATAAA,CTTCG
4,711,VT6436|1|MEMB002F|-|2670,-4.201627731323241,872,GGATGC,TGAAA,CTATT
5,688,VT6436|1|MEMB003A|-|2262,-5.201627731323242,872,gtatgc,taaaa,ttatt
6,727,VT6436|1|MEMB003B|+|2585,-4.201627731323241,872,GGATTA,TAAAA,TAGTT
7,718,VT6436|1|MEMB003C|-|2741,-3.2016279697418213,872,GGAGGA,GAAAA,ATATT
8,670,VT6436|1|MEMB003D|-|2312,4.317153453826903,872,TAACTT,AAAAA,ATTAG
9,740,VT6436|1|MEMB003F|-|2611,-6.403261661529541,872,AGATGC,TAAAA,TTCTT
10,674,VT6436|1|MEMB004A|+|2422,-0.9537003636360168,872,GAATAA,GAAAG,ATATT
11,701,VT6436|1|MEMB004B|+|2551,-4.201627731323241,872,GGATGC,TAAAA,TATCT
12,738,VT6436|1|MEMB004E|-|2496,-0.9537003636360168,872,GATGCC,TTAAG,GACTT
13,731,VT6436|1|MEMB005B|-|2784,-4.201627731323241,872,GGATGC,TAAAA,TAGCT
14,729,VT6436|1|MEMB005D|+|2691,-4.201627731323241,872,GGATGC,TGAAT,TTCCT
15,737,VT6436|1|MEMB006A|+|2653,-0.9537003636360168,872,GAATGA,GGAAG,ATTCT
16,735,VT6436|1|MEMB006B|-|2624,-4.201627731323241,872,GGATCT,TAAAA,AACTA
17,731,VT6436|1|MEMB006C|-|2759,0.04629964381456375,872,GGAAGC,tAAAA,TAGCT
18,716,VT6436|1|MEMB007B|-|2711,-3.2016279697418213,872,GGAGGT,GAATA,ATATT
19,726,VT6436|1|MEMB007C|-|2597,-4.201627731323241,872,GGATTA,TAGAA,TAGCT
20,758,VT6436|1|MEMB007D|-|2947,-4.201627731323241,872,GGATGA,TAAAA,TACTT
21,719,VT6436|1|MEMB008C|+|2558,-4.140227317810059,872,TGATGC,TAAAA,TAACT
22,672,VT6436|1|dkik|+|2321,-5.201627731323242,872,GTATGC,TAAAA,TTATT
