,raw,orig_species,score,align_position,sequence,5_before,5_after
0,792,VT6436|1|MEMB002A|+|2701,-4.201627731323241,973,GGATAA,TTCTT,ATTCG
1,748,VT6436|1|MEMB002B|-|2408,-4.201627731323241,973,GTAGGA,TTTTT,AAATG
2,790,VT6436|1|MEMB002C|+|2709,-4.140227317810059,973,TTAGGA,TTCTT,AAAAG
3,803,VT6436|1|MEMB002D|-|2501,-0.8922998309135437,973,TTAAGG,ATCCT,AATCT
4,807,VT6436|1|MEMB002F|-|2670,-1.8922997713088991,973,TTGAGC,CTTTT,AGAAG
5,752,VT6436|1|MEMB003A|-|2262,0.10770019143819808,973,TAAGGA,AAAGT,ACAAT
6,802,VT6436|1|MEMB003B|+|2585,-0.8922998309135437,973,TTAAGA,ATACT,AAAAA
7,732,VT6436|1|MEMB003D|-|2312,0.10770019143819808,973,TAAGAA,AAAGT,ATAAT
8,822,VT6436|1|MEMB003F|-|2611,0.10770019143819808,973,TAAGAG,ATCCT,ACAAA
9,742,VT6436|1|MEMB004A|+|2422,-4.201627731323241,973,GTAGGA,TTTTT,AAAAG
10,774,VT6436|1|MEMB004B|+|2551,-4.140227317810059,973,TTAGAA,TCCCT,AAAAA
11,815,VT6436|1|MEMB004E|-|2496,-0.8922998309135437,973,TTAAGT,TCTCT,ATAAA
12,799,VT6436|1|MEMB005B|-|2784,-0.8922998309135437,973,TTAAGA,ATCCT,AAGGT
13,819,VT6436|1|MEMB005D|+|2691,-0.8922998309135437,973,TTAAGA,ATCCT,AAAAG
14,828,VT6436|1|MEMB006A|+|2653,-0.8922998309135437,973,TTAAGG,ATCCT,AAAAG
15,827,VT6436|1|MEMB006B|-|2624,-0.8922998309135437,973,TTAAGG,ATCTT,AAAAC
16,799,VT6436|1|MEMB006C|-|2759,-0.8922998309135437,973,TGGAGT,GTCCT,ATAAA
17,812,VT6436|1|MEMB007B|-|2711,0.10770019143819808,973,TAAGGA,TTCTT,AAAGG
18,815,VT6436|1|MEMB007C|-|2597,-0.8922998309135437,973,TTAAGA,ATTCT,AAAAG
19,842,VT6436|1|MEMB007D|-|2947,-1.8922997713088991,973,TTGAGG,ATCCC,ATTCC
20,787,VT6436|1|MEMB008C|+|2558,1.1077002286911009,973,TCAAGA,ATCTT,ATAAA
21,736,VT6436|1|dkik|+|2321,0.10770019143819808,973,TAAGGA,AAAGT,ATAAT
