,raw,orig_species,score,align_position,sequence,5_before,5_after
0,1813,VT6436|1|MEMB002A|+|2701,-3.1553342342376713,2542,AAATTA,CTTTA,ACTCT
1,1625,VT6436|1|MEMB002B|-|2408,-3.1553342342376713,2542,AAATAA,CCATA,ACTTT
2,1835,VT6436|1|MEMB002C|+|2709,-3.1553342342376713,2542,AAATTA,CTTTA,TCTGT
3,1674,VT6436|1|MEMB002D|-|2501,-6.403261661529541,2542,AGATTA,GTTTA,TCTCT
4,1713,VT6436|1|MEMB002E|-|2699,-3.1553342342376713,2542,AAATTA,ATATA,ACGCA
5,1846,VT6436|1|MEMB002F|-|2670,2.054119110107422,2542,AAACTA,ATTTA,ACGCT
6,1622,VT6436|1|MEMB003A|-|2262,-6.403261661529541,2542,AGATTA,AATAT,ATATA
7,1778,VT6436|1|MEMB003B|+|2585,-6.555264949798584,2542,CGATAA,AGAGG,GCCTA
8,1845,VT6436|1|MEMB003C|-|2741,-3.1553342342376713,2542,AAATTA,CTTTA,ACTCT
9,1591,VT6436|1|MEMB003D|-|2312,-6.403261661529541,2542,AGATTA,AATAT,CAATA
10,1786,VT6436|1|MEMB003F|-|2611,-4.201627731323241,2542,GGATCA,AAATA,CCTCT
11,1751,VT6436|1|MEMB004B|+|2551,-4.201627731323241,2542,GGATTA,GCCTT,ACTCT
12,1756,VT6436|1|MEMB004E|-|2496,-5.403261661529541,2542,AGAGGT,GGATA,TAATT
13,1794,VT6436|1|MEMB005B|-|2784,-5.201627731323242,2542,GTATTA,GCCTT,ACTCT
14,1931,VT6436|1|MEMB005D|+|2691,-6.403261661529541,2542,AGATTA,AACTG,ACTCT
15,1893,VT6436|1|MEMB006A|+|2653,-6.403261661529541,2542,AGATTA,AACTG,ACTTT
16,1840,VT6436|1|MEMB006B|-|2624,-6.403261661529541,2542,AGATTA,GCTTA,ACTCT
17,1904,VT6436|1|MEMB006C|-|2759,-7.403261661529541,2542,ATATAA,ACACG,AGTAG
18,1828,VT6436|1|MEMB007B|-|2711,-3.1553342342376713,2542,AAATTA,ATTTA,ACGCT
19,1819,VT6436|1|MEMB007C|-|2597,-6.403261661529541,2542,AGATTA,CCTTA,ATTCT
20,2010,VT6436|1|MEMB007D|-|2947,1.0925933122634888,2542,AAAATA,ATACA,ATGCA
21,1770,VT6436|1|MEMB008C|+|2558,-3.2016279697418213,2542,GGAGTA,GCTTT,ACTCT
22,1604,VT6436|1|dkik|+|2321,-6.403261661529541,2542,AGATTA,AATAT,ATATA
