,raw,orig_species,score,align_position,sequence,5_before,5_after
0,1735,VT6436|1|MEMB002A|+|2701,-4.201627731323241,2392,CGATCC,CCCTTACCTTA,AGAGA
1,1607,VT6436|1|MEMB002B|-|2408,-4.201627731323241,2392,CGATCC,CCCTTACCTTG,CAAGA
2,1757,VT6436|1|MEMB002C|+|2709,-4.201627731323241,2392,CGATCC,CCCTTACCTTA,AGAGA
3,1619,VT6436|1|MEMB002D|-|2501,-4.201627731323241,2392,CTATCC,CCTTAGCATTT,TAAGT
4,1608,VT6436|1|MEMB002E|-|2699,-6.555264949798584,2392,CGATCG,CCTTAACATTT,TAAGA
5,1790,VT6436|1|MEMB002F|-|2670,0.04629964381456375,2392,ACTTCC,CCTTTACCTAA,ATGCT
6,1600,VT6436|1|MEMB003A|-|2262,-4.201627731323241,2392,TTATCC,CCTCAACAAAA,ATCTG
7,1747,VT6436|1|MEMB003B|+|2585,-4.201627731323241,2392,CAATCC,CCAAAAAAAAA,TTTAA
8,1771,VT6436|1|MEMB003C|-|2741,-4.201627731323241,2392,CGATCC,CCCTTACCTTA,AGAGA
9,1569,VT6436|1|MEMB003D|-|2312,-4.201627731323241,2392,TTATCC,CCTCAACAAAA,ATCTG
10,1748,VT6436|1|MEMB003F|-|2611,-5.555264949798584,2392,CACTCG,CCTTACCATTT,AAATA
11,1624,VT6436|1|MEMB004A|+|2422,-4.201627731323241,2392,CGATCC,CCCTTACCTTG,AAAGA
12,1705,VT6436|1|MEMB004B|+|2551,-4.201627731323241,2392,CAATCC,CCCTAACAAAA,AAAGA
13,1752,VT6436|1|MEMB004E|-|2496,2.294227123260498,2392,CTTATC,CCTTGCCATTT,AACCT
14,1750,VT6436|1|MEMB005B|-|2784,-6.403261661529541,2392,CAATCT,CCTTACCATTT,AATAA
15,1870,VT6436|1|MEMB005D|+|2691,-4.201627731323241,2392,CGATCC,CCTTACCATTT,AAAGA
16,1832,VT6436|1|MEMB006A|+|2653,-4.201627731323241,2392,CGATCC,CCTTACCATTT,AAAAA
17,1802,VT6436|1|MEMB006B|-|2624,-4.201627731323241,2392,CAATCC,CCTTAAAATTT,ATTAA
18,1844,VT6436|1|MEMB006C|-|2759,-6.403261661529541,2392,CAATCT,CCTTACCATTT,CAAGA
19,1760,VT6436|1|MEMB007B|-|2711,-4.201627731323241,2392,CGATCC,CCCTTACCTTA,AGAGA
20,1781,VT6436|1|MEMB007C|-|2597,-0.9537003636360168,2392,CAATTC,CCAAAAAAAAA,ATTAA
21,1873,VT6436|1|MEMB007D|-|2947,-4.201627731323241,2392,CGATCC,CCCTACCATAT,AACGA
22,1724,VT6436|1|MEMB008C|+|2558,-4.201627731323241,2392,CAATCC,CTCTTCCCAAA,AAAGA
23,1582,VT6436|1|dkik|+|2321,-4.201627731323241,2392,TTATCC,CCTTAACAAAA,ATCTG
