,raw,orig_species,score,align_position,sequence,5_before,5_after
0,792,VT6436|1|MEMB002A|+|2701,-4.201627731323241,973,TTATCC,AAGAACTTGCC,CGAAT
1,748,VT6436|1|MEMB002B|-|2408,-4.201627731323241,973,TCCTAC,AAAAACTTGTT,CATTT
2,790,VT6436|1|MEMB002C|+|2709,-4.140227317810059,973,TCCTAA,AAGAACTTGCC,CTTTT
3,803,VT6436|1|MEMB002D|-|2501,-0.8922998309135437,973,CCTTAA,AGGATCTGCTG,AGATT
4,807,VT6436|1|MEMB002F|-|2670,-1.8922997713088991,973,GCTCAA,AAAAGGCTTGC,CTTCT
5,752,VT6436|1|MEMB003A|-|2262,0.10770019143819808,973,TCCTTA,ACTTTGTATTA,ATTGT
6,802,VT6436|1|MEMB003B|+|2585,-0.8922998309135437,973,TCTTAA,AGTATATTCTG,TTTTT
7,732,VT6436|1|MEMB003D|-|2312,0.10770019143819808,973,TTCTTA,ACTTTTTATTA,ATTAT
8,822,VT6436|1|MEMB003F|-|2611,0.10770019143819808,973,CTCTTA,AGGATCTTCCC,TTTGT
9,742,VT6436|1|MEMB004A|+|2422,-4.201627731323241,973,TCCTAC,AAAAACTTTCA,CTTTT
10,774,VT6436|1|MEMB004B|+|2551,-4.140227317810059,973,TTCTAA,AGGGATTTTTC,TTTTT
11,815,VT6436|1|MEMB004E|-|2496,-0.8922998309135437,973,ACTTAA,AGAGAAGTATA,TTTAT
12,799,VT6436|1|MEMB005B|-|2784,-0.8922998309135437,973,TCTTAA,AGGATTTTCCC,ACCTT
13,819,VT6436|1|MEMB005D|+|2691,-0.8922998309135437,973,TCTTAA,AGGATTTAACC,CTTTT
14,828,VT6436|1|MEMB006A|+|2653,-0.8922998309135437,973,CCTTAA,AGGATTTAACC,CTTTT
15,827,VT6436|1|MEMB006B|-|2624,-0.8922998309135437,973,CCTTAA,AAGATTTGCCG,GTTTT
16,799,VT6436|1|MEMB006C|-|2759,-0.8922998309135437,973,ACTCCA,AGGACTTTCCC,TTTAT
17,812,VT6436|1|MEMB007B|-|2711,0.10770019143819808,973,TCCTTA,AAGAACTTGCC,CCTTT
18,815,VT6436|1|MEMB007C|-|2597,-0.8922998309135437,973,TCTTAA,AGAATTTTCTG,CTTTT
19,842,VT6436|1|MEMB007D|-|2947,-1.8922997713088991,973,CCTCAA,GGGATTTTCTA,GGAAT
20,787,VT6436|1|MEMB008C|+|2558,1.1077002286911009,973,TCTTGA,AAGATTTTCCC,TTTAT
21,736,VT6436|1|dkik|+|2321,0.10770019143819808,973,TCCTTA,ACTTTTTATTA,ATTAT
