,raw,orig_species,score,align_position,sequence,5_before,5_after
0,1734,VT6436|1|MEMB002A|+|2701,-0.9537003636360168,2391,GGGATC,TAAGG,GTCTC
1,1606,VT6436|1|MEMB002B|-|2408,-0.9537003636360168,2391,GGGATC,TAAGG,GTCTT
2,1756,VT6436|1|MEMB002C|+|2709,-0.9537003636360168,2391,GGGATC,TAAGG,GTCTC
3,1618,VT6436|1|MEMB002D|-|2501,-0.9537003636360168,2391,GGGATA,CTAAG,GACTT
4,1607,VT6436|1|MEMB002E|-|2699,0.04629964381456375,2391,GCGATC,TTAAG,GTCTT
5,1789,VT6436|1|MEMB002F|-|2670,-0.9537003636360168,2391,GGGAAG,TAAAG,TAGCA
6,1599,VT6436|1|MEMB003A|-|2262,-0.9537003636360168,2391,GGGATA,TTGAG,ACAGA
7,1746,VT6436|1|MEMB003B|+|2585,-0.9537003636360168,2391,GGGATT,TTTTG,GTTAA
8,1770,VT6436|1|MEMB003C|-|2741,-0.9537003636360168,2391,GGGATC,TAAGG,GTCTC
9,1568,VT6436|1|MEMB003D|-|2312,-0.9537003636360168,2391,GGGATA,TTGAG,ACAGA
10,1747,VT6436|1|MEMB003F|-|2611,0.04629964381456375,2391,GCGAGT,GTAAG,GTATT
11,1623,VT6436|1|MEMB004A|+|2422,-0.9537003636360168,2391,GGGATC,TAAGG,GTCTT
12,1704,VT6436|1|MEMB004B|+|2551,-0.9537003636360168,2391,GGGATT,TTAGG,GTCTT
13,1751,VT6436|1|MEMB004E|-|2496,-4.201627731323241,2391,GGATAA,GCAAG,GAGGT
14,1749,VT6436|1|MEMB005B|-|2784,2.294227123260498,2391,GAGATT,GTAAG,GTTAT
15,1869,VT6436|1|MEMB005D|+|2691,-0.9537003636360168,2391,GGGATC,GTAAG,GTCTT
16,1831,VT6436|1|MEMB006A|+|2653,-0.9537003636360168,2391,GGGATC,GTAAG,GTTTT
17,1801,VT6436|1|MEMB006B|-|2624,-0.9537003636360168,2391,GGGATT,TTAAG,GTTAA
18,1843,VT6436|1|MEMB006C|-|2759,2.294227123260498,2391,GAGATT,GTAAG,GTCTT
19,1759,VT6436|1|MEMB007B|-|2711,-0.9537003636360168,2391,GGGATC,TAAGG,GTCTC
20,1780,VT6436|1|MEMB007C|-|2597,0.04629964381456375,2391,GGAATT,TTTTG,GTTAA
21,1872,VT6436|1|MEMB007D|-|2947,-0.9537003636360168,2391,GGGATC,GTAGG,GTCGT
22,1723,VT6436|1|MEMB008C|+|2558,-0.9537003636360168,2391,GGGATT,GAAGA,GTCTT
23,1581,VT6436|1|dkik|+|2321,-0.9537003636360168,2391,GGGATA,TTAAG,ACAGA
