,raw,orig_species,score,align_position,sequence,5_before,5_after
0,1735,VT6436|1|MEMB002A|+|2701,-4.201627731323241,2392,GGATCG,AAGGG,TCTCT
1,1607,VT6436|1|MEMB002B|-|2408,-4.201627731323241,2392,GGATCG,AAGGG,TCTTG
2,1757,VT6436|1|MEMB002C|+|2709,-4.201627731323241,2392,GGATCG,AAGGG,TCTCT
3,1619,VT6436|1|MEMB002D|-|2501,-4.201627731323241,2392,GGATAG,TAAGG,ACTTA
4,1608,VT6436|1|MEMB002E|-|2699,-6.555264949798584,2392,CGATCG,TAAGG,TCTTA
5,1790,VT6436|1|MEMB002F|-|2670,0.04629964381456375,2392,GGAAGT,AAAGG,AGCAT
6,1600,VT6436|1|MEMB003A|-|2262,-4.201627731323241,2392,GGATAA,TGAGG,CAGAT
7,1747,VT6436|1|MEMB003B|+|2585,-4.201627731323241,2392,GGATTG,TTTGG,TTAAA
8,1771,VT6436|1|MEMB003C|-|2741,-4.201627731323241,2392,GGATCG,AAGGG,TCTCT
9,1569,VT6436|1|MEMB003D|-|2312,-4.201627731323241,2392,GGATAA,TGAGG,CAGAT
10,1748,VT6436|1|MEMB003F|-|2611,-5.555264949798584,2392,CGAGTG,TAAGG,TATTT
11,1624,VT6436|1|MEMB004A|+|2422,-4.201627731323241,2392,GGATCG,AAGGG,TCTTT
12,1705,VT6436|1|MEMB004B|+|2551,-4.201627731323241,2392,GGATTG,TAGGG,TCTTT
13,1752,VT6436|1|MEMB004E|-|2496,2.294227123260498,2392,GATAAG,CAAGG,AGGTT
14,1750,VT6436|1|MEMB005B|-|2784,-6.403261661529541,2392,AGATTG,TAAGG,TTATT
15,1870,VT6436|1|MEMB005D|+|2691,-4.201627731323241,2392,GGATCG,TAAGG,TCTTT
16,1832,VT6436|1|MEMB006A|+|2653,-4.201627731323241,2392,GGATCG,TAAGG,TTTTT
17,1802,VT6436|1|MEMB006B|-|2624,-4.201627731323241,2392,GGATTG,TAAGG,TTAAT
18,1844,VT6436|1|MEMB006C|-|2759,-6.403261661529541,2392,AGATTG,TAAGG,TCTTG
19,1760,VT6436|1|MEMB007B|-|2711,-4.201627731323241,2392,GGATCG,AAGGG,TCTCT
20,1781,VT6436|1|MEMB007C|-|2597,-0.9537003636360168,2392,GAATTG,TTTGG,TTAAT
21,1873,VT6436|1|MEMB007D|-|2947,-4.201627731323241,2392,GGATCG,TAGGG,TCGTT
22,1724,VT6436|1|MEMB008C|+|2558,-4.201627731323241,2392,GGATTG,AAGAG,TCTTT
23,1582,VT6436|1|dkik|+|2321,-4.201627731323241,2392,GGATAA,TAAGG,CAGAT
