,raw,orig_species,score,align_position,strand,sequence,5_before,5_after
0,804,VT6436|1|MEMB002A|+|2701,3.3556277751922607,993,positive,AATTTA,TTATC,CACTT
1,760,VT6436|1|MEMB002B|-|2408,-3.1402273178100586,993,positive,AGATGA,TCCTA,CATGA
2,802,VT6436|1|MEMB002C|+|2709,-0.8922998309135437,993,positive,GGTTAA,TCCTA,ACATC
3,819,VT6436|1|MEMB002F|-|2670,-5.403261661529541,993,positive,GGATGT,GCTCA,AGGAG
4,764,VT6436|1|MEMB003A|-|2262,-3.1402273178100586,993,positive,TGATGA,TCCTT,GTGGC
5,814,VT6436|1|MEMB003B|+|2585,-1.8922997713088991,993,positive,AAAATA,TCTTA,CCAGA
6,812,VT6436|1|MEMB003C|-|2741,-5.140227317810059,993,positive,GGATAA,TCCAA,ACATC
7,744,VT6436|1|MEMB003D|-|2312,-3.1402273178100586,993,positive,TAATGA,TTCTT,GTGGC
8,836,VT6436|1|MEMB003F|-|2611,-4.140227317810059,993,positive,AGAAGA,GTCTC,TGTAA
9,754,VT6436|1|MEMB004A|+|2422,-3.1402273178100586,993,positive,AGATGA,TCCTA,TATGA
10,787,VT6436|1|MEMB004B|+|2551,-4.140227317810059,993,positive,GGAAGA,TTTCT,CCTAA
11,828,VT6436|1|MEMB004E|-|2496,-1.8922997713088991,993,positive,GGAATA,TACTT,CCTAA
12,819,VT6436|1|MEMB005B|-|2784,-4.140227317810059,993,positive,GGAAGA,AAGAC,CCTAA
13,831,VT6436|1|MEMB005D|+|2691,-3.1402273178100586,993,positive,GAATGA,TCTTA,CCTAC
14,840,VT6436|1|MEMB006A|+|2653,-3.1402273178100586,993,positive,GGATGA,CCTTA,CCTAC
15,839,VT6436|1|MEMB006B|-|2624,-5.140227317810059,993,positive,AGATAA,CCTTA,CCCGC
16,812,VT6436|1|MEMB006C|-|2759,-6.403261661529541,993,positive,GGAAGT,TACTC,CCCGA
17,823,VT6436|1|MEMB007B|-|2711,-0.8922998309135437,993,positive,GGTTAA,CCTTA,ACATC
18,827,VT6436|1|MEMB007C|-|2597,-1.8922997713088991,993,positive,AAAATA,TCTTA,CCTGC
19,800,VT6436|1|MEMB008C|+|2558,-4.140227317810059,993,positive,GGAAGA,TTCTT,CCTAA
20,748,VT6436|1|dkik|+|2321,-3.1402273178100586,993,positive,TGATGA,TCCTT,GTGGC
