,raw,orig_species,score,align_position,sequence,5_before,5_after
0,939,VT6436|1|MEMB002A|+|2701,-6.403261661529541,1328,TCATCT,TGGTACCTATT,ACATA
1,941,VT6436|1|MEMB002B|-|2408,-3.1553342342376713,1328,TCATTT,TTACAGAGTAA,ATATA
2,961,VT6436|1|MEMB002C|+|2709,-6.403261661529541,1328,TTATCT,TGGTACATATT,ATATA
3,844,VT6436|1|MEMB002D|-|2501,-5.403261661529541,1328,TACTCT,TATATTTACTC,ATATA
4,833,VT6436|1|MEMB002E|-|2699,-5.403261661529541,1328,TGCTCT,TAAAGAGATAG,ATATA
5,1018,VT6436|1|MEMB002F|-|2670,-7.403261661529541,1328,AAACCT,TAGGAGAGTAA,CTAAA
6,872,VT6436|1|MEMB003A|-|2262,0.04629964381456375,1328,TACTTC,TTAAGAGATAA,ATAAA
7,942,VT6436|1|MEMB003B|+|2585,-2.155334234237671,1328,TATTCT,GAAAGAGGTAA,TTAGA
8,981,VT6436|1|MEMB003C|-|2741,-6.403261661529541,1328,TCATCT,TGGTACATATT,ATATA
9,846,VT6436|1|MEMB003D|-|2312,-3.2016279697418213,1328,TACTCC,TAAAGAGTAGT,ATAAA
10,946,VT6436|1|MEMB003F|-|2611,1.0078254938125608,1328,TAGTCC,TAAATATATTT,ATTTA
11,934,VT6436|1|MEMB004A|+|2422,-6.403261661529541,1328,ATATCT,TACAGAGTACA,ATTAT
12,936,VT6436|1|MEMB004B|+|2551,-5.403261661529541,1328,TACTCT,ATAGTTTATGT,ATATA
13,999,VT6436|1|MEMB004E|-|2496,1.0078254938125608,1328,AAGTCC,AAAAGAGTATA,ATAGA
14,980,VT6436|1|MEMB005B|-|2784,-5.403261661529541,1328,TACTCT,TAAAGAGGTTA,CTATA
15,989,VT6436|1|MEMB005D|+|2691,-6.403261661529541,1328,TGATCT,AAAAAAAATAA,AAAAA
16,967,VT6436|1|MEMB006A|+|2653,-4.201627731323241,1328,TTATCC,CAAAAGAGGTA,AAATA
17,978,VT6436|1|MEMB006B|-|2624,-6.403261661529541,1328,TAATCT,TAAAAAGTTAA,GTATA
18,1071,VT6436|1|MEMB006C|-|2759,-5.403261661529541,1328,TACTCT,AAAAAAGTATG,ATGTA
19,1008,VT6436|1|MEMB007B|-|2711,-4.201627731323241,1328,CCATCC,TTAAACAGTAA,GTATA
20,984,VT6436|1|MEMB007C|-|2597,-5.403261661529541,1328,TACTCT,TAAATAGGTAA,ATAGA
21,1047,VT6436|1|MEMB007D|-|2947,-3.2016279697418213,1328,TACTCC,AAAAAGAGTAC,TTATA
22,951,VT6436|1|MEMB008C|+|2558,-3.1553342342376713,1328,TTTACT,TAAAAATGTCA,ATATA
23,857,VT6436|1|dkik|+|2321,-3.2016279697418213,1328,TACTCC,TAAATAGATAA,ATAAA
