,raw,orig_species,score,align_position,sequence,5_before,5_after
0,887,VT6436|1|MEMB002A|+|2701,-4.140227317810059,1120,GGATCA,AGGAA,ATAAA
1,862,VT6436|1|MEMB002B|-|2408,-4.140227317810059,1120,GGATCA,AGGAA,ATAAT
2,909,VT6436|1|MEMB002C|+|2709,-4.140227317810059,1120,GGATCA,AGGAA,ATAAA
3,830,VT6436|1|MEMB002D|-|2501,0.10770019143819808,1120,CTCTTA,AAGAG,ATTTA
4,755,VT6436|1|MEMB002E|-|2699,-0.8922998309135437,1120,TAATTA,AATTA,CAAAA
5,914,VT6436|1|MEMB002F|-|2670,-0.9537003636360168,1120,GGTACC,AAGAA,GGAAA
6,830,VT6436|1|MEMB003A|-|2262,-4.140227317810059,1120,TTATCA,ATTTT,TAAAA
7,860,VT6436|1|MEMB003B|+|2585,-5.140227317810059,1120,GGACCA,AAGAA,AATAA
8,930,VT6436|1|MEMB003C|-|2741,-4.140227317810059,1120,GGATCA,AGGAA,ATAAA
9,810,VT6436|1|MEMB003D|-|2312,-4.140227317810059,1120,TGATCA,ATTTT,TAAAA
10,916,VT6436|1|MEMB003F|-|2611,-4.140227317810059,1120,GGATCA,AGGTA,AATAA
11,856,VT6436|1|MEMB004A|+|2422,-4.140227317810059,1120,GGATCA,AAGAA,ATAAT
12,866,VT6436|1|MEMB004B|+|2551,2.069226026535034,1120,TGGTGA,AGGAA,TAAAA
13,899,VT6436|1|MEMB004E|-|2496,0.06922604143619537,1120,AGGACA,AGGAA,TAAAA
14,899,VT6436|1|MEMB005B|-|2784,0.10770019143819808,1120,AGTTCA,AAGAA,TAAAA
15,903,VT6436|1|MEMB005D|+|2691,0.10770019143819808,1120,GATTCA,AAGAA,TTAAA
16,884,VT6436|1|MEMB006A|+|2653,-3.3073372840881348,1120,GATACG,AAGAC,TTAAA
17,919,VT6436|1|MEMB006B|-|2624,3.3556277751922607,1120,AATTTA,AAGAA,ATAAT
18,892,VT6436|1|MEMB006C|-|2759,1.0692260265350342,1120,AGGTCA,AAGAA,TGAAA
19,934,VT6436|1|MEMB007B|-|2711,-0.8922998309135437,1120,GGATTA,AGGAA,AAAAA
20,909,VT6436|1|MEMB007C|-|2597,-0.8922998309135437,1120,TAATTA,CAAAA,ATAAA
21,968,VT6436|1|MEMB007D|-|2947,-5.140227317810059,1120,GAAACA,ACGAA,TAAAA
22,870,VT6436|1|MEMB008C|+|2558,1.0692260265350342,1120,AGGTCA,AGGAA,TAAAA
23,815,VT6436|1|dkik|+|2321,-4.140227317810059,1120,TTATCA,ATTTT,TAAAA
