,species,raw,orig_species,score,align_position
0,MEMB002A,39,VT11048|0|MEMB002A|+|284,-5.201627731323242,60
1,MEMB002B,39,VT11048|0|MEMB002B|-|284,-5.201627731323242,60
2,MEMB002C,39,VT11048|0|MEMB002C|-|284,-5.201627731323242,60
3,MEMB002D,35,VT11048|0|MEMB002D|+|269,-4.201627731323241,60
4,MEMB002E,40,VT11048|0|MEMB002E|+|288,0.007825496606528759,60
5,MEMB002F,36,VT11048|0|MEMB002F|+|278,-5.201627731323242,60
6,MEMB003A,39,VT11048|0|MEMB003A|+|278,0.007825496606528759,60
7,MEMB003B,43,VT11048|0|MEMB003B|+|289,-5.201627731323242,60
8,MEMB003C,39,VT11048|0|MEMB003C|-|284,-5.201627731323242,60
9,MEMB003D,35,VT11048|0|MEMB003D|+|274,0.007825496606528759,60
10,MEMB003E,39,VT11048|0|MEMB003F|-|285,-5.201627731323242,60
11,MEMB003F,39,VT11048|0|MEMB004A|+|284,-5.201627731323242,60
12,MEMB004A,39,VT11048|0|MEMB004B|+|285,-5.201627731323242,60
13,MEMB004B,39,VT11048|0|MEMB004E|-|285,-5.201627731323242,60
14,MEMB004E,60,VT11048|0|MEMB005B|+|298,-4.201627731323241,60
15,MEMB005D,39,VT11048|0|MEMB005D|-|287,-4.201627731323241,60
16,MEMB006B,38,VT11048|0|MEMB006A|+|286,-4.201627731323241,60
17,MEMB006C,38,VT11048|0|MEMB006B|-|275,-5.201627731323242,60
18,MEMB007A,39,VT11048|0|MEMB006C|-|285,-5.201627731323242,60
19,MEMB007B,39,VT11048|0|MEMB007B|-|284,-5.201627731323242,60
20,MEMB007C,38,VT11048|0|MEMB007C|+|283,-5.201627731323242,60
21,MEMB007D,38,VT11048|0|MEMB007D|-|274,-5.201627731323242,60
22,MEMB008C,39,VT11048|0|MEMB008C|-|285,-5.201627731323242,60
23,dkik,39,VT11048|0|dkik|-|290,0.007825496606528759,60
