,score,species,raw_position,strand,align_position,motif
3,11.612828254699707,VT60074|1|MEMB005D|+|949,42,positive,44,MA0212.1_bcd.jaspar
4,8.354093551635742,VT60074|1|MEMB005D|+|949,830,positive,940,MA0212.1_bcd.jaspar
0,11.612828254699707,VT60074|1|MEMB006B|+|939,482,positive,575,MA0212.1_bcd.jaspar
1,11.612828254699707,VT60074|1|MEMB007B|+|953,784,negative,866,MA0212.1_bcd.jaspar
2,8.354093551635742,VT60074|1|MEMB007D|+|924,805,positive,940,MA0212.1_bcd.jaspar
