,raw,orig_species,score,align_position,strand,sequence,5_before,5_after
0,812,VT50550|1|MEMB002A|+|2421,3.3556277751922607,1124,positive,ACTTTA,TTTGC,ATATT
1,831,VT50550|1|MEMB002B|-|2368,3.3556277751922607,1124,positive,ATTTTA,TTTGC,GTATT
2,812,VT50550|1|MEMB002C|+|2423,3.3556277751922607,1124,positive,ATTTTA,TTTGC,ATATT
3,967,VT50550|1|MEMB002D|-|2590,-4.555264949798584,1124,positive,ACCTGG,TTAAT,AAATT
4,828,VT50550|1|MEMB002E|-|2466,-4.403261661529541,1124,positive,AACTGT,TACAT,TAATT
5,814,VT50550|1|MEMB002F|+|2486,-3.1553342342376713,1124,positive,GTTGCT,ATTAT,ATGAT
6,778,VT50550|1|MEMB003A|+|2347,-3.1553342342376713,1124,positive,AAATTT,TTCGC,AAATT
7,745,VT50550|1|MEMB003B|+|2334,-3.1553342342376713,1124,positive,AAATTT,TCCAC,TAATA
8,794,VT50550|1|MEMB003C|-|2409,3.3556277751922607,1124,positive,ATTTTA,TTTGC,TATAT
9,785,VT50550|1|MEMB003D|+|2334,-3.1553342342376713,1124,positive,AAATTT,TTCGC,AAATT
10,766,VT50550|1|MEMB003F|-|2363,2.054119110107422,1124,positive,TAGTTT,TTCAC,GAAAT
11,821,VT50550|1|MEMB004A|-|2753,3.3556277751922607,1124,positive,ATTTTA,TTTGC,GTATT
12,720,VT50550|1|MEMB004B|+|2313,2.054119110107422,1124,positive,TAGTTT,TGCAC,GAAAT
13,764,VT50550|1|MEMB004E|+|2381,-2.155334234237671,1124,positive,TACTTT,TTCAC,AAAAT
14,637,VT50550|1|MEMB005B|-|2184,2.054119110107422,1124,positive,TAGTTT,TTCAC,GAAAT
15,801,VT50550|1|MEMB005D|-|2382,-4.201627731323241,1124,positive,TTATCC,TACAC,ATATT
16,771,VT50550|1|MEMB006A|+|2371,-6.403261661529541,1124,positive,ATATCT,TACAC,ATATT
17,796,VT50550|1|MEMB006B|+|2379,-3.1553342342376713,1124,positive,TACATT,TTCAC,GAAAC
18,789,VT50550|1|MEMB007B|-|2424,0.94059020280838,1124,positive,ATTTTG,TTTGC,ATATT
19,785,VT50550|1|MEMB007C|-|2400,-3.1553342342376713,1124,positive,GGATTT,TCCAC,AAATA
20,787,VT50550|1|MEMB007D|-|2393,-0.8922998309135437,1124,positive,GGATTA,TAGAC,AAATT
21,788,VT50550|1|MEMB008C|+|2366,2.054119110107422,1124,positive,TAGTTT,TTCAC,GAAAT
22,759,VT50550|1|dkik|+|2334,-3.1553342342376713,1124,positive,AAATTT,TTCGC,AATTA
