,raw,orig_species,score,align_position,sequence,5_before,5_after
0,812,VT50550|1|MEMB002A|+|2421,3.3556277751922607,1124,TAAAGT,CAATA,AATAT
1,831,VT50550|1|MEMB002B|-|2368,3.3556277751922607,1124,TAAAAT,CAATC,AATAC
2,812,VT50550|1|MEMB002C|+|2423,3.3556277751922607,1124,TAAAAT,CAATA,AATAT
3,967,VT50550|1|MEMB002D|-|2590,-4.555264949798584,1124,CCAGGT,CTAAG,AATTT
4,828,VT50550|1|MEMB002E|-|2466,-4.403261661529541,1124,acagtt,cttta,aatta
5,814,VT50550|1|MEMB002F|+|2486,-3.1553342342376713,1124,AGCAAC,CCATA,ATCAT
6,778,VT50550|1|MEMB003A|+|2347,-3.1553342342376713,1124,AAATTT,CGATA,AATTT
7,745,VT50550|1|MEMB003B|+|2334,-3.1553342342376713,1124,AAATTT,CAATA,TATTA
8,794,VT50550|1|MEMB003C|-|2409,3.3556277751922607,1124,TAAAAT,CAATA,ATATA
9,785,VT50550|1|MEMB003D|+|2334,-3.1553342342376713,1124,AAATTT,CGATC,AATTT
10,766,VT50550|1|MEMB003F|-|2363,2.054119110107422,1124,AAACTA,CGATA,ATTTC
11,821,VT50550|1|MEMB004A|-|2753,3.3556277751922607,1124,TAAAAT,CAATC,AATAC
12,720,VT50550|1|MEMB004B|+|2313,2.054119110107422,1124,AAACTA,CGGTA,ATTTC
13,764,VT50550|1|MEMB004E|+|2381,-2.155334234237671,1124,AAAGTA,CGATA,ATTTT
14,637,VT50550|1|MEMB005B|-|2184,2.054119110107422,1124,AAACTA,CGAGA,ATTTC
15,801,VT50550|1|MEMB005D|-|2382,-4.201627731323241,1124,GGATAA,CTTTA,AATAT
16,771,VT50550|1|MEMB006A|+|2371,-6.403261661529541,1124,AGATAT,CTTTA,AATAT
17,796,VT50550|1|MEMB006B|+|2379,-3.1553342342376713,1124,AATGTA,CGATA,GTTTC
18,789,VT50550|1|MEMB007B|-|2424,0.94059020280838,1124,CAAAAT,CAATA,AATAT
19,785,VT50550|1|MEMB007C|-|2400,-3.1553342342376713,1124,AAATCC,TGATA,TATTT
20,787,VT50550|1|MEMB007D|-|2393,-0.8922998309135437,1124,TAATCC,TAATA,AATTT
21,788,VT50550|1|MEMB008C|+|2366,2.054119110107422,1124,AAACTA,CCGTA,ATTTC
22,759,VT50550|1|dkik|+|2334,-3.1553342342376713,1124,AAATTT,CGATA,TAATT
