,raw,orig_species,score,align_position,sequence,5_before,5_after
0,445,VT50550|1|MEMB002A|+|2421,-4.201627731323241,527,GGGGAA,AAGGA,CTACA
1,455,VT50550|1|MEMB002B|-|2368,1.0692260265350342,527,TGACAA,AAGGA,TTATT
2,443,VT50550|1|MEMB002C|+|2423,-4.201627731323241,527,GGGGAA,AAGGA,ATACA
3,484,VT50550|1|MEMB002E|-|2466,-0.9537003636360168,527,GAATCA,GGCAG,TAATT
4,466,VT50550|1|MEMB002F|+|2486,-4.201627731323241,527,GGATTA,GTGGA,TTTAT
5,420,VT50550|1|MEMB003B|+|2334,-4.201627731323241,527,GGATAA,ATGAA,TTATT
6,442,VT50550|1|MEMB003C|-|2409,-4.201627731323241,527,GGGGAA,AAGGA,CTACA
7,445,VT50550|1|MEMB003F|-|2363,-4.201627731323241,527,GGATAA,ATGCT,TTATT
8,455,VT50550|1|MEMB004A|-|2753,-3.2016279697418213,527,GGAGAA,AAGAA,TTATT
9,458,VT50550|1|MEMB004E|+|2381,-4.201627731323241,527,GGATTA,GAAGA,ATTAC
10,433,VT50550|1|MEMB005B|-|2184,-7.403261661529541,527,AGCTGA,AATAA,TTACT
11,462,VT50550|1|MEMB005D|-|2382,-4.201627731323241,527,GGATAA,GAGAA,TTATC
12,477,VT50550|1|MEMB006A|+|2371,-4.201627731323241,527,GGATAG,CTGAA,TTATT
13,473,VT50550|1|MEMB006B|+|2379,0.04629964381456375,527,GGAAAA,GCGAA,TTATT
14,462,VT50550|1|MEMB006C|+|2304,-4.201627731323241,527,GGATAA,GAGGA,TATTT
15,444,VT50550|1|MEMB007B|-|2424,-4.201627731323241,527,GGGGAA,AAGGA,TATTT
16,448,VT50550|1|MEMB007C|-|2400,-4.201627731323241,527,GGATAA,GGAAA,TTATT
17,475,VT50550|1|MEMB007D|-|2393,-4.201627731323241,527,GGATAA,AATAA,TTATT
18,462,VT50550|1|MEMB008C|+|2366,-6.403261661529541,527,AGATAA,AAGAA,TTATT
