,raw,orig_species,score,align_position,strand,sequence,5_before,5_after
0,833,VT50550|1|MEMB002A|+|2421,0.06922604143619537,1158,positive,CGGGCA,TGAGA,TAATG
1,852,VT50550|1|MEMB002B|-|2368,-5.140227317810059,1158,positive,GGAACA,TAAGG,TTATG
2,833,VT50550|1|MEMB002C|+|2423,0.06922604143619537,1158,positive,GGGGCA,TAAGA,TAATG
3,988,VT50550|1|MEMB002D|-|2590,-4.140227317810059,1158,positive,GAATCA,AATGA,TAATG
4,862,VT50550|1|MEMB002E|-|2466,0.06922604143619537,1158,positive,TGGTAA,AATGA,TTTAC
5,843,VT50550|1|MEMB002F|+|2486,-5.140227317810059,1158,positive,GGAGCA,TAAGA,TTATG
6,799,VT50550|1|MEMB003A|+|2347,0.10770019143819808,1158,positive,TATTCA,TATGA,AATAA
7,766,VT50550|1|MEMB003B|+|2334,-5.140227317810059,1158,positive,TAACCA,TATTT,TAATA
8,821,VT50550|1|MEMB003C|-|2409,0.06922604143619537,1158,positive,GGGGCA,CGAGA,TAATG
9,806,VT50550|1|MEMB003D|+|2334,3.3556277751922607,1158,positive,TATTTA,TATGA,AATAA
10,786,VT50550|1|MEMB003F|-|2363,-4.140227317810059,1158,positive,TAATCA,TATGA,AAGTC
11,842,VT50550|1|MEMB004A|-|2753,-5.140227317810059,1158,positive,GGAGCA,TAAGG,TAATG
12,740,VT50550|1|MEMB004B|+|2313,1.0692260265350342,1158,positive,TAGTCA,AATGA,TTATA
13,784,VT50550|1|MEMB004E|+|2381,-4.140227317810059,1158,positive,TTATCA,AATAA,TAATT
14,657,VT50550|1|MEMB005B|-|2184,-4.201627731323241,1158,positive,TAATCC,TATGA,AAATG
15,820,VT50550|1|MEMB005D|-|2382,0.06922604143619537,1158,positive,TCGTAA,TGATA,TATTA
16,792,VT50550|1|MEMB006A|+|2371,-7.555264949798584,1158,positive,TTAACG,GATGA,TAATG
17,816,VT50550|1|MEMB006B|+|2379,-4.140227317810059,1158,positive,TAATCA,TATGA,TAATA
18,719,VT50550|1|MEMB006C|+|2304,-4.140227317810059,1158,positive,AAATCA,TATGA,TAATA
19,810,VT50550|1|MEMB007B|-|2424,0.06922604143619537,1158,positive,GGGGCA,TGAGA,TAATG
20,806,VT50550|1|MEMB007C|-|2400,1.0692260265350342,1158,positive,TAGTCA,TATTA,TACTA
21,808,VT50550|1|MEMB007D|-|2393,-4.155333995819092,1158,positive,GAAATT,CTGAA,TAATG
22,808,VT50550|1|MEMB008C|+|2366,-4.140227317810059,1158,positive,AAATCA,TATGA,AAATA
23,781,VT50550|1|dkik|+|2334,0.10770019143819808,1158,positive,TATTCA,TATGA,AATAA
