,raw,orig_species,score,align_position,sequence,5_before,5_after
0,2003,VT50550|1|MEMB002A|+|2421,-0.8922998309135437,2923,GGATTA,CGGGC,AAAGC
1,1939,VT50550|1|MEMB002B|-|2368,-0.8922998309135437,2923,GGATTA,CGGGC,AAAGC
2,2005,VT50550|1|MEMB002C|+|2423,-0.8922998309135437,2923,GGATTA,CGGGC,AAAGC
3,2121,VT50550|1|MEMB002D|-|2590,-0.8922998309135437,2923,GGATTA,CGAAC,AAAGC
4,2024,VT50550|1|MEMB002E|-|2466,-0.8922998309135437,2923,GGATTA,CGAGC,AAAGC
5,2032,VT50550|1|MEMB002F|+|2486,-0.8922998309135437,2923,GGATTA,CGAGC,AAAGC
6,1935,VT50550|1|MEMB003A|+|2347,-0.8922998309135437,2923,GGATTA,CGGGC,AAAGC
7,1914,VT50550|1|MEMB003B|+|2334,-0.8922998309135437,2923,GGATTA,CGAGC,AAAGC
8,1991,VT50550|1|MEMB003C|-|2409,-0.8922998309135437,2923,GGATTA,CGGGC,AAAGC
9,1921,VT50550|1|MEMB003D|+|2334,-0.8922998309135437,2923,GGATTA,CGGGC,AAAGC
10,1924,VT50550|1|MEMB003F|-|2363,-0.8922998309135437,2923,GGATTA,CGAGC,AAAGC
11,2326,VT50550|1|MEMB004A|-|2753,-0.8922998309135437,2923,GGATTA,CGGGC,AAAGC
12,1873,VT50550|1|MEMB004B|+|2313,-0.8922998309135437,2923,GGATTA,CGAGC,AAAGC
13,1941,VT50550|1|MEMB004E|+|2381,-0.8922998309135437,2923,GGATTA,CGAGC,AAAGC
14,1781,VT50550|1|MEMB005B|-|2184,-0.8922998309135437,2923,GGATTA,CGAGC,AAAGC
15,1954,VT50550|1|MEMB005D|-|2382,-0.8922998309135437,2923,GGATTA,CGAGC,AAAGC
16,1955,VT50550|1|MEMB006A|+|2371,-0.8922998309135437,2923,GGATTA,CGAGC,AAAGC
17,1955,VT50550|1|MEMB006B|+|2379,-0.8922998309135437,2923,GGATTA,CGAGC,AAAGC
18,1866,VT50550|1|MEMB006C|+|2304,-0.8922998309135437,2923,GGATTA,CGAGC,AAAGC
19,1976,VT50550|1|MEMB007B|-|2424,-0.8922998309135437,2923,GGATTA,CGGGC,AAAGC
20,1957,VT50550|1|MEMB007C|-|2400,-0.8922998309135437,2923,GGATTA,CGAGC,AAAGC
21,1960,VT50550|1|MEMB007D|-|2393,-0.8922998309135437,2923,GGATTA,CGAGC,AAAGC
22,1931,VT50550|1|MEMB008C|+|2366,-0.8922998309135437,2923,GGATTA,CGAGC,AAAGC
23,1922,VT50550|1|dkik|+|2334,-0.8922998309135437,2923,GGATTA,CGGGC,AAAGC
