,raw,orig_species,score,align_position,sequence,5_before,5_after
0,802,VT50550|1|MEMB002A|+|2421,0.94059020280838,1114,CAAATC,ATTGG,AATAT
1,821,VT50550|1|MEMB002B|-|2368,0.94059020280838,1114,CAAAGC,ATTGG,AATCT
2,802,VT50550|1|MEMB002C|+|2423,0.94059020280838,1114,CAAAAC,ATTGG,AATAT
3,957,VT50550|1|MEMB002D|-|2590,-0.8922998309135437,1114,TTAAAC,TATCA,TAAGC
4,818,VT50550|1|MEMB002E|-|2466,-0.8922998309135437,1114,tgtaac,attga,tttaa
5,804,VT50550|1|MEMB002F|+|2486,-0.8922998309135437,1114,TAATCC,GTGGA,CATAA
6,768,VT50550|1|MEMB003A|+|2347,-2.3073372840881348,1114,CGAAAC,ATTGG,GATAA
7,735,VT50550|1|MEMB003B|+|2334,-0.8922998309135437,1114,TGGAGC,ATTGG,AATAA
8,784,VT50550|1|MEMB003C|-|2409,0.94059020280838,1114,CAAAAC,ATTGG,AATAT
9,775,VT50550|1|MEMB003D|+|2334,-2.3073372840881348,1114,CGAAAC,ATTGG,GATCA
10,756,VT50550|1|MEMB003F|-|2363,0.10770019143819808,1114,TGAAAC,GTTGG,GATAA
11,811,VT50550|1|MEMB004A|-|2753,0.94059020280838,1114,CAAAAC,ATTGG,AATCT
12,710,VT50550|1|MEMB004B|+|2313,-0.8922998309135437,1114,TGCAAC,ATTGG,GGTAA
13,754,VT50550|1|MEMB004E|+|2381,0.10770019143819808,1114,TGAAAC,ATTGG,GATAA
14,627,VT50550|1|MEMB005B|-|2184,0.10770019143819808,1114,TGAAAC,ATTGG,GAGAA
15,791,VT50550|1|MEMB005D|-|2382,-0.8922998309135437,1114,TGTATC,ATTGG,TTTAG
16,761,VT50550|1|MEMB006A|+|2371,-0.8922998309135437,1114,TGTAAC,ATTGG,TTTAA
17,786,VT50550|1|MEMB006B|+|2379,0.10770019143819808,1114,TGAAAC,ATTGG,GATAA
18,697,VT50550|1|MEMB006C|+|2304,3.3556277751922607,1114,TAAAAC,ATTGG,GTATT
19,779,VT50550|1|MEMB007B|-|2424,0.94059020280838,1114,CAAAAC,ATCTG,AATAC
20,775,VT50550|1|MEMB007C|-|2400,-0.8922998309135437,1114,TGGAAT,ACTGG,GATAA
21,777,VT50550|1|MEMB007D|-|2393,0.10770019143819808,1114,TCTAAT,ATTGG,AATAT
22,778,VT50550|1|MEMB008C|+|2366,0.10770019143819808,1114,TGAAAC,ATTGG,CGTAA
23,749,VT50550|1|dkik|+|2334,-2.3073372840881348,1114,CGAAAC,ATTGG,GATAA
