,raw,orig_species,score,align_position,sequence,5_before,5_after
0,799,VT50550|1|MEMB002A|+|2421,0.06922604143619537,1111,TGGCAA,TAAAT,ATCAA
1,818,VT50550|1|MEMB002B|-|2368,0.06922604143619537,1111,TGGCAA,TTAAT,AGCAA
2,799,VT50550|1|MEMB002C|+|2423,0.06922604143619537,1111,TGGCAA,TAAAT,AACAA
3,954,VT50550|1|MEMB002D|-|2590,-3.1402273178100586,1111,TCATTA,TTATA,AACTA
4,815,VT50550|1|MEMB002E|-|2466,-4.140227317810059,1111,tgatgt,ttaat,aactt
5,801,VT50550|1|MEMB002F|+|2486,-4.201627731323241,1111,GGATAA,TTAGT,TCCCA
6,765,VT50550|1|MEMB003A|+|2347,0.06922604143619537,1111,TGGCGA,TTAAT,AACGA
7,732,VT50550|1|MEMB003B|+|2334,-5.140227317810059,1111,TGGTGG,TTAAT,AGCAA
8,781,VT50550|1|MEMB003C|-|2409,0.06922604143619537,1111,TGGCAA,TTAAT,AACAA
9,772,VT50550|1|MEMB003D|+|2334,0.06922604143619537,1111,TGGCGA,TTAAT,AACGA
10,753,VT50550|1|MEMB003F|-|2363,-5.140227317810059,1111,TGGTGA,TTAGT,AACGA
11,808,VT50550|1|MEMB004A|-|2753,0.06922604143619537,1111,TGGCAA,TTAAT,AACAA
12,707,VT50550|1|MEMB004B|+|2313,-5.140227317810059,1111,TGGTGC,TTAAT,AACGG
13,751,VT50550|1|MEMB004E|+|2381,-5.140227317810059,1111,TGGTGA,TTAAT,AACGA
14,624,VT50550|1|MEMB005B|-|2184,-5.140227317810059,1111,TGGTGA,TTAAT,AACGA
15,788,VT50550|1|MEMB005D|-|2382,-5.140227317810059,1111,TGGTGT,TTAAT,ATCTT
16,758,VT50550|1|MEMB006A|+|2371,-5.140227317810059,1111,TGGTGT,TTAAT,AACTT
17,783,VT50550|1|MEMB006B|+|2379,-5.140227317810059,1111,TGGTGA,TTAAT,AACGA
18,694,VT50550|1|MEMB006C|+|2304,-5.140227317810059,1111,TGGTAA,TTAAT,AACGT
19,776,VT50550|1|MEMB007B|-|2424,-3.345811367034912,1111,CTGCAA,TTTAT,AACAA
20,772,VT50550|1|MEMB007C|-|2400,-5.140227317810059,1111,TGGTGG,TTAAC,AATGA
21,774,VT50550|1|MEMB007D|-|2393,-5.140227317810059,1111,TGGTCT,TTAAT,AATAA
22,775,VT50550|1|MEMB008C|+|2366,-5.140227317810059,1111,TGGTGA,TTAAT,AACCG
23,746,VT50550|1|dkik|+|2334,0.06922604143619537,1111,TGGCGA,TTAAT,AACGA
