,raw,orig_species,score,align_position,strand,sequence,5_before,5_after
0,827,VT50550|1|MEMB002A|+|2421,-3.1553342342376713,1152,positive,TGATTT,ATTAC,GGGCA
1,846,VT50550|1|MEMB002B|-|2368,-3.1553342342376713,1152,positive,TGATTT,ATTAT,GAACA
2,827,VT50550|1|MEMB002C|+|2423,-4.155333995819092,1152,positive,TGAATT,ATTAT,GGGCA
3,982,VT50550|1|MEMB002D|-|2590,-2.155334234237671,1152,positive,GGCTTT,ATTAC,AATCA
4,856,VT50550|1|MEMB002E|-|2466,-2.155334234237671,1152,positive,TGCTTT,ATTAA,GGTAA
5,837,VT50550|1|MEMB002F|+|2486,-3.1553342342376713,1152,positive,CGATTT,ATGAT,GAGCA
6,793,VT50550|1|MEMB003A|+|2347,-3.1553342342376713,1152,positive,CGATTT,ATTAA,ATTCA
7,760,VT50550|1|MEMB003B|+|2334,-4.155333995819092,1152,positive,GGAATT,ATAAA,AACCA
8,815,VT50550|1|MEMB003C|-|2409,-3.1553342342376713,1152,positive,TGATTT,TTTAT,GGGCA
9,800,VT50550|1|MEMB003D|+|2334,-3.1553342342376713,1152,positive,CGATTT,ATTAA,ATTTA
10,780,VT50550|1|MEMB003F|-|2363,-3.1553342342376713,1152,positive,CGATTT,ATTAG,AATCA
11,836,VT50550|1|MEMB004A|-|2753,-3.1553342342376713,1152,positive,TGATTT,ATTAT,GAGCA
12,734,VT50550|1|MEMB004B|+|2313,-3.1553342342376713,1152,positive,CAATTT,ATTAG,AGTCA
13,778,VT50550|1|MEMB004E|+|2381,-3.1553342342376713,1152,positive,GGATTT,ATTAC,TATCA
14,651,VT50550|1|MEMB005B|-|2184,-3.1553342342376713,1152,positive,CGATTT,ATTAG,AATCC
15,816,VT50550|1|MEMB005D|-|2382,0.09259329736232758,1152,positive,AATGTT,ATTTT,ATCGT
16,786,VT50550|1|MEMB006A|+|2371,-3.1553342342376713,1152,positive,CGATTT,ATTAT,TAACG
17,810,VT50550|1|MEMB006B|+|2379,-3.1553342342376713,1152,positive,GGATTT,ACTAC,AATCA
18,713,VT50550|1|MEMB006C|+|2304,-3.1553342342376713,1152,positive,CGATTT,ATACG,AATCA
19,804,VT50550|1|MEMB007B|-|2424,-3.1553342342376713,1152,positive,TGATTT,ATTAT,GGGCA
20,800,VT50550|1|MEMB007C|-|2400,-3.1553342342376713,1152,positive,GGATTT,ATAGG,AGTCA
21,802,VT50550|1|MEMB007D|-|2393,-0.8922998309135437,1152,positive,GGATTA,ATTGG,AAATT
22,802,VT50550|1|MEMB008C|+|2366,-3.1553342342376713,1152,positive,CGATTT,ATTAG,AATCA
23,775,VT50550|1|dkik|+|2334,-3.1553342342376713,1152,positive,CGATTT,ATTAA,ATTCA
