,raw,orig_species,score,align_position,sequence,5_before,5_after
0,282,VT50550|1|MEMB002A|+|2421,-4.201627731323241,345,GGATAA,GAAAC,AAGAA
1,292,VT50550|1|MEMB002B|-|2368,-4.201627731323241,345,GGATAA,GAAAC,AAGAT
2,279,VT50550|1|MEMB002C|+|2423,-4.201627731323241,345,GGATAA,GAAAC,AAGAA
3,291,VT50550|1|MEMB002D|-|2590,-4.201627731323241,345,GGATAA,GAAAC,AAGAT
4,320,VT50550|1|MEMB002E|-|2466,-4.201627731323241,345,ggataa,gaaac,aagaT
5,297,VT50550|1|MEMB002F|+|2486,-4.201627731323241,345,GGATAA,GAAGC,AAGAT
6,295,VT50550|1|MEMB003A|+|2347,-4.201627731323241,345,GGATAA,GAAAC,AAGAT
7,273,VT50550|1|MEMB003B|+|2334,-4.201627731323241,345,GGATAA,GAAAC,AAGAT
8,279,VT50550|1|MEMB003C|-|2409,-4.201627731323241,345,GGATAA,GAAAC,AAGAT
9,303,VT50550|1|MEMB003D|+|2334,-4.201627731323241,345,GGATAA,GAAAC,AAGAT
10,283,VT50550|1|MEMB003F|-|2363,-4.201627731323241,345,GGATAA,GAAAC,AAGAT
11,285,VT50550|1|MEMB004A|-|2753,-4.201627731323241,345,GGATAA,GAAAC,AAGAT
12,291,VT50550|1|MEMB004B|+|2313,-4.201627731323241,345,GGATAA,GAAAC,AAGAT
13,285,VT50550|1|MEMB004E|+|2381,-4.201627731323241,345,GGATAA,GAAAC,AAGAT
14,285,VT50550|1|MEMB005B|-|2184,-4.201627731323241,345,GGATAA,AAAAC,AAGAT
15,298,VT50550|1|MEMB005D|-|2382,-4.201627731323241,345,GGATAA,GAAAT,AAGAT
16,312,VT50550|1|MEMB006A|+|2371,-4.201627731323241,345,GGATAA,gaaaT,AAGAT
17,297,VT50550|1|MEMB006B|+|2379,-4.201627731323241,345,GGATAA,GAAAT,AAGAT
18,289,VT50550|1|MEMB006C|+|2304,-4.201627731323241,345,GGATAA,GAAAC,AAGAT
19,281,VT50550|1|MEMB007B|-|2424,-4.201627731323241,345,GGATAA,GAAAC,AAGAT
20,275,VT50550|1|MEMB007C|-|2400,-4.201627731323241,345,GGATAA,GAAAC,AAGAT
21,300,VT50550|1|MEMB007D|-|2393,-4.201627731323241,345,ggataa,gaaac,aagat
22,289,VT50550|1|MEMB008C|+|2366,-4.201627731323241,345,GGATAA,GAAAC,AAGAT
23,282,VT50550|1|dkik|+|2334,-4.201627731323241,345,GGATAA,GAAAC,AAGGT
