,raw,orig_species,score,align_position,sequence,5_before,5_after
0,512,VT50550|1|MEMB002A|+|2421,3.294227123260498,617,GAAAGA,TAGCC,ACAGG
1,528,VT50550|1|MEMB002B|-|2368,-0.9537003636360168,617,GGCAGA,TAGCG,ACATG
2,510,VT50550|1|MEMB002C|+|2423,3.294227123260498,617,GAAAGA,TAGCC,ACAGG
3,514,VT50550|1|MEMB002D|-|2590,-4.201627731323241,617,GGATAA,TTTTT,AAGAA
4,509,VT50550|1|MEMB003C|-|2409,3.294227123260498,617,GAAAGA,TAGCC,ACAGG
5,516,VT50550|1|MEMB004A|-|2753,2.294227123260498,617,GACAGA,TAGCC,GCATG
6,504,VT50550|1|MEMB007B|-|2424,3.294227123260498,617,GAAAGA,TAGCC,ACAGG
7,519,VT50550|1|MEMB007D|-|2393,2.294227123260498,617,GACAGA,TAGCA,AAGCA
