,raw,orig_species,score,align_position,sequence,5_before,5_after
0,780,VT50550|1|MEMB002A|+|2421,-3.1402273178100586,1092,TAATGA,ACTCAACTATA,TGTGT
1,799,VT50550|1|MEMB002B|-|2368,-3.1402273178100586,1092,AAATGA,ACTCAAGTGTT,GGTGT
2,780,VT50550|1|MEMB002C|+|2423,-3.1402273178100586,1092,TAATGA,ACTCAAGTATA,GGTGT
3,935,VT50550|1|MEMB002D|-|2590,-4.201627731323241,1092,TAATCC,GGTCAAACATT,GGTGT
4,796,VT50550|1|MEMB002E|-|2466,-4.201627731323241,1092,TAATCC,GGTCAAGCATT,GGTGT
5,782,VT50550|1|MEMB002F|+|2486,-7.403261661529541,1092,AGAACT,TCTCAAATACT,GGTGT
6,746,VT50550|1|MEMB003A|+|2347,-3.1553342342376713,1092,TAATTT,GCTCAAGTATT,GGTGT
7,713,VT50550|1|MEMB003B|+|2334,-6.403261661529541,1092,TAATCT,GCTTAAGCATT,AATGT
8,762,VT50550|1|MEMB003C|-|2409,-3.1402273178100586,1092,AAATGA,ACTTAAGTACA,GGTGG
9,753,VT50550|1|MEMB003D|+|2334,-3.1553342342376713,1092,TAATTT,GCTCAAGTATT,GGTGT
10,734,VT50550|1|MEMB003F|-|2363,-6.403261661529541,1092,TAATCT,GCTTAAGTAAC,GGTGC
11,789,VT50550|1|MEMB004A|-|2753,-3.1402273178100586,1092,AAATGA,ACTCAAGTATT,GGTGC
12,688,VT50550|1|MEMB004B|+|2313,-3.1553342342376713,1092,TAATTT,GTTGAAGTATT,GGTGC
13,732,VT50550|1|MEMB004E|+|2381,-6.403261661529541,1092,TAATCT,GCTCAAGTATT,GGTGC
14,605,VT50550|1|MEMB005B|-|2184,-3.1553342342376713,1092,TAATTT,GCTCAAGTATT,GGTGC
15,769,VT50550|1|MEMB005D|-|2382,-6.403261661529541,1092,TAATCT,GCTCAAGTATG,GATGG
16,764,VT50550|1|MEMB006B|+|2379,-6.403261661529541,1092,TAATCT,GCTTATGTAGT,GGTGT
17,675,VT50550|1|MEMB006C|+|2304,-3.1553342342376713,1092,TAATTT,CCTCAAGTATT,GGTGC
18,757,VT50550|1|MEMB007B|-|2424,-3.1402273178100586,1092,TAATGA,ACTCAAGTATA,GGTGG
19,753,VT50550|1|MEMB007C|-|2400,-6.403261661529541,1092,TAATCT,GCTTAAGCATT,GGTGT
20,755,VT50550|1|MEMB007D|-|2393,-3.1553342342376713,1092,TTATTT,TCTTATTAAGG,GGTTT
21,756,VT50550|1|MEMB008C|+|2366,-6.403261661529541,1092,TAATCT,GCTCAAGTATT,GGTGC
22,727,VT50550|1|dkik|+|2334,-3.1553342342376713,1092,TAATTT,GCTCAAGTATT,GGTGT
