,raw,orig_species,score,align_position,strand,sequence,5_before,5_after
0,2145,VT50550|1|MEMB002A|+|2421,-0.9307739734649658,3132,positive,GGGAAA,GAGAG,AAATA
1,2104,VT50550|1|MEMB002B|-|2368,-0.9307739734649658,3132,positive,GGGAAA,AGAGA,AAATA
2,2147,VT50550|1|MEMB002C|+|2423,-0.9307739734649658,3132,positive,GGGAAA,GAGAG,AAATA
3,2267,VT50550|1|MEMB002D|-|2590,-0.9307739734649658,3132,positive,GGGAAA,GAGAG,GCGTA
4,2184,VT50550|1|MEMB002E|-|2466,-0.9307739734649658,3132,positive,GGGAAA,GAGAG,GAGTA
5,2177,VT50550|1|MEMB002F|+|2486,-0.9307739734649658,3132,positive,GGGAAA,GAGCA,AAATA
6,2070,VT50550|1|MEMB003A|+|2347,-0.9307739734649658,3132,positive,GGGAAA,GAGAG,GAGTA
7,2056,VT50550|1|MEMB003B|+|2334,-0.9307739734649658,3132,positive,GGGAAA,GAGAG,GAGTA
8,2133,VT50550|1|MEMB003C|-|2409,-0.9307739734649658,3132,positive,GGGAAA,GAGAG,AAATA
9,2057,VT50550|1|MEMB003D|+|2334,-0.9307739734649658,3132,positive,GGGAAA,GAGAG,GAGTA
10,2058,VT50550|1|MEMB003F|-|2363,-1.8922997713088991,3132,positive,GGTAAA,GAGAA,GAGTA
11,2478,VT50550|1|MEMB004A|-|2753,-0.9307739734649658,3132,positive,GGGAAA,AGAGA,AAATA
12,2010,VT50550|1|MEMB004B|+|2313,-6.140227317810059,3132,positive,GGAAAA,AGAGA,GAGTA
13,2078,VT50550|1|MEMB004E|+|2381,-0.9307739734649658,3132,positive,GGGAAA,GAGAG,GAGTA
14,1916,VT50550|1|MEMB005B|-|2184,-5.140227317810059,3132,positive,GGATAA,AGAGA,GAGTA
15,2106,VT50550|1|MEMB005D|-|2382,-5.140227317810059,3132,positive,GGCAAA,GAGAG,GAGTA
16,2095,VT50550|1|MEMB006A|+|2371,-0.9307739734649658,3132,positive,GGGGAA,GAGAG,GAGTA
17,2102,VT50550|1|MEMB006B|+|2379,-0.9307739734649658,3132,positive,GGGAAA,GAGAG,AAGTA
18,2001,VT50550|1|MEMB006C|+|2304,-6.140227317810059,3132,positive,GGAAAA,AGAGA,GCATA
19,2129,VT50550|1|MEMB007B|-|2424,-0.9307739734649658,3132,positive,GGGAAA,GAGAG,AAATA
20,2102,VT50550|1|MEMB007C|-|2400,-0.9307739734649658,3132,positive,GGGAAA,GAGAG,GAGTA
21,2114,VT50550|1|MEMB007D|-|2393,-6.140227317810059,3132,positive,GGAAAA,GAGAG,GAGTA
22,2070,VT50550|1|MEMB008C|+|2366,-0.9307739734649658,3132,positive,GGGAAA,GAGAT,GAGTA
23,2057,VT50550|1|dkik|+|2334,-0.9307739734649658,3132,positive,GGGAAA,GAGAG,GAGTA
