,raw,orig_species,score,align_position,sequence,5_before,5_after
0,2145,VT50550|1|MEMB002A|+|2421,-0.9307739734649658,3132,GGGAAA,AACAAAGAGAG,AAATA
1,2104,VT50550|1|MEMB002B|-|2368,-0.9307739734649658,3132,GGGAAA,AAACAAAGAGA,AAATA
2,2147,VT50550|1|MEMB002C|+|2423,-0.9307739734649658,3132,GGGAAA,AACAAAGAGAG,AAATA
3,2267,VT50550|1|MEMB002D|-|2590,-0.9307739734649658,3132,GGGAAA,AACAAAGAGAG,GCGTA
4,2184,VT50550|1|MEMB002E|-|2466,-0.9307739734649658,3132,GGGAAA,AACAAAGAGAG,GAGTA
5,2177,VT50550|1|MEMB002F|+|2486,-0.9307739734649658,3132,GGGAAA,AACAAAGAGCA,AAATA
6,2070,VT50550|1|MEMB003A|+|2347,-0.9307739734649658,3132,GGGAAA,AACAAAGAGAG,GAGTA
7,2056,VT50550|1|MEMB003B|+|2334,-0.9307739734649658,3132,GGGAAA,AACAAAGAGAG,GAGTA
8,2133,VT50550|1|MEMB003C|-|2409,-0.9307739734649658,3132,GGGAAA,AACAAAGAGAG,AAATA
9,2057,VT50550|1|MEMB003D|+|2334,-0.9307739734649658,3132,GGGAAA,AACAAAGAGAG,GAGTA
10,2058,VT50550|1|MEMB003F|-|2363,-1.8922997713088991,3132,GGTAAA,AACAAAGAGAA,GAGTA
11,2478,VT50550|1|MEMB004A|-|2753,-0.9307739734649658,3132,GGGAAA,AAACAAAGAGA,AAATA
12,2010,VT50550|1|MEMB004B|+|2313,-6.140227317810059,3132,GGAAAA,ACAAAAAGAGA,GAGTA
13,2078,VT50550|1|MEMB004E|+|2381,-0.9307739734649658,3132,GGGAAA,AACAAAGAGAG,GAGTA
14,1916,VT50550|1|MEMB005B|-|2184,-5.140227317810059,3132,GGATAA,ACAAAGAGAGA,GAGTA
15,2106,VT50550|1|MEMB005D|-|2382,-5.140227317810059,3132,GGCAAA,AACAAAGAGAG,GAGTA
16,2095,VT50550|1|MEMB006A|+|2371,-0.9307739734649658,3132,GGGGAA,AACAAAGAGAG,GAGTA
17,2102,VT50550|1|MEMB006B|+|2379,-0.9307739734649658,3132,GGGAAA,AACAAAGAGAG,AAGTA
18,2001,VT50550|1|MEMB006C|+|2304,-6.140227317810059,3132,GGAAAA,ACAAAGAGAGA,GCATA
19,2129,VT50550|1|MEMB007B|-|2424,-0.9307739734649658,3132,GGGAAA,AACAAAGAGAG,AAATA
20,2102,VT50550|1|MEMB007C|-|2400,-0.9307739734649658,3132,GGGAAA,AACAAAGAGAG,GAGTA
21,2114,VT50550|1|MEMB007D|-|2393,-6.140227317810059,3132,GGAAAA,AACAAAGAGAG,GAGTA
22,2070,VT50550|1|MEMB008C|+|2366,-0.9307739734649658,3132,GGGAAA,AACAAAGAGAT,GAGTA
23,2057,VT50550|1|dkik|+|2334,-0.9307739734649658,3132,GGGAAA,AACAAAGAGAG,GAGTA
