,raw,orig_species,score,align_position,strand,sequence,5_before,5_after
0,858,VT50550|1|MEMB002A|+|2421,-4.201627731323241,1183,positive,AAAAGC,ATTGT,ATACA
1,877,VT50550|1|MEMB002B|-|2368,0.04629964381456375,1183,positive,TATAGC,GTTGT,AAACA
2,858,VT50550|1|MEMB002C|+|2423,0.04629964381456375,1183,positive,TATAGC,ATCGT,AAACA
3,1010,VT50550|1|MEMB002D|-|2590,-4.201627731323241,1183,positive,CTAGGC,ATTGT,TATTA
4,876,VT50550|1|MEMB002E|-|2466,-1.9537003040313718,1183,positive,CATGAC,ACTGG,AAAAA
5,863,VT50550|1|MEMB002F|+|2486,2.294227123260498,1183,positive,TATATC,GTTTT,ACAAA
6,822,VT50550|1|MEMB003A|+|2347,0.04629964381456375,1183,positive,AATGGC,AATGT,AATAA
7,788,VT50550|1|MEMB003B|+|2334,0.04629964381456375,1183,positive,TATGGC,ATTGT,AATAA
8,846,VT50550|1|MEMB003C|-|2409,0.04629964381456375,1183,positive,TATAGC,ATTGT,AAACA
9,829,VT50550|1|MEMB003D|+|2334,-4.201627731323241,1183,positive,CAAGGC,AATGT,AATAA
10,807,VT50550|1|MEMB003F|-|2363,0.04629964381456375,1183,positive,CATGGC,GATTA,AATAA
11,867,VT50550|1|MEMB004A|-|2753,0.04629964381456375,1183,positive,TATAGC,GTTGT,AAACA
12,755,VT50550|1|MEMB004B|+|2313,-4.201627731323241,1183,positive,TAATCC,ATATA,ACACA
13,804,VT50550|1|MEMB004E|+|2381,-2.155334234237671,1183,positive,CATGGT,CATTA,GATAA
14,845,VT50550|1|MEMB005D|-|2382,-8.403262138366701,1183,positive,AAAGAT,ATTGT,TATAA
15,814,VT50550|1|MEMB006A|+|2371,0.04629964381456375,1183,positive,GATGGC,ATTGT,TATAA
16,838,VT50550|1|MEMB006B|+|2379,0.04629964381456375,1183,positive,CATGGC,ATTGT,AATAA
17,739,VT50550|1|MEMB006C|+|2304,0.04629964381456375,1183,positive,CATGGC,AATTA,AATAA
18,835,VT50550|1|MEMB007B|-|2424,0.04629964381456375,1183,positive,TATAGC,ATGGT,AAACA
19,828,VT50550|1|MEMB007C|-|2400,-1.9537003040313718,1183,positive,CATGAC,ATTGT,AATAA
20,830,VT50550|1|MEMB007D|-|2393,0.04629964381456375,1183,positive,TATAGC,AATGT,ACATA
21,804,VT50550|1|dkik|+|2334,-4.201627731323241,1183,positive,CAAGGC,AATGT,AATAA
