,raw,orig_species,score,align_position,sequence,5_before,5_after
0,802,VT50550|1|MEMB002A|+|2421,0.94059020280838,1114,GATTTG,CCAATTTATTT,ATATT
1,821,VT50550|1|MEMB002B|-|2368,0.94059020280838,1114,GCTTTG,CCAATTAATTT,AGATT
2,802,VT50550|1|MEMB002C|+|2423,0.94059020280838,1114,GTTTTG,CCAATTTATTT,ATATT
3,957,VT50550|1|MEMB002D|-|2590,-0.8922998309135437,1114,GTTTAA,TGATATAATAT,GCTTA
4,818,VT50550|1|MEMB002E|-|2466,-0.8922998309135437,1114,GTTACA,TCAATTAATAA,TTAAA
5,804,VT50550|1|MEMB002F|+|2486,-0.8922998309135437,1114,GGATTA,TCCACTAATTT,TTATG
6,768,VT50550|1|MEMB003A|+|2347,-2.3073372840881348,1114,GTTTCG,CCAATTAATTT,TTATC
7,735,VT50550|1|MEMB003B|+|2334,-0.8922998309135437,1114,GCTCCA,CCAATTAATAT,TTATT
8,784,VT50550|1|MEMB003C|-|2409,0.94059020280838,1114,GTTTTG,CCAATTAATTT,ATATT
9,775,VT50550|1|MEMB003D|+|2334,-2.3073372840881348,1114,GTTTCG,CCAATTAATTT,TGATC
10,756,VT50550|1|MEMB003F|-|2363,0.10770019143819808,1114,GTTTCA,CCAACTAATAT,TTATC
11,811,VT50550|1|MEMB004A|-|2753,0.94059020280838,1114,GTTTTG,CCAATTAATTT,AGATT
12,710,VT50550|1|MEMB004B|+|2313,-0.8922998309135437,1114,GTTGCA,CCAATTAATAT,TTACC
13,754,VT50550|1|MEMB004E|+|2381,0.10770019143819808,1114,GTTTCA,CCAATTAATAT,TTATC
14,627,VT50550|1|MEMB005B|-|2184,0.10770019143819808,1114,GTTTCA,CCAATTAATAT,TTCTC
15,791,VT50550|1|MEMB005D|-|2382,-0.8922998309135437,1114,GATACA,CCAATTAATTT,CTAAA
16,761,VT50550|1|MEMB006A|+|2371,-0.8922998309135437,1114,GTTACA,CCAATTAATTT,TTAAA
17,786,VT50550|1|MEMB006B|+|2379,0.10770019143819808,1114,GTTTCA,CCAATTAATAC,TTATC
18,697,VT50550|1|MEMB006C|+|2304,3.3556277751922607,1114,GTTTTA,CCAATTAATAT,AATAC
19,779,VT50550|1|MEMB007B|-|2424,0.94059020280838,1114,GTTTTG,CAGATAAATTT,GTATT
20,775,VT50550|1|MEMB007C|-|2400,-0.8922998309135437,1114,ATTCCA,CCAGTTAATAC,TTATC
21,777,VT50550|1|MEMB007D|-|2393,0.10770019143819808,1114,ATTAGA,CCAATTAATTT,ATATT
22,778,VT50550|1|MEMB008C|+|2366,0.10770019143819808,1114,GTTTCA,CCAATTAATAT,TTACG
23,749,VT50550|1|dkik|+|2334,-2.3073372840881348,1114,GTTTCG,CCAATTAATTT,TTATC
