,raw,orig_species,score,align_position,sequence,5_before,5_after
0,300,VT50550|1|MEMB002E|-|2466,-2.155334234237671,325,TTTTCT,CTCTC,CTTTT
1,293,VT50550|1|MEMB006A|+|2371,-3.1553342342376713,325,CTCGTT,TTTTT,TTTTT
2,277,VT50550|1|MEMB006B|+|2379,-6.403261661529541,325,TCACGT,TTTTT,CTTTT
3,280,VT50550|1|MEMB007D|-|2393,-4.201627731323241,325,TTATCC,GGTTT,TTTTT
4,271,VT50550|1|MEMB008C|+|2366,-5.555264949798584,325,TTCTCG,CTATT,TTTTT
