,raw,orig_species,score,align_position,sequence,5_before,5_after
0,635,VT50550|1|MEMB002A|+|2421,-0.8922998309135437,906,TTATTA,ATTATTTATTA,TGATA
1,658,VT50550|1|MEMB002B|-|2368,-4.140227317810059,906,AAATCA,ATTATTTACTG,CAGTA
2,635,VT50550|1|MEMB002C|+|2423,-0.8922998309135437,906,TTATTA,ATTATTTATTA,TGATA
3,759,VT50550|1|MEMB002D|-|2590,-0.8922998309135437,906,GGATTA,TTTAATTCTTA,CAATA
4,638,VT50550|1|MEMB002E|-|2466,-6.555264949798584,906,GCATCG,CTTAATTATTA,CAATA
5,636,VT50550|1|MEMB002F|+|2486,-0.8922998309135437,906,ACATTA,ATTATGTATTA,CAGTA
6,597,VT50550|1|MEMB003A|+|2347,-4.140227317810059,906,TTATCA,TTTAATTATTT,CCGTA
7,560,VT50550|1|MEMB003B|+|2334,-4.140227317810059,906,GCATCA,TTTAAAATTTA,CAATA
8,629,VT50550|1|MEMB003C|-|2409,-4.140227317810059,906,ATATCA,ATTATTTATTA,CAATA
9,605,VT50550|1|MEMB003D|+|2334,-4.140227317810059,906,TTATCA,TTTAATTATTT,CCGTA
10,600,VT50550|1|MEMB003F|-|2363,-5.140227317810059,906,ACAGCA,ATCATCATTTA,TGGTA
11,648,VT50550|1|MEMB004A|-|2753,-4.140227317810059,906,AAATCA,ATTATTTATTA,CAGTA
12,585,VT50550|1|MEMB004E|+|2381,-5.140227317810059,906,ACAGCA,ATTATAATATA,TGGTA
13,606,VT50550|1|MEMB005D|-|2382,-7.403261661529541,906,AAAACT,ATTAATTATTA,CGCTA
14,607,VT50550|1|MEMB006A|+|2371,-4.155333995819092,906,AAAATT,ATTAATTGTTA,TGCTC
15,611,VT50550|1|MEMB006B|+|2379,-5.140227317810059,906,GCACCA,TTTAATTATTA,CAATT
16,545,VT50550|1|MEMB006C|+|2304,-5.140227317810059,906,ACAGCA,ATTATCGTATA,TGGTA
17,615,VT50550|1|MEMB007B|-|2424,-4.140227317810059,906,ATATCA,ATTATTTATTA,CAACA
18,582,VT50550|1|MEMB007C|-|2400,-4.140227317810059,906,TCATCA,TAAAATTATTA,TAATA
