,raw,orig_species,score,align_position,sequence,5_before,5_after
0,486,VT50550|1|MEMB002A|+|2421,-3.3073372840881348,589,TATACG,TTGCTTTGCTT,TACTT
1,502,VT50550|1|MEMB002B|-|2368,-5.140227317810059,589,GAAACA,GCCCTTTGCTT,TATTT
2,484,VT50550|1|MEMB002C|+|2423,-3.3073372840881348,589,TATACG,GTGCTTTGCTT,TACTT
3,488,VT50550|1|MEMB002D|-|2590,-6.140227317810059,589,TTAAAA,GGGCTTTGACT,TATTT
4,501,VT50550|1|MEMB002F|+|2486,-7.403261661529541,589,AACGAT,ATTTTTTGCTA,CTTTT
5,481,VT50550|1|MEMB003A|+|2347,-6.140227317810059,589,ATAAAA,TGGTATCGCAT,TATTT
6,458,VT50550|1|MEMB003B|+|2334,-6.201627731323242,589,ATAAAC,GCGTTTTGCTT,TATTT
7,483,VT50550|1|MEMB003C|-|2409,-3.3073372840881348,589,TATACG,GTGCTTTGCTT,TACTT
8,489,VT50550|1|MEMB003D|+|2334,-6.140227317810059,589,TTAAAA,TGGTATCGCAT,TATTT
9,469,VT50550|1|MEMB003F|-|2363,0.06922604143619537,589,CAGTAA,TCACATTTTTT,TTTCA
10,469,VT50550|1|MEMB004B|+|2313,-6.555264949798584,589,GTAAGG,TAGCTTTGATT,TTTTT
11,459,VT50550|1|MEMB005B|-|2184,-6.555264949798584,589,ATAAGG,GGGCTTTGATT,AGATC
12,484,VT50550|1|MEMB005D|-|2382,-4.307337284088135,589,GTTAAG,TGGCATTGATA,TATTT
13,500,VT50550|1|MEMB006B|+|2379,-4.201627731323241,589,TAATCC,AGCTTTTGCAT,TCTAC
14,478,VT50550|1|MEMB007B|-|2424,-3.3073372840881348,589,TATACG,GTGCTTTGCTT,TACTT
15,504,VT50550|1|MEMB007D|-|2393,-0.8922998309135437,589,TTTACA,TTTCCCTAAAT,ATCTA
16,468,VT50550|1|dkik|+|2334,-6.140227317810059,589,ATAAAA,TGGTATCGCAT,TATTT
