,raw,orig_species,score,align_position,sequence,5_before,5_after
0,827,VT50550|1|MEMB002A|+|2421,-3.1553342342376713,1152,AAATCA,TCTCA,TGCCC
1,846,VT50550|1|MEMB002B|-|2368,-3.1553342342376713,1152,AAATCA,CCTTA,TGTTC
2,827,VT50550|1|MEMB002C|+|2423,-4.155333995819092,1152,AATTCA,TCTTA,TGCCC
3,982,VT50550|1|MEMB002D|-|2590,-2.155334234237671,1152,AAAGCC,TCATT,TGATT
4,856,VT50550|1|MEMB002E|-|2466,-2.155334234237671,1152,aaAGCA,tcatt,TTACC
5,837,VT50550|1|MEMB002F|+|2486,-3.1553342342376713,1152,AAATCG,TCTTA,TGCTC
6,793,VT50550|1|MEMB003A|+|2347,-3.1553342342376713,1152,AAATCG,TCATA,TGAAT
7,760,VT50550|1|MEMB003B|+|2334,-4.155333995819092,1152,AATTCC,AAATA,TGGTT
8,815,VT50550|1|MEMB003C|-|2409,-3.1553342342376713,1152,AAATCA,TCTCG,TGCCC
9,800,VT50550|1|MEMB003D|+|2334,-3.1553342342376713,1152,AAATCG,TCATA,TAAAT
10,780,VT50550|1|MEMB003F|-|2363,-3.1553342342376713,1152,AAATCG,TCATA,TGATT
11,836,VT50550|1|MEMB004A|-|2753,-3.1553342342376713,1152,AAATCA,CCTTA,TGCTC
12,734,VT50550|1|MEMB004B|+|2313,-3.1553342342376713,1152,AAATTG,TCATT,TGACT
13,778,VT50550|1|MEMB004E|+|2381,-3.1553342342376713,1152,AAATCC,TTATT,TGATA
14,651,VT50550|1|MEMB005B|-|2184,-3.1553342342376713,1152,AAATCG,TCATA,GGATT
15,816,VT50550|1|MEMB005D|-|2382,0.09259329736232758,1152,AACATT,TCATT,ACGAT
16,786,VT50550|1|MEMB006A|+|2371,-3.1553342342376713,1152,AAATCG,TCATC,CGTTA
17,810,VT50550|1|MEMB006B|+|2379,-3.1553342342376713,1152,AAATCC,TCATA,TGATT
18,713,VT50550|1|MEMB006C|+|2304,-3.1553342342376713,1152,AAATCG,TCATA,TGATT
19,804,VT50550|1|MEMB007B|-|2424,-3.1553342342376713,1152,AAATCA,TCTCA,TGCCC
20,800,VT50550|1|MEMB007C|-|2400,-3.1553342342376713,1152,AAATCC,TAATA,TGACT
21,802,VT50550|1|MEMB007D|-|2393,-0.8922998309135437,1152,TAATCC,TTCAG,AATTT
22,802,VT50550|1|MEMB008C|+|2366,-3.1553342342376713,1152,AAATCG,TCATA,TGATT
23,775,VT50550|1|dkik|+|2334,-3.1553342342376713,1152,AAATCG,TCATA,TGAAT
