,raw,orig_species,score,align_position,sequence,5_before,5_after
0,2145,VT50550|1|MEMB002A|+|2421,-0.9307739734649658,3132,TTTCCC,TTGTT,TATTT
1,2104,VT50550|1|MEMB002B|-|2368,-0.9307739734649658,3132,TTTCCC,TGTTT,TATTT
2,2147,VT50550|1|MEMB002C|+|2423,-0.9307739734649658,3132,TTTCCC,TTGTT,TATTT
3,2267,VT50550|1|MEMB002D|-|2590,-0.9307739734649658,3132,TTTCCC,TTGTT,TACGC
4,2184,VT50550|1|MEMB002E|-|2466,-0.9307739734649658,3132,TTTCCC,TTGTT,TACTC
5,2177,VT50550|1|MEMB002F|+|2486,-0.9307739734649658,3132,TTTCCC,TTGTT,TATTT
6,2070,VT50550|1|MEMB003A|+|2347,-0.9307739734649658,3132,TTTCCC,TTGTT,TACTC
7,2056,VT50550|1|MEMB003B|+|2334,-0.9307739734649658,3132,TTTCCC,TTGTT,TACTC
8,2133,VT50550|1|MEMB003C|-|2409,-0.9307739734649658,3132,TTTCCC,TTGTT,TATTT
9,2057,VT50550|1|MEMB003D|+|2334,-0.9307739734649658,3132,TTTCCC,TTGTT,TACTC
10,2058,VT50550|1|MEMB003F|-|2363,-1.8922997713088991,3132,TTTACC,TTGTT,TACTC
11,2478,VT50550|1|MEMB004A|-|2753,-0.9307739734649658,3132,TTTCCC,TGTTT,TATTT
12,2010,VT50550|1|MEMB004B|+|2313,-6.140227317810059,3132,TTTTCC,TTTGT,TACTC
13,2078,VT50550|1|MEMB004E|+|2381,-0.9307739734649658,3132,TTTCCC,TTGTT,TACTC
14,1916,VT50550|1|MEMB005B|-|2184,-5.140227317810059,3132,TTATCC,TTTGT,TACTC
15,2106,VT50550|1|MEMB005D|-|2382,-5.140227317810059,3132,tttGCC,ttgtt,TACTC
16,2095,VT50550|1|MEMB006A|+|2371,-0.9307739734649658,3132,TTCCCC,TTGTT,TACTC
17,2102,VT50550|1|MEMB006B|+|2379,-0.9307739734649658,3132,TTTCCC,TTGTT,TACTT
18,2001,VT50550|1|MEMB006C|+|2304,-6.140227317810059,3132,TTTTCC,TTTGT,TATGC
19,2129,VT50550|1|MEMB007B|-|2424,-0.9307739734649658,3132,TTTCCC,TTGTT,TATTT
20,2102,VT50550|1|MEMB007C|-|2400,-0.9307739734649658,3132,TTTCCC,TTGTT,TACTC
21,2114,VT50550|1|MEMB007D|-|2393,-6.140227317810059,3132,ttttCC,ttgtt,TACTC
22,2070,VT50550|1|MEMB008C|+|2366,-0.9307739734649658,3132,TTTCCC,TTGTT,TACTC
23,2057,VT50550|1|dkik|+|2334,-0.9307739734649658,3132,TTTCCC,TTGTT,TACTC
