,raw,orig_species,score,align_position,sequence,5_before,5_after
0,2322,VT50550|1|MEMB002A|+|2421,-5.140227317810059,3333,GTATAA,ATTTCAGCTGG,AGGAG
1,2269,VT50550|1|MEMB002B|-|2368,-5.140227317810059,3333,GTATAA,ATTTCAGCTGG,AGGAG
2,2324,VT50550|1|MEMB002C|+|2423,-5.140227317810059,3333,GTATAA,ATTTCAGCTGG,AGGAG
3,2450,VT50550|1|MEMB002D|-|2590,-5.140227317810059,3333,GTATAA,ATTTCCGCTGG,AGGAG
4,2368,VT50550|1|MEMB002E|-|2466,-5.140227317810059,3333,GTATAA,ATTTCAGCTGG,AGGAG
5,2354,VT50550|1|MEMB002F|+|2486,-5.140227317810059,3333,GTATAA,ATTTCAGCTGG,AGGAG
6,2248,VT50550|1|MEMB003A|+|2347,-5.140227317810059,3333,GTATAA,ATTTCAGCTGG,AGAAG
7,2234,VT50550|1|MEMB003B|+|2334,-5.140227317810059,3333,GTATAA,ATTTCAGCTGG,AGGAG
8,2310,VT50550|1|MEMB003C|-|2409,-5.140227317810059,3333,GTATAA,ATTTCAGCTGG,AGGAG
9,2235,VT50550|1|MEMB003D|+|2334,-5.140227317810059,3333,GTATAA,ATTTCAGCTGG,AGATG
10,2236,VT50550|1|MEMB003F|-|2363,-5.140227317810059,3333,GGATAA,GTTTCAGCAGC,GAGGA
11,2654,VT50550|1|MEMB004A|-|2753,-5.140227317810059,3333,GTATAA,ATTTCAGCTGG,AGGAG
12,2188,VT50550|1|MEMB004B|+|2313,-5.140227317810059,3333,GGATAA,GTTTTAGCTGC,GAGGA
13,2256,VT50550|1|MEMB004E|+|2381,-5.140227317810059,3333,GGATAA,GTTTCAGCTGC,GAGGA
14,2095,VT50550|1|MEMB005B|-|2184,-5.140227317810059,3333,GGATAA,GTTTCAGCTGC,GAGGA
15,2284,VT50550|1|MEMB005D|-|2382,-5.140227317810059,3333,GTATAA,ATTTCAGCTGG,GAGGG
16,2273,VT50550|1|MEMB006A|+|2371,-5.140227317810059,3333,GTATAA,ATTTCAGCTGG,GAGGG
17,2280,VT50550|1|MEMB006B|+|2379,-5.140227317810059,3333,GTATAA,ATTTCAGCTGG,AGAAG
18,2179,VT50550|1|MEMB006C|+|2304,-5.140227317810059,3333,GGATAA,GTTTCAACTGC,GAGGA
19,2306,VT50550|1|MEMB007B|-|2424,-5.140227317810059,3333,GTATAA,ATTTCAGCTGG,AGGAG
20,2280,VT50550|1|MEMB007C|-|2400,-5.140227317810059,3333,GTATAA,ATTTCAGCTGG,AAGAG
21,2292,VT50550|1|MEMB007D|-|2393,-0.8922998309135437,3333,GTATTA,ATTTCAGCTGC,AGGAG
22,2241,VT50550|1|MEMB008C|+|2366,-5.140227317810059,3333,GGATAA,GTTTCAGCTGG,GAGGA
23,2235,VT50550|1|dkik|+|2334,-5.140227317810059,3333,GTATAA,ATTTCAGCTGG,AGAAG
