,raw,orig_species,score,align_position,strand,sequence,5_before,5_after
0,445,VT50550|1|MEMB002A|+|2421,-4.201627731323241,527,positive,TTCCCC,TATAG,TGTAG
1,455,VT50550|1|MEMB002B|-|2368,1.0692260265350342,527,positive,TTGTCA,TAAGG,AATAA
2,443,VT50550|1|MEMB002C|+|2423,-4.201627731323241,527,positive,TTCCCC,TATAG,TGTAT
3,484,VT50550|1|MEMB002E|-|2466,-0.9537003636360168,527,positive,TGATTC,CGCAG,AATTA
4,466,VT50550|1|MEMB002F|+|2486,-4.201627731323241,527,positive,TAATCC,ATCAG,ATAAA
5,420,VT50550|1|MEMB003B|+|2334,-4.201627731323241,527,positive,TTATCC,ATAAA,AATAA
6,442,VT50550|1|MEMB003C|-|2409,-4.201627731323241,527,positive,TTCCCC,TAAAG,TGTAG
7,445,VT50550|1|MEMB003F|-|2363,-4.201627731323241,527,positive,TTATCC,TAAAC,AATAA
8,455,VT50550|1|MEMB004A|-|2753,-3.2016279697418213,527,positive,TTCTCC,TAATG,AATAA
9,458,VT50550|1|MEMB004E|+|2381,-4.201627731323241,527,positive,TAATCC,TATAT,GTAAT
10,433,VT50550|1|MEMB005B|-|2184,-7.403261661529541,527,positive,TCAGCT,AAATA,AGTAA
11,462,VT50550|1|MEMB005D|-|2382,-4.201627731323241,527,positive,TTATCC,AAATT,GATAA
12,477,VT50550|1|MEMB006A|+|2371,-4.201627731323241,527,positive,CTATCC,AAAGT,AATAA
13,473,VT50550|1|MEMB006B|+|2379,0.04629964381456375,527,positive,TTTTCC,CAGCA,AATAA
14,462,VT50550|1|MEMB006C|+|2304,-4.201627731323241,527,positive,TTATCC,TATAT,AAATA
15,444,VT50550|1|MEMB007B|-|2424,-4.201627731323241,527,positive,TTCCCC,TATAG,AAATA
16,448,VT50550|1|MEMB007C|-|2400,-4.201627731323241,527,positive,TTATCC,TATAG,AATAA
17,475,VT50550|1|MEMB007D|-|2393,-4.201627731323241,527,positive,TTATCC,TATAT,AATAA
18,462,VT50550|1|MEMB008C|+|2366,-6.403261661529541,527,positive,TTATCT,AATAT,AATAA
