,raw,orig_species,score,align_position,sequence,5_before,5_after
0,833,VT50550|1|MEMB002A|+|2421,0.06922604143619537,1158,TGCCCG,AATCA,CATTA
1,852,VT50550|1|MEMB002B|-|2368,-5.140227317810059,1158,TGTTCC,AATCA,CATAA
2,833,VT50550|1|MEMB002C|+|2423,0.06922604143619537,1158,TGCCCC,ATTCA,CATTA
3,988,VT50550|1|MEMB002D|-|2590,-4.140227317810059,1158,TGATTC,AAGCC,CATTA
4,862,VT50550|1|MEMB002E|-|2466,0.06922604143619537,1158,TTACCA,aAGCA,GTAAA
5,843,VT50550|1|MEMB002F|+|2486,-5.140227317810059,1158,TGCTCC,AATCG,CATAA
6,799,VT50550|1|MEMB003A|+|2347,0.10770019143819808,1158,TGAATA,AATCG,TTATT
7,766,VT50550|1|MEMB003B|+|2334,-5.140227317810059,1158,TGGTTA,ATTCC,TATTA
8,821,VT50550|1|MEMB003C|-|2409,0.06922604143619537,1158,TGCCCC,AATCA,CATTA
9,806,VT50550|1|MEMB003D|+|2334,3.3556277751922607,1158,TAAATA,AATCG,TTATT
10,786,VT50550|1|MEMB003F|-|2363,-4.140227317810059,1158,TGATTA,AATCG,GACTT
11,842,VT50550|1|MEMB004A|-|2753,-5.140227317810059,1158,TGCTCC,AATCA,CATTA
12,740,VT50550|1|MEMB004B|+|2313,1.0692260265350342,1158,TGACTA,AATTG,TATAA
13,784,VT50550|1|MEMB004E|+|2381,-4.140227317810059,1158,TGATAA,AATCC,AATTA
14,657,VT50550|1|MEMB005B|-|2184,-4.201627731323241,1158,GGATTA,AATCG,CATTT
15,820,VT50550|1|MEMB005D|-|2382,0.06922604143619537,1158,TTACGA,TAACA,TAATA
16,792,VT50550|1|MEMB006A|+|2371,-7.555264949798584,1158,CGTTAA,AATCG,CATTA
17,816,VT50550|1|MEMB006B|+|2379,-4.140227317810059,1158,TGATTA,AATCC,TATTA
18,719,VT50550|1|MEMB006C|+|2304,-4.140227317810059,1158,TGATTT,AATCG,TATTA
19,810,VT50550|1|MEMB007B|-|2424,0.06922604143619537,1158,TGCCCC,AATCA,CATTA
20,806,VT50550|1|MEMB007C|-|2400,1.0692260265350342,1158,TGACTA,AATCC,TAGTA
21,808,VT50550|1|MEMB007D|-|2393,-4.155333995819092,1158,AATTTC,AATCC,CATTA
22,808,VT50550|1|MEMB008C|+|2366,-4.140227317810059,1158,TGATTT,AATCG,TATTT
23,781,VT50550|1|dkik|+|2334,0.10770019143819808,1158,TGAATA,AATCG,TTATT
