,raw,orig_species,score,align_position,sequence,5_before,5_after
0,1209,VT50550|1|MEMB002A|+|2421,-0.8922998309135437,1593,TAATCC,CTTGC,AACAG
1,1229,VT50550|1|MEMB002B|-|2368,-0.8922998309135437,1593,TAATCC,CTTGC,AACAG
2,1210,VT50550|1|MEMB002C|+|2423,-0.8922998309135437,1593,TAATCC,CTTGC,AACAG
3,1317,VT50550|1|MEMB002D|-|2590,-0.8922998309135437,1593,TAATCC,CTTGC,AACAG
4,1202,VT50550|1|MEMB002E|-|2466,-0.8922998309135437,1593,TAATCC,TTTGC,AACAG
5,1209,VT50550|1|MEMB002F|+|2486,-0.8922998309135437,1593,TAATCC,CTTGC,AACAG
6,1155,VT50550|1|MEMB003A|+|2347,-0.8922998309135437,1593,TAATCC,CTTGC,AACAG
7,1125,VT50550|1|MEMB003B|+|2334,-0.8922998309135437,1593,TAATCC,CTTGC,AACAG
8,1198,VT50550|1|MEMB003C|-|2409,-0.8922998309135437,1593,TAATCC,CTTGC,AACAG
9,1163,VT50550|1|MEMB003D|+|2334,-0.8922998309135437,1593,TAATCC,CTTGC,AACAG
10,1140,VT50550|1|MEMB003F|-|2363,-0.8922998309135437,1593,TAATCC,CTTGC,AACAG
11,1220,VT50550|1|MEMB004A|-|2753,-0.8922998309135437,1593,TAATCC,CTTGC,AACAG
12,1083,VT50550|1|MEMB004B|+|2313,-0.8922998309135437,1593,TAATCC,CTTGC,AACAG
13,1142,VT50550|1|MEMB004E|+|2381,-0.8922998309135437,1593,TAATCC,CTTGC,AACAG
14,1008,VT50550|1|MEMB005B|-|2184,-0.8922998309135437,1593,TAATCC,CTTGC,AACAG
15,1168,VT50550|1|MEMB005D|-|2382,-0.8922998309135437,1593,TAATCC,CTTGC,AACAG
16,1132,VT50550|1|MEMB006A|+|2371,-0.8922998309135437,1593,TAATCC,CTTGC,AACGG
17,1177,VT50550|1|MEMB006B|+|2379,-0.8922998309135437,1593,TAATCC,CTTGC,AACAG
18,1072,VT50550|1|MEMB006C|+|2304,-0.8922998309135437,1593,TAATCC,CTTGC,AACAG
19,1188,VT50550|1|MEMB007B|-|2424,-0.8922998309135437,1593,TAATCC,CTTGC,AACAG
20,1163,VT50550|1|MEMB007C|-|2400,-0.8922998309135437,1593,TAATCC,CTTGC,AACAG
21,1189,VT50550|1|MEMB007D|-|2393,-0.8922998309135437,1593,TAATCC,CTTGC,AACAG
22,1145,VT50550|1|MEMB008C|+|2366,-0.8922998309135437,1593,TAATCC,CTTGC,AACAG
23,1142,VT50550|1|dkik|+|2334,-0.8922998309135437,1593,TAATCC,CTTGC,AACAG
