,raw,orig_species,score,align_position,sequence,5_before,5_after
0,39,VT11048|0|MEMB002A|+|284,-5.201627731323242,60,TAAGCC,CTGGTTATTAA,CACTC
1,39,VT11048|0|MEMB002B|-|284,-5.201627731323242,60,TAAGCC,CTGATTATTAA,CACTC
2,39,VT11048|0|MEMB002C|-|284,-5.201627731323242,60,TAAGCC,CTGGTTATTAA,CACTC
3,35,VT11048|0|MEMB002D|+|269,-4.201627731323241,60,CAATCC,CTGATTATTAA,CACTC
4,40,VT11048|0|MEMB002E|+|288,0.007825496606528759,60,CAGCCC,CTGATTATTAA,CACTC
5,36,VT11048|0|MEMB002F|+|278,-5.201627731323242,60,CAAGCC,CTGATTATTAA,CACTC
6,39,VT11048|0|MEMB003A|+|278,0.007825496606528759,60,CAGCCC,CTGATTATTAA,CACTC
7,43,VT11048|0|MEMB003B|+|289,-5.201627731323242,60,CAACCC,CTGGTTATTAA,CACTC
8,39,VT11048|0|MEMB003C|-|284,-5.201627731323242,60,TAAGCC,CTGGTTATTAA,CACTC
9,35,VT11048|0|MEMB003D|+|274,0.007825496606528759,60,CAGCCC,CTGATTATTAA,CACTC
10,39,VT11048|0|MEMB003F|-|285,-5.201627731323242,60,CAACCC,CTGATTATTAA,CACTC
11,39,VT11048|0|MEMB004A|+|284,-5.201627731323242,60,TAAGCC,CTGATTATTAA,CACTC
12,39,VT11048|0|MEMB004B|+|285,-5.201627731323242,60,CAACCC,CTGATTATTAA,CACTC
13,39,VT11048|0|MEMB004E|-|285,-5.201627731323242,60,CAACCC,CTGATTATTAA,CATTC
14,60,VT11048|0|MEMB005B|+|298,-4.201627731323241,60,CAATCC,CTGATTATTAA,CACTC
15,39,VT11048|0|MEMB005D|-|287,-4.201627731323241,60,TAATCC,TTGGTTATTAA,CACTC
16,38,VT11048|0|MEMB006A|+|286,-4.201627731323241,60,TAATCC,TTGGTTATTAA,CACTC
17,38,VT11048|0|MEMB006B|-|275,-5.201627731323242,60,CAACCC,CTGGTTATTGA,CACTC
18,39,VT11048|0|MEMB006C|-|285,-5.201627731323242,60,CAACCC,CTGATTATTAA,CACTC
19,39,VT11048|0|MEMB007B|-|284,-5.201627731323242,60,TAAACC,CTGGTTATTAA,CACTC
20,38,VT11048|0|MEMB007C|+|283,-5.201627731323242,60,CAACCC,CTGGTTATTAA,CACTC
21,38,VT11048|0|MEMB007D|-|274,-5.201627731323242,60,CAAGCC,CTGATTATTAA,CACTC
22,39,VT11048|0|MEMB008C|-|285,-5.201627731323242,60,CAAACC,CTGATTATTAA,CACTC
23,39,VT11048|0|dkik|-|290,0.007825496606528759,60,CAGCCC,CTGATTATTGA,CACTC
