raw,orig_species,score,align_position,sequence,before,after
39.0,VT11048|0|MEMB002A|+|284,-5.201627731323242,60.0,TAAGCC,ATTAA,CACTC
39.0,VT11048|0|MEMB002B|-|284,-5.201627731323242,60.0,TAAGCC,ATTAA,CACTC
39.0,VT11048|0|MEMB002C|-|284,-5.201627731323242,60.0,TAAGCC,ATTAA,CACTC
35.0,VT11048|0|MEMB002D|+|269,-4.201627731323241,60.0,CAATCC,ATTAA,CACTC
40.0,VT11048|0|MEMB002E|+|288,0.007825496606528759,60.0,CAGCCC,ATTAA,CACTC
36.0,VT11048|0|MEMB002F|+|278,-5.201627731323242,60.0,CAAGCC,ATTAA,CACTC
39.0,VT11048|0|MEMB003A|+|278,0.007825496606528759,60.0,CAGCCC,ATTAA,CACTC
43.0,VT11048|0|MEMB003B|+|289,-5.201627731323242,60.0,CAACCC,ATTAA,CACTC
39.0,VT11048|0|MEMB003C|-|284,-5.201627731323242,60.0,TAAGCC,ATTAA,CACTC
35.0,VT11048|0|MEMB003D|+|274,0.007825496606528759,60.0,CAGCCC,ATTAA,CACTC
39.0,VT11048|0|MEMB003F|-|285,-5.201627731323242,60.0,CAACCC,ATTAA,CACTC
39.0,VT11048|0|MEMB004A|+|284,-5.201627731323242,60.0,TAAGCC,ATTAA,CACTC
39.0,VT11048|0|MEMB004B|+|285,-5.201627731323242,60.0,CAACCC,ATTAA,CACTC
39.0,VT11048|0|MEMB004E|-|285,-5.201627731323242,60.0,CAACCC,ATTAA,CATTC
60.0,VT11048|0|MEMB005B|+|298,-4.201627731323241,60.0,CAATCC,ATTAA,CACTC
39.0,VT11048|0|MEMB005D|-|287,-4.201627731323241,60.0,TAATCC,ATTAA,CACTC
38.0,VT11048|0|MEMB006A|+|286,-4.201627731323241,60.0,TAATCC,ATTAA,CACTC
38.0,VT11048|0|MEMB006B|-|275,-5.201627731323242,60.0,CAACCC,ATTGA,CACTC
39.0,VT11048|0|MEMB006C|-|285,-5.201627731323242,60.0,CAACCC,ATTAA,CACTC
39.0,VT11048|0|MEMB007B|-|284,-5.201627731323242,60.0,TAAACC,ATTAA,CACTC
38.0,VT11048|0|MEMB007C|+|283,-5.201627731323242,60.0,CAACCC,ATTAA,CACTC
38.0,VT11048|0|MEMB007D|-|274,-5.201627731323242,60.0,CAAGCC,ATTAA,CACTC
39.0,VT11048|0|MEMB008C|-|285,-5.201627731323242,60.0,CAAACC,ATTAA,CACTC
39.0,VT11048|0|dkik|-|290,0.007825496606528759,60.0,CAGCCC,ATTGA,CACTC
