,raw,orig_species,score,align_position,strand,sequence,5_before,5_after
0,1821,VT59000|1|MEMB002D|-|3273,-0.8922998309135437,3841,positive,GGATTA,AAACA,TTTCT
1,2168,VT59000|1|MEMB002E|-|3354,-0.8922998309135437,3841,positive,GGATTA,ATATA,TTCCT
2,1732,VT59000|1|MEMB002F|-|3260,-3.2016279697418213,3841,positive,GGCAGC,TTTAC,TTCAT
3,1904,VT59000|1|MEMB003A|+|3004,0.10770019143819808,3841,positive,AGCTTA,TATTT,TCCAT
4,1626,VT59000|1|MEMB003B|-|2858,0.10770019143819808,3841,positive,GGCTTA,ATACA,TTTAT
5,2017,VT59000|1|MEMB003D|-|3115,-4.155333995819092,3841,positive,AGACTT,TTTTC,TTCAT
6,2092,VT59000|1|MEMB003F|+|3399,-2.155334234237671,3841,positive,GGCTTT,TACAA,TTTAT
7,1763,VT59000|1|MEMB004B|-|3272,-0.8922998309135437,3841,positive,GGATTA,ATACA,TTTAT
8,1990,VT59000|1|MEMB004E|-|3281,0.10770019143819808,3841,positive,GGCTTA,TGTTA,TTTAT
9,1686,VT59000|1|MEMB005B|+|3174,0.10770019143819808,3841,positive,GGCTTA,TTTAC,TTTAT
10,1785,VT59000|1|MEMB005D|+|2831,-5.140227317810059,3841,positive,GGATAA,TTTAC,TTTAT
11,1804,VT59000|1|MEMB006A|-|2842,0.10770019143819808,3841,positive,AACTTA,TTTAC,TTTAT
12,1923,VT59000|1|MEMB006C|+|3289,-2.155334234237671,3841,positive,GGCTTT,TTTAC,TGTAT
13,1501,VT59000|1|MEMB007C|-|2669,0.10770019143819808,3841,positive,GGCTTA,AATAC,TTTAT
14,1686,VT59000|1|MEMB007D|-|2691,-1.8922997713088991,3841,positive,AGAATA,TTTAC,ATAAC
15,2068,VT59000|1|MEMB008C|+|3599,0.10770019143819808,3841,positive,GGCTTA,TTTAC,CTTAT
16,2122,VT59000|1|dkik|-|3196,0.10770019143819808,3841,positive,AGCTTA,TATTT,TCCAT
