,raw,orig_species,score,align_position,sequence,5_before,5_after
0,1629,VT59000|1|MEMB002A|+|2953,4.317153453826903,3330,TAGTTA,TATAA,TCATA
1,1373,VT59000|1|MEMB002B|-|2942,2.054119110107422,3330,CAGTTT,TAAAA,CCAAA
2,2203,VT59000|1|MEMB002C|+|3521,4.317153453826903,3330,TAGTTA,TATAA,TCATG
3,1500,VT59000|1|MEMB002D|-|3273,0.94059020280838,3330,TATTTG,TTAAT,GGATA
4,1843,VT59000|1|MEMB002E|-|3354,-0.8922998309135437,3330,TATTAA,TTAAT,GGATA
5,1417,VT59000|1|MEMB002F|-|3260,0.902116060256958,3330,TAGATG,TATAC,TGATA
6,1284,VT59000|1|MEMB003B|-|2858,-0.19380836188793185,3330,TAGTGT,TTGAT,AGATA
7,2046,VT59000|1|MEMB003C|+|3382,4.317153453826903,3330,TAGTTA,TATAA,TCATA
8,1717,VT59000|1|MEMB003F|+|3399,1.902116060256958,3330,CAGTTG,TGGAT,AGATA
9,1366,VT59000|1|MEMB004A|+|3924,4.255753040313722,3330,TAGTTC,TATAA,CCAGA
10,1430,VT59000|1|MEMB004B|-|3272,4.255753040313722,3330,TAGTTC,TTGAT,AGATA
11,1630,VT59000|1|MEMB004E|-|3281,2.054119110107422,3330,TAGTTT,TTGAT,AGATA
12,1344,VT59000|1|MEMB005B|+|3174,4.255753040313722,3330,TTGTTC,TTGAT,AGATA
13,1276,VT59000|1|MEMB006B|-|2891,-0.3458114564418793,3330,TTGTGG,TTGAT,AGATA
14,1565,VT59000|1|MEMB006C|+|3289,2.054119110107422,3330,TAGTTT,TTGAT,AGCTA
15,2103,VT59000|1|MEMB007B|+|3421,4.255753040313722,3330,TAGTTC,TATAA,TAGTA
16,1127,VT59000|1|MEMB007C|-|2669,-4.201627731323241,3330,TAATCC,ATAAA,AGATA
17,1706,VT59000|1|MEMB008C|+|3599,2.054119110107422,3330,TAGTTT,TTGAT,AGATA
