,raw,orig_species,score,align_position,sequence,5_before,5_after
0,2832,VT59000|1|MEMB002D|-|3273,-6.403261661529541,5432,AAATCT,AGGAT,TTCAA
1,3076,VT59000|1|MEMB002E|-|3354,1.0925933122634888,5432,CATTTT,GTATT,TCAAT
2,2818,VT59000|1|MEMB002F|-|3260,-3.1553342342376713,5432,TTATTT,ATTTA,TTTAG
3,2731,VT59000|1|MEMB003A|+|3004,3.3171534538269043,5432,ATGGTA,TTTTA,TTCTA
4,2572,VT59000|1|MEMB003B|-|2858,-0.05940979719161987,5432,ATTATG,TGTTA,TTTGA
5,2851,VT59000|1|MEMB003D|-|3115,3.3171534538269043,5432,ATGGTA,TTTAA,TTCCA
6,3018,VT59000|1|MEMB003F|+|3399,-3.1553342342376713,5432,TGATTT,TTTTT,TTTAG
7,2904,VT59000|1|MEMB004B|-|3272,-6.403261661529541,5432,TAATCT,GGTTG,TTCAT
8,2942,VT59000|1|MEMB004E|-|3281,-7.403261661529541,5432,TTATAT,GGTTT,TTTTA
9,2802,VT59000|1|MEMB005B|+|3174,-4.201627731323241,5432,TAATCC,GGTTT,TTCAA
10,2596,VT59000|1|MEMB006B|-|2891,-3.1553342342376713,5432,TAATTT,GCACT,TTCAA
11,2924,VT59000|1|MEMB006C|+|3289,-6.403261661529541,5432,TAATCT,GGTTT,TTCAA
12,3232,VT59000|1|MEMB008C|+|3599,-6.403261661529541,5432,TAATCT,GGTTT,TACAA
13,2923,VT59000|1|dkik|-|3196,3.3171534538269043,5432,AAGGTA,TTTCA,TTCTA
