,raw,orig_species,score,align_position,sequence,5_before,5_after
0,2825,VT59000|1|MEMB002D|-|3273,-0.8922998309135437,5411,GGATTA,ATATA,ATCTA
1,2809,VT59000|1|MEMB002F|-|3260,0.06922604143619537,5411,TAGTAA,AAATA,TTATT
2,2728,VT59000|1|MEMB003A|+|3004,-3.1553342342376713,5411,GTATTT,TAATA,TAATG
3,2848,VT59000|1|MEMB003D|-|3115,-3.1553342342376713,5411,GTATTT,AAATA,CAATG
4,2997,VT59000|1|MEMB003F|+|3399,-0.8922998309135437,5411,GTTTAA,AAATA,CTAGG
5,2980,VT59000|1|MEMB004A|+|3924,3.3556277751922607,5411,TATTTA,AAATA,TATAG
6,2897,VT59000|1|MEMB004B|-|3272,2.3556277751922607,5411,GTTGTA,AAATA,ATCTG
7,2935,VT59000|1|MEMB004E|-|3281,3.3556277751922607,5411,GTTTTA,AAATA,ATATG
8,2795,VT59000|1|MEMB005B|+|3174,3.3556277751922607,5411,GTTTTA,AAATA,ATCCG
9,2917,VT59000|1|MEMB006C|+|3289,3.3556277751922607,5411,GTTTTA,AAATA,ATCTG
10,3225,VT59000|1|MEMB008C|+|3599,3.3556277751922607,5411,GTTTTA,AAATA,ATCTG
11,2920,VT59000|1|dkik|-|3196,-3.1553342342376713,5411,GTATTT,CAATA,TAAAG
