,raw,orig_species,score,align_position,strand,sequence,5_before,5_after
0,2623,VT59000|1|MEMB002B|-|2942,-4.307337284088135,5545,positive,CGAGTG,AGCGC,TTCAA
1,2911,VT59000|1|MEMB002D|-|3273,1.054119110107422,5545,positive,TGGCTT,CAAGT,TATGT
2,3091,VT59000|1|MEMB004A|+|3924,-4.307337284088135,5545,positive,CGAGTG,AGAGC,TTCAA
3,2990,VT59000|1|MEMB004B|-|3272,-0.8922998309135437,5545,positive,GGATTA,AAGAT,TGGCT
4,3014,VT59000|1|MEMB004E|-|3281,2.054119110107422,5545,positive,TGGTTT,AAAGT,TATCT
5,2886,VT59000|1|MEMB005B|+|3174,3.3171534538269043,5545,positive,TGGGTA,AATAT,TGTCT
6,3009,VT59000|1|MEMB006C|+|3289,2.054119110107422,5545,positive,TGGTTT,AATAT,TGTCT
7,3316,VT59000|1|MEMB008C|+|3599,1.902116060256958,5545,positive,TGGTTG,AAAAT,TGTCT
