,raw,orig_species,score,align_position,sequence,5_before,5_after
0,2091,VT59000|1|MEMB002A|+|2953,-2.155334234237671,4043,TTTTCT,AGCTTTGGTTT,AATTT
1,2661,VT59000|1|MEMB002C|+|3521,-3.1553342342376713,4043,TTTCCT,GGCTTTGTTTT,AATAT
2,1978,VT59000|1|MEMB002D|-|3273,-6.555264949798584,4043,TTCACG,ACTGTCACATG,CATTT
3,1850,VT59000|1|MEMB002F|-|3260,-3.1553342342376713,4043,TTCCTT,AACTCACATAT,ATATA
4,1730,VT59000|1|MEMB003B|-|2858,-1.1938083171844482,4043,ACGTCT,ACCTGTTTTTA,ATTTC
5,2519,VT59000|1|MEMB003C|+|3382,-2.155334234237671,4043,TTTTCT,AGCTTTGTTTT,AATTT
6,1829,VT59000|1|MEMB004A|+|3924,-4.201627731323241,4043,TTATCC,AGTTTTGGTTA,ATTTG
7,1783,VT59000|1|MEMB006B|-|2891,-2.155334234237671,4043,TTTTCT,ACCCCTGAGTA,TAATT
8,2560,VT59000|1|MEMB007B|+|3421,-2.155334234237671,4043,TTTTCT,AGCTTTGGTTT,AATTT
