,raw,orig_species,score,align_position,strand,sequence,5_before,5_after
0,1500,VT59000|1|MEMB002A|+|2953,-0.9921745061874391,3177,positive,CAGAAC,GCCTT,TGATC
1,1258,VT59000|1|MEMB002B|-|2942,-8.403262138366701,3177,positive,AAAAAT,ATAGA,TGCAA
2,2066,VT59000|1|MEMB002C|+|3521,-0.9921745061874391,3177,positive,CAGAAC,GCCTT,TGATC
3,1419,VT59000|1|MEMB002D|-|3273,-3.193808317184448,3177,positive,AAGAAT,ATTCG,TCATC
4,1762,VT59000|1|MEMB002E|-|3354,-3.193808317184448,3177,positive,AAGAAT,TCTTG,TCATT
5,1338,VT59000|1|MEMB002F|-|3260,-8.403262138366701,3177,positive,AAAAAT,TGTCT,GCTTC
6,1518,VT59000|1|MEMB003A|+|3004,-4.201627731323241,3177,positive,TTATCC,TTTTA,TATGA
7,1204,VT59000|1|MEMB003B|-|2858,-3.193808317184448,3177,positive,AAGAAT,TATTT,TTTTC
8,1909,VT59000|1|MEMB003C|+|3382,-0.9921745061874391,3177,positive,CAGAAC,GCCCT,TGATC
9,1645,VT59000|1|MEMB003D|-|3115,-4.201627731323241,3177,positive,TTATCC,TTTTA,TATGA
10,1637,VT59000|1|MEMB003F|+|3399,-4.155333995819092,3177,positive,AATAAT,ACCTT,TCAAA
11,1244,VT59000|1|MEMB004A|+|3924,-6.403261661529541,3177,positive,AAAAGT,ATAGA,TGCTT
12,1347,VT59000|1|MEMB004B|-|3272,-8.403262138366701,3177,positive,TCAAAT,ATCTG,TAAAC
13,1557,VT59000|1|MEMB004E|-|3281,-6.555264949798584,3177,positive,AAAAGG,ATACA,TTGAT
14,1264,VT59000|1|MEMB005B|+|3174,-3.193808317184448,3177,positive,AAGAAT,AGGCT,TCAAG
15,1428,VT59000|1|MEMB005D|+|2831,-1.1938083171844482,3177,positive,AAGAGT,ACCTG,CCATC
16,1407,VT59000|1|MEMB006A|-|2842,-7.403261661529541,3177,positive,TCACCT,ATCTG,CATCA
17,1196,VT59000|1|MEMB006B|-|2891,-3.193808317184448,3177,positive,AAGAAT,ACCTA,TCTTC
18,1484,VT59000|1|MEMB006C|+|3289,-3.193808317184448,3177,positive,AAGAAT,TCCTG,TCACA
19,1967,VT59000|1|MEMB007B|+|3421,-0.9307739734649658,3177,positive,CAGAAA,GCCTT,TGATC
20,1080,VT59000|1|MEMB007C|-|2669,-3.193808317184448,3177,positive,AGGAAT,CTACT,TCTTC
21,1312,VT59000|1|MEMB007D|-|2691,-3.193808317184448,3177,positive,AAGAAT,TACCA,TGATT
22,1626,VT59000|1|MEMB008C|+|3599,-8.403262138366701,3177,positive,AAAAAT,ACCGG,TTAAG
23,1719,VT59000|1|dkik|-|3196,-4.201627731323241,3177,positive,TTATCC,TTTTA,TATGA
