,raw,orig_species,score,align_position,sequence,5_before,5_after
0,372,VT59000|1|MEMB002D|-|3273,-5.201627731323242,457,AGATAC,AGAAG,ACTGA
1,355,VT59000|1|MEMB003F|+|3399,-5.140227317810059,457,AGATAA,CAAAA,ACAGA
2,332,VT59000|1|MEMB004B|-|3272,-3.2016279697418213,457,GGATGC,AACAA,ACAGA
3,294,VT59000|1|MEMB004E|-|3281,-5.140227317810059,457,AGATAA,CAAAA,ACAGA
4,279,VT59000|1|MEMB005B|+|3174,-5.201627731323242,457,GGATAC,AACAA,ACAGA
5,334,VT59000|1|MEMB005D|+|2831,-5.140227317810059,457,AGATAA,GAAAA,ACAGC
6,313,VT59000|1|MEMB006B|-|2891,-7.403261661529541,457,GGATAT,ACAAA,ACAGA
7,329,VT59000|1|MEMB006C|+|3289,-5.140227317810059,457,GGATAA,AAAAA,ACAGA
8,302,VT59000|1|MEMB007C|-|2669,-7.403261661529541,457,GGATAT,CGAAA,ACAGA
9,345,VT59000|1|MEMB008C|+|3599,-5.201627731323242,457,AGATAC,AAAGA,ACAGA
