,raw,orig_species,score,align_position,sequence,5_before,5_after
0,642,VT59000|1|MEMB002A|+|2953,3.294227123260498,934,GATTTC,TCTGC,GCTTG
1,661,VT59000|1|MEMB002B|-|2942,3.294227123260498,934,GATTTC,TCCGC,GCTTG
2,647,VT59000|1|MEMB002C|+|3521,3.294227123260498,934,GATTTC,TCTGC,GCTTG
3,720,VT59000|1|MEMB002D|-|3273,-4.201627731323241,934,TTATCC,CCTGC,GTTGC
4,634,VT59000|1|MEMB002E|-|3354,2.294227123260498,934,GATATC,CCCAC,TCTTG
5,615,VT59000|1|MEMB002F|-|3260,3.294227123260498,934,GCTTTC,GCTGC,GCTTG
6,626,VT59000|1|MEMB003A|+|3004,-0.9537003636360168,934,AATTAC,ACTGC,CCTTA
7,655,VT59000|1|MEMB003B|-|2858,3.294227123260498,934,GATTTC,TCTGC,CCTTG
8,639,VT59000|1|MEMB003C|+|3382,-0.9537003636360168,934,GGATTC,CCTGC,TGCTT
9,649,VT59000|1|MEMB003D|-|3115,3.294227123260498,934,AATTTC,CCTGC,CCTTA
10,682,VT59000|1|MEMB003F|+|3399,3.294227123260498,934,GCTTTC,CCTGC,CCTTG
11,663,VT59000|1|MEMB004A|+|3924,3.294227123260498,934,GATTTC,TCCGC,GCTTG
12,697,VT59000|1|MEMB004B|-|3272,3.294227123260498,934,GCTTTC,CCTGC,CCTTG
13,632,VT59000|1|MEMB004E|-|3281,3.294227123260498,934,GCTTTC,CCTGC,CCCTG
14,589,VT59000|1|MEMB005B|+|3174,3.294227123260498,934,CTTTTC,CCTGC,CATGG
15,671,VT59000|1|MEMB005D|+|2831,3.294227123260498,934,GATTTC,CCTGC,CCTTG
16,650,VT59000|1|MEMB006A|-|2842,3.294227123260498,934,GATTTC,CCTGC,CCTTG
17,645,VT59000|1|MEMB006B|-|2891,3.294227123260498,934,GATTTC,CCTGT,CCTAA
18,644,VT59000|1|MEMB006C|+|3289,3.294227123260498,934,GCTTTC,CCTGC,GACTG
19,640,VT59000|1|MEMB007B|+|3421,3.294227123260498,934,GATTTC,GCTGC,GCTTG
20,588,VT59000|1|MEMB007C|-|2669,3.294227123260498,934,GATTTC,TGTTA,CCTTG
21,642,VT59000|1|MEMB007D|-|2691,3.294227123260498,934,CCTTTC,CCTGC,GACTG
22,683,VT59000|1|MEMB008C|+|3599,3.294227123260498,934,GCTTTC,CCTGC,CCTTG
23,650,VT59000|1|dkik|-|3196,3.294227123260498,934,AATTTC,CCTGC,TCTTA
