,raw,orig_species,score,align_position,strand,sequence,5_before,5_after
0,2560,VT59000|1|MEMB002B|-|2942,0.04629964381456375,5468,positive,TATTCC,TATTT,TATAG
1,2867,VT59000|1|MEMB002D|-|3273,1.0925933122634888,5468,positive,TATTTT,TATTT,AGTTG
2,2852,VT59000|1|MEMB002F|-|3260,1.0925933122634888,5468,positive,GATTTT,TATTT,AGAGC
3,3054,VT59000|1|MEMB003F|+|3399,-0.8922998309135437,5468,positive,AAATTA,TATTA,TAGAA
4,3014,VT59000|1|MEMB004A|+|3924,-4.201627731323241,5468,positive,TAATCC,TATTT,TATAG
5,2939,VT59000|1|MEMB004B|-|3272,-2.155334234237671,5468,positive,CACTTT,TATTT,TATGA
6,2837,VT59000|1|MEMB005B|+|3174,1.0925933122634888,5468,positive,CATTTT,TATTT,TATGG
7,2632,VT59000|1|MEMB006B|-|2891,-3.1553342342376713,5468,positive,CTTCCT,GTTTT,TAATG
8,2959,VT59000|1|MEMB006C|+|3289,-2.155334234237671,5468,positive,CACTTT,TTTTT,TATGG
9,3265,VT59000|1|MEMB008C|+|3599,-2.155334234237671,5468,positive,CGCTTT,ATTTT,TATGG
