,raw,orig_species,score,align_position,strand,sequence,5_before,5_after
0,1992,VT59000|1|MEMB002A|+|2953,-5.403261661529541,3806,positive,ATCTCT,AACAA,ATTTA
1,1732,VT59000|1|MEMB002B|-|2942,-5.403261661529541,3806,positive,AACTCT,AGCAA,TTTGA
2,2554,VT59000|1|MEMB002C|+|3521,-6.403261661529541,3806,positive,ATCTAT,AACAA,ATTTA
3,2145,VT59000|1|MEMB002E|-|3354,0.04629964381456375,3806,positive,TTTTCC,AGCAA,TGACA
4,1708,VT59000|1|MEMB002F|-|3260,-2.155334234237671,3806,positive,GATTCT,AACAA,TCTTA
5,1890,VT59000|1|MEMB003A|+|3004,-2.155334234237671,3806,positive,TTTTCT,AACAA,TCTTA
6,1592,VT59000|1|MEMB003B|-|2858,-4.201627731323241,3806,positive,TAATCC,AGCAA,CAAAA
7,2410,VT59000|1|MEMB003C|+|3382,-5.403261661529541,3806,positive,ATCTCT,AACAA,ATTTA
8,2005,VT59000|1|MEMB003D|-|3115,-2.155334234237671,3806,positive,TTTTCT,AACAT,AACAT
9,1726,VT59000|1|MEMB004A|+|3924,-5.403261661529541,3806,positive,ATCTCT,AACAA,TTTTA
10,1739,VT59000|1|MEMB004B|-|3272,0.09259329736232758,3806,positive,TTTGTT,ATTAA,GTTAA
11,1973,VT59000|1|MEMB004E|-|3281,3.294227123260498,3806,positive,GTTTTC,AGTTA,TGTTA
12,1662,VT59000|1|MEMB005B|+|3174,2.294227123260498,3806,positive,GTTGTC,ATTAA,TATTA
13,1761,VT59000|1|MEMB005D|+|2831,0.04629964381456375,3806,positive,ATTTCC,ATTTT,TGTTA
14,1781,VT59000|1|MEMB006A|-|2842,0.04629964381456375,3806,positive,ATTTCC,AACAA,ATTAA
15,1620,VT59000|1|MEMB006B|-|2891,3.294227123260498,3806,positive,GTTTTC,ATGAA,TGTTA
16,1899,VT59000|1|MEMB006C|+|3289,2.294227123260498,3806,positive,ATTGTC,TAAAA,TGTTA
17,2453,VT59000|1|MEMB007B|+|3421,-5.403261661529541,3806,positive,ATCTCT,AACAA,ATTTA
18,1466,VT59000|1|MEMB007C|-|2669,-4.201627731323241,3806,positive,TAATCC,AGCAA,CAAAA
19,1662,VT59000|1|MEMB007D|-|2691,-2.155334234237671,3806,positive,ATTTCT,AACTT,ACTTC
20,2044,VT59000|1|MEMB008C|+|3599,2.294227123260498,3806,positive,GCTATC,ATTAA,TATTA
21,2108,VT59000|1|dkik|-|3196,-2.155334234237671,3806,positive,TTTTCT,AATAA,TCTTA
