,raw,orig_species,score,align_position,sequence,5_before,5_after
0,2620,VT59000|1|MEMB002A|+|2953,-5.140227317810059,4739,GGATAA,GTACC,AGCAT
1,2355,VT59000|1|MEMB002B|-|2942,-5.140227317810059,4739,GGATAA,GTACC,AGCAT
2,3190,VT59000|1|MEMB002C|+|3521,-5.140227317810059,4739,GGATAA,GTACC,AGCAT
3,2544,VT59000|1|MEMB002D|-|3273,-5.140227317810059,4739,GGATAA,GTACC,GCCTG
4,2831,VT59000|1|MEMB002E|-|3354,-5.140227317810059,4739,GAATAA,GTACC,GCATG
5,2343,VT59000|1|MEMB002F|-|3260,-5.140227317810059,4739,GGATAA,GTACC,AGCAT
6,2491,VT59000|1|MEMB003A|+|3004,-5.140227317810059,4739,GGATAA,GTACC,AGCAT
7,2326,VT59000|1|MEMB003B|-|2858,-5.140227317810059,4739,GAATAA,GTACC,GCATG
8,3047,VT59000|1|MEMB003C|+|3382,-5.140227317810059,4739,GGATAA,GTACC,AGCAT
9,2597,VT59000|1|MEMB003D|-|3115,-5.140227317810059,4739,GGATAA,GTACC,AGCAT
10,2730,VT59000|1|MEMB003F|+|3399,-5.140227317810059,4739,GGATAA,GTACC,AGCAT
11,2389,VT59000|1|MEMB004A|+|3924,-5.140227317810059,4739,GGATAA,GTACC,AGCAT
12,2379,VT59000|1|MEMB004B|-|3272,-5.140227317810059,4739,GGATAA,GTACC,AGCAT
13,2656,VT59000|1|MEMB004E|-|3281,-5.140227317810059,4739,GGATAA,GTACC,AGCAT
14,2301,VT59000|1|MEMB005B|+|3174,-5.140227317810059,4739,GAATAA,GTACC,AGCAT
15,2436,VT59000|1|MEMB005D|+|2831,-5.140227317810059,4739,GGATAA,GTACC,AGCAT
16,2409,VT59000|1|MEMB006A|-|2842,-5.140227317810059,4739,GGATAA,GTACC,AGCAT
17,2340,VT59000|1|MEMB006B|-|2891,-5.140227317810059,4739,GGATAA,GTACC,AGCAT
18,2540,VT59000|1|MEMB006C|+|3289,-5.140227317810059,4739,GGATAA,GTACC,AGCAT
19,3088,VT59000|1|MEMB007B|+|3421,-5.140227317810059,4739,GGATAA,GTACC,AGCAT
20,2160,VT59000|1|MEMB007C|-|2669,-5.140227317810059,4739,GGATAA,GTACC,AGCAT
21,2257,VT59000|1|MEMB007D|-|2691,-5.140227317810059,4739,GGATAA,GTACC,AGCAT
22,2716,VT59000|1|MEMB008C|+|3599,-6.140227317810059,4739,GGAGAA,GTACC,AGCAT
23,2692,VT59000|1|dkik|-|3196,-5.140227317810059,4739,GGATAA,GTACC,AGCAT
