,raw,orig_species,score,align_position,strand,sequence,5_before,5_after
0,451,VT59000|1|MEMB002B|-|2942,-2.3073372840881348,647,positive,TCTTCG,GCATC,GTGCT
1,426,VT59000|1|MEMB003A|+|3004,-5.555264949798584,647,positive,TCCTCG,TCCTC,CCTCG
2,456,VT59000|1|MEMB003B|-|2858,0.902116060256958,647,positive,TTGCTG,CTTCC,GCTCC
3,449,VT59000|1|MEMB003D|-|3115,-5.555264949798584,647,positive,TCCTCG,TCCTC,CCTCG
4,446,VT59000|1|MEMB004A|+|3924,-2.3073372840881348,647,positive,TCTTCG,GCATC,CTGCT
5,492,VT59000|1|MEMB004B|-|3272,-4.201627731323241,647,positive,TTATCC,TTCTT,TCTCC
6,437,VT59000|1|MEMB004E|-|3281,-5.555264949798584,647,positive,TCCTCG,TCCTC,TCACC
7,399,VT59000|1|MEMB005B|+|3174,-3.1402273178100586,647,positive,AGCTCA,TCGTC,GCTCC
8,462,VT59000|1|MEMB006B|-|2891,-3.3073372840881348,647,positive,TTCCTG,TTCCT,GCTCC
9,446,VT59000|1|MEMB006C|+|3289,-5.555264949798584,647,positive,TCCTCG,TCCTC,GTTCC
10,495,VT59000|1|MEMB008C|+|3599,-3.2016279697418213,647,positive,AGCTCC,TCCTC,GCTCC
11,438,VT59000|1|dkik|-|3196,-6.555264949798584,647,positive,TCCACG,TCCTC,CCTCG
