,raw,orig_species,score,align_position,strand,sequence,5_before,5_after
0,2832,VT59000|1|MEMB002D|-|3273,-6.403261661529541,5432,positive,AAATCT,AATAT,TTCAA
1,3076,VT59000|1|MEMB002E|-|3354,1.0925933122634888,5432,positive,CATTTT,AAATA,TCAAT
2,2818,VT59000|1|MEMB002F|-|3260,-3.1553342342376713,5432,positive,TTATTT,TAAAA,TTTAG
3,2731,VT59000|1|MEMB003A|+|3004,3.3171534538269043,5432,positive,ATGGTA,TATTA,TTCTA
4,2572,VT59000|1|MEMB003B|-|2858,-0.05940979719161987,5432,positive,ATTATG,TTAAT,TTTGA
5,2851,VT59000|1|MEMB003D|-|3115,3.3171534538269043,5432,positive,ATGGTA,TATTA,TTCCA
6,3018,VT59000|1|MEMB003F|+|3399,-3.1553342342376713,5432,positive,TGATTT,ACTTC,TTTAG
7,2904,VT59000|1|MEMB004B|-|3272,-6.403261661529541,5432,positive,TAATCT,AAAAT,TTCAT
8,2942,VT59000|1|MEMB004E|-|3281,-7.403261661529541,5432,positive,TTATAT,AAAAT,TTTTA
9,2802,VT59000|1|MEMB005B|+|3174,-4.201627731323241,5432,positive,TAATCC,AAAAT,TTCAA
10,2596,VT59000|1|MEMB006B|-|2891,-3.1553342342376713,5432,positive,TAATTT,AAAAG,TTCAA
11,2924,VT59000|1|MEMB006C|+|3289,-6.403261661529541,5432,positive,TAATCT,AAAAT,TTCAA
12,3232,VT59000|1|MEMB008C|+|3599,-6.403261661529541,5432,positive,TAATCT,AAAAT,TACAA
13,2923,VT59000|1|dkik|-|3196,3.3171534538269043,5432,positive,AAGGTA,TATTA,TTCTA
