,raw,orig_species,score,align_position,sequence,5_before,5_after
0,2832,VT59000|1|MEMB002D|-|3273,-6.403261661529541,5432,AGATTT,ATCCT,TTGAA
1,3076,VT59000|1|MEMB002E|-|3354,1.0925933122634888,5432,AAAATG,AATAC,ATTGA
2,2818,VT59000|1|MEMB002F|-|3260,-3.1553342342376713,5432,AAATAA,taAAT,CTAAA
3,2731,VT59000|1|MEMB003A|+|3004,3.3171534538269043,5432,TACCAT,TAAAA,TAGAA
4,2572,VT59000|1|MEMB003B|-|2858,-0.05940979719161987,5432,CATAAT,TAACA,TCAAA
5,2851,VT59000|1|MEMB003D|-|3115,3.3171534538269043,5432,TACCAT,TTAAA,TGGAA
6,3018,VT59000|1|MEMB003F|+|3399,-3.1553342342376713,5432,AAATCA,AAAAA,CTAAA
7,2904,VT59000|1|MEMB004B|-|3272,-6.403261661529541,5432,AGATTA,CAACC,ATGAA
8,2942,VT59000|1|MEMB004E|-|3281,-7.403261661529541,5432,ATATAA,AAACC,TAAAA
9,2802,VT59000|1|MEMB005B|+|3174,-4.201627731323241,5432,GGATTA,AAACC,TTGAA
10,2596,VT59000|1|MEMB006B|-|2891,-3.1553342342376713,5432,AAATTA,AGTGC,TTGAA
11,2924,VT59000|1|MEMB006C|+|3289,-6.403261661529541,5432,AGATTA,AAACC,TTGAA
12,3232,VT59000|1|MEMB008C|+|3599,-6.403261661529541,5432,AGATTA,AAACC,TTGTA
13,2923,VT59000|1|dkik|-|3196,3.3171534538269043,5432,TACCTT,TGAAA,TAGAA
