,raw,orig_species,score,align_position,sequence,5_before,5_after
0,2700,VT59000|1|MEMB002B|-|2942,-4.307337284088135,5626,AAAGTG,AAGAACCATAA,CTAGA
1,2992,VT59000|1|MEMB002D|-|3273,-0.8922998309135437,5626,GGATTA,ATATACTAAAT,ATCTA
2,3124,VT59000|1|MEMB002E|-|3354,-0.8922998309135437,5626,GTATTA,AAATACTAAAC,AAGTG
3,2921,VT59000|1|MEMB002F|-|3260,-3.1553342342376713,5626,TTATTT,CTTTATTAAAA,TTTAG
4,2790,VT59000|1|MEMB003A|+|3004,-0.8922998309135437,5626,CAATTA,AAATACAGAAA,AAGTG
5,2621,VT59000|1|MEMB003B|-|2858,0.10770019143819808,5626,CCCTTA,AAATGCTGAAA,GAAAA
6,2910,VT59000|1|MEMB003D|-|3115,-0.8922998309135437,5626,TAATTA,AAATACAGAAA,AAGTA
7,3127,VT59000|1|MEMB003F|+|3399,0.10770019143819808,5626,CACTTA,AAATACTAAAA,AAGAG
8,3171,VT59000|1|MEMB004A|+|3924,-1.8922997713088991,5626,CAAGTA,AAGCACAAGTA,AATGA
9,3041,VT59000|1|MEMB004B|-|3272,4.317153453826903,5626,CAGTTA,AAGTACTCAAA,AAGTG
10,3052,VT59000|1|MEMB004E|-|3281,3.3171534538269043,5626,AAGCTA,AAATACTAAGA,AAGAT
11,2943,VT59000|1|MEMB005B|+|3174,-0.8922998309135437,5626,CAATTA,AAGTACTCAAA,AAGTG
12,2662,VT59000|1|MEMB006B|-|2891,-0.9537003636360168,5626,CAATTC,ATATTCTGACT,AAAAA
13,3049,VT59000|1|MEMB006C|+|3289,-4.140227317810059,5626,TAATCA,AATTATTAAAA,TAAAG
14,2442,VT59000|1|MEMB007C|-|2669,-4.140227317810059,5626,CCCTAA,AAATGCTGAAA,GAAAA
15,2489,VT59000|1|MEMB007D|-|2691,2.069226026535034,5626,AAGTGA,GCAAAGTATAA,CTAAA
16,3368,VT59000|1|MEMB008C|+|3599,-0.8922998309135437,5626,CAATTA,AAAAGGTACAA,AAGTG
17,2982,VT59000|1|dkik|-|3196,-0.8922998309135437,5626,CAATTA,AAATACAGAAA,AAGTG
