,raw,orig_species,score,align_position,sequence,5_before,5_after
0,1638,VT59000|1|MEMB002A|+|2953,2.294227123260498,3339,gataaa,tatat,acttt
1,1382,VT59000|1|MEMB002B|-|2942,-4.201627731323241,3339,ggataa,tgttt,aactt
2,2212,VT59000|1|MEMB002C|+|3521,2.294227123260498,3339,gataaa,tacat,acttt
3,1509,VT59000|1|MEMB002D|-|3273,-2.3073372840881348,3339,CCCATA,TATAT,GCTTT
4,1852,VT59000|1|MEMB002E|-|3354,-1.3073372840881348,3339,CCAACA,TATAT,GCTTT
5,1426,VT59000|1|MEMB002F|-|3260,-0.05940979719161987,3339,catata,tatat,catat
6,1578,VT59000|1|MEMB003A|+|3004,-1.8922997713088991,3339,TTTAAA,TTTAT,GATTT
7,1293,VT59000|1|MEMB003B|-|2858,-4.307337284088135,3339,CTTAGA,TATAT,GCTGT
8,2055,VT59000|1|MEMB003C|+|3382,2.294227123260498,3339,gataaa,tatat,acttt
9,1705,VT59000|1|MEMB003D|-|3115,-1.8922997713088991,3339,TTTATA,CTTAT,GTTTT
10,1726,VT59000|1|MEMB003F|+|3399,-4.307337284088135,3339,CTTATA,TGTAT,GCTTT
11,1375,VT59000|1|MEMB004A|+|3924,-4.201627731323241,3339,ggataa,tatct,aactt
12,1439,VT59000|1|MEMB004B|-|3272,-4.307337284088135,3339,CTTATA,TATAT,GCTTT
13,1639,VT59000|1|MEMB004E|-|3281,-7.555264949798584,3339,CTTGCA,TATAT,GCTTA
14,1353,VT59000|1|MEMB005B|+|3174,-4.307337284088135,3339,CTTATA,AATAT,ACTCT
15,1484,VT59000|1|MEMB006A|-|2842,1.1077002286911009,3339,TCAATA,CAAAA,ACTTT
16,1285,VT59000|1|MEMB006B|-|2891,-4.307337284088135,3339,CTTATA,AATAT,GCTTT
17,1574,VT59000|1|MEMB006C|+|3289,-4.307337284088135,3339,CTTATA,TATAG,GCTTT
18,2112,VT59000|1|MEMB007B|+|3421,2.3556277751922607,3339,tatagt,tatac,cccct
19,1136,VT59000|1|MEMB007C|-|2669,-3.3073372840881348,3339,CTAAGA,TATAT,GTTTT
20,1377,VT59000|1|MEMB007D|-|2691,-1.8922997713088991,3339,TTTAGA,tGAAT,AACTA
21,1715,VT59000|1|MEMB008C|+|3599,-4.307337284088135,3339,CTTATA,TATAT,GATTT
22,1779,VT59000|1|dkik|-|3196,-1.8922997713088991,3339,TTTATA,CTTTT,GTTTT
