,raw,orig_species,score,align_position,sequence,5_before,5_after
0,882,VT59000|1|MEMB002B|-|2942,-4.140227317810059,1881,TGATAA,TTATA,TTATT
1,879,VT59000|1|MEMB002C|+|3521,-0.8922998309135437,1881,TAATAA,GCATA,TTATT
2,1090,VT59000|1|MEMB002D|-|3273,-4.201627731323241,1881,GGATAA,GCATA,TTAAT
3,1404,VT59000|1|MEMB002E|-|3354,-4.140227317810059,1881,TGATAA,GAATA,TTAAT
4,1008,VT59000|1|MEMB002F|-|3260,-4.140227317810059,1881,TGATAA,GCATA,TTATT
5,1144,VT59000|1|MEMB003A|+|3004,1.0692260265350342,1881,TGACAA,GCATA,TTATT
6,843,VT59000|1|MEMB003B|-|2858,-4.140227317810059,1881,TGATAA,GCATA,TTAAT
7,854,VT59000|1|MEMB003C|+|3382,-4.140227317810059,1881,TGATAA,GCATA,TTATA
8,1276,VT59000|1|MEMB003D|-|3115,1.0692260265350342,1881,TGACAA,GCATA,TTATT
9,1279,VT59000|1|MEMB003F|+|3399,-5.201627731323242,1881,GGTTAA,GCCTT,TTATT
10,867,VT59000|1|MEMB004A|+|3924,-4.140227317810059,1881,TGATAA,TTATA,TTATT
11,1012,VT59000|1|MEMB004B|-|3272,-4.201627731323241,1881,GGATAA,GCTTT,TTAAT
12,1199,VT59000|1|MEMB004E|-|3281,-0.8922998309135437,1881,TAATAA,TCATA,TTAAT
13,911,VT59000|1|MEMB005B|+|3174,-4.201627731323241,1881,GGATAA,GCATT,TTCAT
14,1080,VT59000|1|MEMB005D|+|2831,-4.140227317810059,1881,TGATAA,GCATA,TTATT
15,1041,VT59000|1|MEMB006A|-|2842,-4.140227317810059,1881,TGATAA,GCATG,CTATT
16,850,VT59000|1|MEMB006B|-|2891,-6.403261661529541,1881,AGATAA,GCATA,TTAAT
17,1120,VT59000|1|MEMB006C|+|3289,-0.8922998309135437,1881,TAATAA,GCATA,TTAAT
18,872,VT59000|1|MEMB007B|+|3421,-4.140227317810059,1881,TGATAA,GCATA,TTATT
19,767,VT59000|1|MEMB007C|-|2669,-4.140227317810059,1881,TGATAA,GCATA,TTAAT
20,946,VT59000|1|MEMB007D|-|2691,-4.140227317810059,1881,TGATAA,ACGTA,TTATT
21,1272,VT59000|1|MEMB008C|+|3599,-4.201627731323241,1881,GGATAA,GCATT,TTAAT
22,1352,VT59000|1|dkik|-|3196,1.0692260265350342,1881,TGACAA,GCATA,TTATT
