,raw,orig_species,score,align_position,sequence,5_before,5_after
0,1500,VT59000|1|MEMB002A|+|2953,-0.9921745061874391,3177,gttctg,aattt,gatca
1,1258,VT59000|1|MEMB002B|-|2942,-8.403262138366701,3177,attttt,tattt,ttgca
2,2066,VT59000|1|MEMB002C|+|3521,-0.9921745061874391,3177,gttctg,aattt,gatca
3,1419,VT59000|1|MEMB002D|-|3273,-3.193808317184448,3177,attctt,CCCTt,gatga
4,1762,VT59000|1|MEMB002E|-|3354,-3.193808317184448,3177,attctt,cctat,aatga
5,1338,VT59000|1|MEMB002F|-|3260,-8.403262138366701,3177,ATTTTT,TATAT,GAAGC
6,1518,VT59000|1|MEMB003A|+|3004,-4.201627731323241,3177,GGATAA,GCTGT,TCATA
7,1204,VT59000|1|MEMB003B|-|2858,-3.193808317184448,3177,ATTCTT,AATAT,GAAAA
8,1909,VT59000|1|MEMB003C|+|3382,-0.9921745061874391,3177,gttctg,aattt,gatca
9,1645,VT59000|1|MEMB003D|-|3115,-4.201627731323241,3177,GGATAA,GCTGT,TCATA
10,1637,VT59000|1|MEMB003F|+|3399,-4.155333995819092,3177,attatt,tctat,tttga
11,1244,VT59000|1|MEMB004A|+|3924,-6.403261661529541,3177,actttt,aattt,aagca
12,1347,VT59000|1|MEMB004B|-|3272,-8.403262138366701,3177,ATTTGA,TCTAT,GTTTA
13,1557,VT59000|1|MEMB004E|-|3281,-6.555264949798584,3177,CCTTTT,AATAT,ATCAA
14,1264,VT59000|1|MEMB005B|+|3174,-3.193808317184448,3177,attctt,aatat,cttga
15,1428,VT59000|1|MEMB005D|+|2831,-1.1938083171844482,3177,ACTCTT,CATCT,GATGG
16,1407,VT59000|1|MEMB006A|-|2842,-7.403261661529541,3177,aggtga,cttct,tgatg
17,1196,VT59000|1|MEMB006B|-|2891,-3.193808317184448,3177,ATTCTT,CCTAT,GAAGA
18,1484,VT59000|1|MEMB006C|+|3289,-3.193808317184448,3177,attctt,cctat,tgtga
19,1967,VT59000|1|MEMB007B|+|3421,-0.9307739734649658,3177,tttctg,aattt,gatca
20,1080,VT59000|1|MEMB007C|-|2669,-3.193808317184448,3177,ATTCCT,TGCCT,GAAGA
21,1312,VT59000|1|MEMB007D|-|2691,-3.193808317184448,3177,attctt,aagtt,aatca
22,1626,VT59000|1|MEMB008C|+|3599,-8.403262138366701,3177,attttt,catat,cttaa
23,1719,VT59000|1|dkik|-|3196,-4.201627731323241,3177,GGATAA,GCTGT,TCATA
