,raw,orig_species,score,align_position,sequence,5_before,5_after
0,2870,VT59000|1|MEMB002A|+|2953,2.294227123260498,6378,GTTATC,AGGCGAGGAGT,ATGGG
1,2859,VT59000|1|MEMB002B|-|2942,-4.201627731323241,6378,TTATCC,ATGGGAGGAGT,TGGGG
2,3440,VT59000|1|MEMB002C|+|3521,2.294227123260498,6378,GTTATC,AGGCGAGGAGT,ATGGG
3,3186,VT59000|1|MEMB002F|-|3260,0.04629964381456375,6378,CTTAGC,AGGGAGGGAGT,TAAGG
4,3294,VT59000|1|MEMB003C|+|3382,2.294227123260498,6378,GTTATC,AGGCGAGGAGT,ATGGG
5,3841,VT59000|1|MEMB004A|+|3924,-4.201627731323241,6378,TTATCC,ATGGGAGGAGT,TGGGG
6,3337,VT59000|1|MEMB007B|+|3421,2.294227123260498,6378,GTTATC,AGGCGAGGAGT,ATGGG
