,raw,orig_species,score,align_position,sequence,5_before,5_after
0,2560,VT59000|1|MEMB002B|-|2942,0.04629964381456375,5468,GGAATA,CCCTT,CTATA
1,2867,VT59000|1|MEMB002D|-|3273,1.0925933122634888,5468,AAAATA,CATAC,CAACT
2,2852,VT59000|1|MEMB002F|-|3260,1.0925933122634888,5468,AAAATC,CTCAT,GCTCT
3,3054,VT59000|1|MEMB003F|+|3399,-0.8922998309135437,5468,TAATTT,CAATA,TTCTA
4,3014,VT59000|1|MEMB004A|+|3924,-4.201627731323241,5468,GGATTA,CCCTT,CTATA
5,2939,VT59000|1|MEMB004B|-|3272,-2.155334234237671,5468,AAAGTG,CTTAA,TCATA
6,2837,VT59000|1|MEMB005B|+|3174,1.0925933122634888,5468,AAAATG,TTCCA,CCATA
7,2632,VT59000|1|MEMB006B|-|2891,-3.1553342342376713,5468,AGGAAG,TTATA,CATTA
8,2959,VT59000|1|MEMB006C|+|3289,-2.155334234237671,5468,AAAGTG,CTCAA,CCATA
9,3265,VT59000|1|MEMB008C|+|3599,-2.155334234237671,5468,AAAGCG,TCTCA,CCATA
