,raw,orig_species,score,align_position,sequence,5_before,5_after
0,1638,VT59000|1|MEMB002A|+|2953,2.294227123260498,3339,TTTATC,ATATA,AAAGT
1,1382,VT59000|1|MEMB002B|-|2942,-4.201627731323241,3339,TTATCC,AAACA,AAGTT
2,2212,VT59000|1|MEMB002C|+|3521,2.294227123260498,3339,TTTATC,ATGTA,AAAGT
3,1509,VT59000|1|MEMB002D|-|3273,-2.3073372840881348,3339,TATGGG,ATATA,AAAGC
4,1852,VT59000|1|MEMB002E|-|3354,-1.3073372840881348,3339,TGTTGG,ATATA,AAAGC
5,1426,VT59000|1|MEMB002F|-|3260,-0.05940979719161987,3339,TATATG,ATATA,ATATG
6,1578,VT59000|1|MEMB003A|+|3004,-1.8922997713088991,3339,TTTAAA,ATAAA,AAATC
7,1293,VT59000|1|MEMB003B|-|2858,-4.307337284088135,3339,TCTAAG,ATATA,ACAGC
8,2055,VT59000|1|MEMB003C|+|3382,2.294227123260498,3339,TTTATC,ATATA,AAAGT
9,1705,VT59000|1|MEMB003D|-|3115,-1.8922997713088991,3339,TATAAA,ATAAG,AAAAC
10,1726,VT59000|1|MEMB003F|+|3399,-4.307337284088135,3339,TATAAG,ATACA,AAAGC
11,1375,VT59000|1|MEMB004A|+|3924,-4.201627731323241,3339,TTATCC,AGATA,AAGTT
12,1439,VT59000|1|MEMB004B|-|3272,-4.307337284088135,3339,TATAAG,ATATA,AAAGC
13,1639,VT59000|1|MEMB004E|-|3281,-7.555264949798584,3339,TGCAAG,ATATA,TAAGC
14,1353,VT59000|1|MEMB005B|+|3174,-4.307337284088135,3339,TATAAG,ATATT,AGAGT
15,1484,VT59000|1|MEMB006A|-|2842,1.1077002286911009,3339,TATTGA,TTTTG,AAAGT
16,1285,VT59000|1|MEMB006B|-|2891,-4.307337284088135,3339,TATAAG,ATATT,AAAGC
17,1574,VT59000|1|MEMB006C|+|3289,-4.307337284088135,3339,TATAAG,CTATA,AAAGC
18,2112,VT59000|1|MEMB007B|+|3421,2.3556277751922607,3339,ACTATA,GTATA,AGGGG
19,1136,VT59000|1|MEMB007C|-|2669,-3.3073372840881348,3339,TCTTAG,ATATA,AAAAC
20,1377,VT59000|1|MEMB007D|-|2691,-1.8922997713088991,3339,TCTAAA,ATTCA,TAGTT
21,1715,VT59000|1|MEMB008C|+|3599,-4.307337284088135,3339,TATAAG,ATATA,AAATC
22,1779,VT59000|1|dkik|-|3196,-1.8922997713088991,3339,TATAAA,AAAAG,AAAAC
