,raw,orig_species,score,align_position,sequence,5_before,5_after
0,595,VT44110|0|MEMB002B|+|2595,-7.403261661529541,753,CAATAT,ATCCGACTTTT,GATCC
1,564,VT44110|0|MEMB002D|+|2521,-5.403261661529541,753,CGATGT,ATACTTTAACT,TTTAC
2,599,VT44110|0|MEMB002E|+|2318,-3.1553342342376713,753,GGTTAT,TATTATGTATT,TTTCC
3,604,VT44110|0|MEMB002F|-|2620,-7.403261661529541,753,CGATAT,ATTCATCTTTT,TGTCT
4,552,VT44110|0|MEMB003A|-|2395,-5.201627731323242,753,GGATAC,ATGTTGACCTA,TTTCC
5,592,VT44110|0|MEMB003B|+|2418,-7.403261661529541,753,GGATAT,TATATGTATTA,TTTCC
6,555,VT44110|0|MEMB003D|-|2422,-5.201627731323242,753,GTATAC,ATGTTGACCTA,TTTCC
7,587,VT44110|0|MEMB003F|+|2613,-7.403261661529541,753,GGATAT,ATGCATAATCT,TTCCC
8,626,VT44110|0|MEMB004A|+|2631,-7.403261661529541,753,CAATAT,ATCCGACTTTT,GATCC
9,548,VT44110|0|MEMB004B|-|2431,-7.403261661529541,753,AGATAT,ATACATACATA,CTTCC
10,595,VT44110|0|MEMB004E|+|2515,-5.140227317810059,753,GGATAA,ATGCTTAAACT,CTTCC
11,586,VT44110|0|MEMB005B|-|2376,-5.140227317810059,753,ACATAA,ACTTTTATTCC,TTTCT
12,555,VT44110|0|MEMB005D|-|2406,-7.403261661529541,753,AGATAT,ATGTATAAACT,TGTCC
13,562,VT44110|0|MEMB006A|-|2458,-7.403261661529541,753,GGATAT,ATGTATGTATA,TTTCC
14,594,VT44110|0|MEMB006B|-|2374,-7.403261661529541,753,GAATAT,TATATGGTATA,TTTCC
15,602,VT44110|0|MEMB006C|+|2576,-7.403261661529541,753,GGATAT,ATTAACTTAAC,CTTCC
16,625,VT44110|0|MEMB007C|-|2438,-7.403261661529541,753,GGATAT,TATATGCATTA,TTTCC
17,588,VT44110|0|MEMB007D|+|2608,-3.1553342342376713,753,GGATTT,CGTGCACTTTG,GTTCC
18,542,VT44110|0|MEMB008C|+|2433,-5.201627731323242,753,GGATAC,ATGCCTTAATT,CTTCC
19,555,VT44110|0|dkik|-|2376,-5.201627731323242,753,GGATAC,ATGTTGACCTA,TTTCC
