,raw,orig_species,score,align_position,strand,sequence,5_before,5_after
0,1395,VT44110|0|MEMB002A|+|2492,-4.140227317810059,1955,positive,GTATCA,GAGTG,CAAGT
1,1500,VT44110|0|MEMB002B|+|2595,-4.140227317810059,1955,positive,GTATCA,GGAGA,CAAGT
2,1344,VT44110|0|MEMB002C|+|2444,-4.140227317810059,1955,positive,GTATCA,GAGCA,CAAGT
3,1428,VT44110|0|MEMB002D|+|2521,-3.3073372840881348,1955,positive,GAATTG,GAACA,CAAGT
4,1208,VT44110|0|MEMB002E|+|2318,-0.8922998309135437,1955,positive,GGATTA,GAACA,CATCT
5,1534,VT44110|0|MEMB002F|-|2620,-0.8922998309135437,1955,positive,GTATTA,GGATA,CAAGT
6,1328,VT44110|0|MEMB003A|-|2395,-0.8922998309135437,1955,positive,GGATTA,GAACA,CAAGT
7,1406,VT44110|0|MEMB003B|+|2418,-0.8922998309135437,1955,positive,GAATTA,GCACA,CAAGT
8,1417,VT44110|0|MEMB003C|+|2512,-4.140227317810059,1955,positive,GTATCA,GAGCA,CAAGT
9,1349,VT44110|0|MEMB003D|-|2422,-0.8922998309135437,1955,positive,GGATTA,GAACA,CAAGT
10,1528,VT44110|0|MEMB003F|+|2613,-1.8922997713088991,1955,positive,GGAGTA,GAAAA,CAAGT
11,1530,VT44110|0|MEMB004A|+|2631,-4.140227317810059,1955,positive,GTATCA,GGAGA,CAAGT
12,1340,VT44110|0|MEMB004B|-|2431,0.10770019143819808,1955,positive,GGCTTA,GAACG,CAAGT
13,1450,VT44110|0|MEMB004E|+|2515,-0.8922998309135437,1955,positive,AAATTA,GAACA,CAAGT
14,1323,VT44110|0|MEMB005B|-|2376,0.10770019143819808,1955,positive,GGCTTA,GAACA,CAAGT
15,1322,VT44110|0|MEMB005D|-|2406,-0.8922998309135437,1955,positive,GGATTA,GAACA,CAATT
16,1352,VT44110|0|MEMB006A|-|2458,-0.8922998309135437,1955,positive,GGATTA,GAAGA,CAAGT
17,1262,VT44110|0|MEMB006B|-|2374,-0.8922998309135437,1955,positive,GGATTA,GAACA,CAAGT
18,1480,VT44110|0|MEMB006C|+|2576,-0.8922998309135437,1955,positive,GGATTA,GAAAA,CAAGT
19,1391,VT44110|0|MEMB007B|+|2495,-4.140227317810059,1955,positive,GTATCA,GAACA,CAAGT
20,1420,VT44110|0|MEMB007C|-|2438,-0.8922998309135437,1955,positive,GAATTA,GAACA,CAAGT
21,1509,VT44110|0|MEMB007D|+|2608,-0.8922998309135437,1955,positive,GGATTA,GAACA,CAAGT
22,1369,VT44110|0|MEMB008C|+|2433,-0.8922998309135437,1955,positive,GAATTA,GAACA,CAAGA
23,1307,VT44110|0|dkik|-|2376,-0.8922998309135437,1955,positive,GGATTA,GAACA,CAAGT
