,raw,orig_species,score,align_position,strand,sequence,5_before,5_after
0,556,VT44110|0|MEMB002B|+|2595,-7.555264949798584,696,positive,GGATAG,AATTT,TTGTG
1,565,VT44110|0|MEMB002F|-|2620,-7.555264949798584,696,positive,AAATAG,AATTT,TAGGG
2,532,VT44110|0|MEMB003A|-|2395,-0.8922998309135437,696,positive,GGATTA,AATGC,TAGTG
3,546,VT44110|0|MEMB003B|+|2418,-4.307337284088135,696,positive,GAAATG,AATAT,TAGTG
4,535,VT44110|0|MEMB003D|-|2422,-0.8922998309135437,696,positive,GGATTA,AATGC,TAGTG
5,568,VT44110|0|MEMB003F|+|2613,-0.8922998309135437,696,positive,TAATTA,AAATG,TCTTT
6,587,VT44110|0|MEMB004A|+|2631,-7.555264949798584,696,positive,TGATAG,AATTT,TTGTG
7,514,VT44110|0|MEMB004B|-|2431,-1.8922997713088991,696,positive,GGACTA,AATTC,CAATG
8,550,VT44110|0|MEMB004E|+|2515,-5.140227317810059,696,positive,AAAACA,AATAT,TGAAA
9,552,VT44110|0|MEMB005B|-|2376,-0.8922998309135437,696,positive,AGATTA,GATTC,TGGTG
10,513,VT44110|0|MEMB005D|-|2406,-3.3073372840881348,696,positive,AGATTG,AAATA,TGGTG
11,516,VT44110|0|MEMB006A|-|2458,-0.8922998309135437,696,positive,AGATTA,AAATA,TGGAG
12,567,VT44110|0|MEMB006B|-|2374,-4.307337284088135,696,positive,GAAATG,AATAC,TGGTG
13,559,VT44110|0|MEMB006C|+|2576,-0.8922998309135437,696,positive,AGATTA,AATAC,TGGTG
14,579,VT44110|0|MEMB007C|-|2438,-4.307337284088135,696,positive,GAAATG,AATAC,TAGTG
15,550,VT44110|0|MEMB007D|+|2608,-0.8922998309135437,696,positive,AGCATA,AAAAA,TTTTG
16,503,VT44110|0|MEMB008C|+|2433,-0.8922998309135437,696,positive,AGATTA,AATTA,ACTTG
17,535,VT44110|0|dkik|-|2376,-0.8922998309135437,696,positive,GGATTA,AATGC,TAGTG
