,raw,orig_species,score,align_position,sequence,5_before,5_after
0,680,VT44110|0|MEMB002B|+|2595,-5.201627731323242,854,GTATCT,AAGTT,TCGTT
1,595,VT44110|0|MEMB002C|+|2444,-8.555264472961426,854,CTTTCC,AAGTT,TCGTT
2,638,VT44110|0|MEMB002D|+|2521,-1.8922997713088991,854,TATTAA,TAATT,GTCTC
3,658,VT44110|0|MEMB003B|+|2418,-0.8922998309135437,854,TAATTT,TTATT,AATTT
4,607,VT44110|0|MEMB003C|+|2512,-5.140227317810059,854,TTATCC,AAGAT,TCGTT
5,629,VT44110|0|MEMB003D|-|2422,0.10770019143819808,854,TCTACA,AATCA,AAGAG
6,680,VT44110|0|MEMB003F|+|2613,-1.8922997713088991,854,TTTAAA,AAATT,ATGTT
7,711,VT44110|0|MEMB004A|+|2631,-5.201627731323242,854,GTATCT,AAGTT,ACGTT
8,611,VT44110|0|MEMB006A|-|2458,-0.8922998309135437,854,TTAAAT,AAAAC,TTTTA
9,686,VT44110|0|MEMB006C|+|2576,-6.140227317810059,854,TTTTAA,GAATA,ATATT
10,620,VT44110|0|MEMB007B|+|2495,-5.140227317810059,854,TTATCC,AAGTT,AATTT
11,691,VT44110|0|MEMB007C|-|2438,-3.1402273178100586,854,TCATTT,TTATA,AAATT
12,646,VT44110|0|MEMB007D|+|2608,-7.403261661529541,854,ATATCC,AAGTT,ACGTT
13,624,VT44110|0|MEMB008C|+|2433,-4.140227317810059,854,TTAGAA,CCATT,ATATT
14,629,VT44110|0|dkik|-|2376,0.10770019143819808,854,TCTACA,AATCA,AAGAG
