,raw,orig_species,score,align_position,sequence,5_before,5_after
0,595,VT44110|0|MEMB002B|+|2595,-7.403261661529541,753,CAATAT,ATCCG,GATCC
1,564,VT44110|0|MEMB002D|+|2521,-5.403261661529541,753,CGATGT,ATACT,TTTAC
2,599,VT44110|0|MEMB002E|+|2318,-3.1553342342376713,753,GGTTAT,TATTA,TTTCC
3,604,VT44110|0|MEMB002F|-|2620,-7.403261661529541,753,CGATAT,ATTCA,TGTCT
4,552,VT44110|0|MEMB003A|-|2395,-5.201627731323242,753,GGATAC,ATGTT,TTTCC
5,592,VT44110|0|MEMB003B|+|2418,-7.403261661529541,753,GGATAT,TATAT,TTTCC
6,555,VT44110|0|MEMB003D|-|2422,-5.201627731323242,753,GTATAC,ATGTT,TTTCC
7,587,VT44110|0|MEMB003F|+|2613,-7.403261661529541,753,GGATAT,ATGCA,TTCCC
8,626,VT44110|0|MEMB004A|+|2631,-7.403261661529541,753,CAATAT,ATCCG,GATCC
9,548,VT44110|0|MEMB004B|-|2431,-7.403261661529541,753,AGATAT,ATACA,CTTCC
10,595,VT44110|0|MEMB004E|+|2515,-5.140227317810059,753,GGATAA,ATGCT,CTTCC
11,586,VT44110|0|MEMB005B|-|2376,-5.140227317810059,753,ACATAA,ACTTT,TTTCT
12,555,VT44110|0|MEMB005D|-|2406,-7.403261661529541,753,AGATAT,ATGTA,TGTCC
13,562,VT44110|0|MEMB006A|-|2458,-7.403261661529541,753,GGATAT,ATGTA,TTTCC
14,594,VT44110|0|MEMB006B|-|2374,-7.403261661529541,753,GAATAT,TATAT,TTTCC
15,602,VT44110|0|MEMB006C|+|2576,-7.403261661529541,753,GGATAT,ATTAA,CTTCC
16,625,VT44110|0|MEMB007C|-|2438,-7.403261661529541,753,GGATAT,TATAT,TTTCC
17,588,VT44110|0|MEMB007D|+|2608,-3.1553342342376713,753,GGATTT,CGTGC,GTTCC
18,542,VT44110|0|MEMB008C|+|2433,-5.201627731323242,753,GGATAC,ATGCC,CTTCC
19,555,VT44110|0|dkik|-|2376,-5.201627731323242,753,GGATAC,ATGTT,TTTCC
