,raw,orig_species,score,align_position,sequence,5_before,5_after
0,1518,VT44110|0|MEMB002D|+|2521,-4.307337284088135,2071,GAAATG,AGAAAGAGAGA,GTGTG
1,1302,VT44110|0|MEMB002E|+|2318,0.902116060256958,2071,GAGGTG,TAAGAAAGAAT,GGTGT
2,1503,VT44110|0|MEMB003B|+|2418,-1.8922997713088991,2071,GAAATA,AGACTGAGAGA,GTGTG
3,1628,VT44110|0|MEMB003F|+|2613,-4.307337284088135,2071,AGAATG,AGAGAATGAGT,GTGTA
4,1434,VT44110|0|MEMB004B|-|2431,0.902116060256958,2071,GGGATG,CGAGAATGAGA,GGTGT
5,1537,VT44110|0|MEMB004E|+|2515,0.902116060256958,2071,GGGATG,AGAGAGAGAGC,AGTGT
6,1410,VT44110|0|MEMB005B|-|2376,-5.201627731323242,2071,GGATAC,AAGAGGGAGAG,GTGAG
7,1408,VT44110|0|MEMB005D|-|2406,-4.307337284088135,2071,GAAATG,AGAGAGAGAGA,GTGTG
8,1436,VT44110|0|MEMB006A|-|2458,-4.307337284088135,2071,GAAATG,AGAGAGAGAAT,GTGTG
9,1353,VT44110|0|MEMB006B|-|2374,-4.307337284088135,2071,GGAATG,CGAGAGAGAGG,GTGTG
10,1574,VT44110|0|MEMB006C|+|2576,-4.307337284088135,2071,GGAATG,AGAGAGAGAGA,GGTGT
11,1510,VT44110|0|MEMB007C|-|2438,-1.8922997713088991,2071,GGAATA,GAGAGAGAGCG,GTGTG
12,1459,VT44110|0|MEMB008C|+|2433,-5.140227317810059,2071,GGATAA,GAGAGAGAGGG,GTGTG
