,raw,orig_species,score,align_position,sequence,5_before,5_after
0,779,VT44110|0|MEMB002D|+|2521,-4.155333995819092,1013,TAAATT,TAAATATAAAA,TTACA
1,764,VT44110|0|MEMB002F|-|2620,-4.155333995819092,1013,TGTAAT,TTAGTTTCCCA,TTAAG
2,729,VT44110|0|MEMB003A|-|2395,-4.201627731323241,1013,TAATCC,ATTATATTTTA,TTTTT
3,805,VT44110|0|MEMB003B|+|2418,-1.8922997713088991,1013,TAACTA,AAAATAAATAA,TTTCG
4,745,VT44110|0|MEMB003D|-|2422,-4.201627731323241,1013,TAATCC,ATTATATTTTA,TTTTT
5,740,VT44110|0|MEMB004B|-|2431,3.3556277751922607,1013,TATTTA,TTAATATTTTG,TGTAG
6,790,VT44110|0|MEMB004E|+|2515,0.10770019143819808,1013,TATTCA,TTAATATTTTA,TTTAG
7,767,VT44110|0|MEMB005B|-|2376,3.3556277751922607,1013,TATTTA,TTAATATTTTA,TGTAG
8,741,VT44110|0|MEMB006A|-|2458,0.10770019143819808,1013,TCCTTA,TTAATATTTTC,TTTGG
9,837,VT44110|0|MEMB006C|+|2576,3.3556277751922607,1013,TATTTA,TTAATGGAATT,TTTAG
10,832,VT44110|0|MEMB007C|-|2438,-1.8922997713088991,1013,TAACTA,AAAATGACTGC,ATTCG
11,787,VT44110|0|MEMB007D|+|2608,3.294227123260498,1013,GGTTTC,ATTTTATTTTA,TCTTA
12,748,VT44110|0|MEMB008C|+|2433,-1.8922997713088991,1013,TATAAA,ATAATATTTTA,TTTAG
13,744,VT44110|0|dkik|-|2376,-4.201627731323241,1013,TAATCC,TTTATATTTTA,TTTTT
