,raw,orig_species,score,align_position,strand,sequence,5_before,5_after
0,21,VT44110|0|MEMB002A|+|2492,-6.555264949798584,41,positive,ACAAGG,TCAGG,GAGAA
1,7,VT44110|0|MEMB002C|+|2444,-6.555264949798584,41,positive,ACAAGG,,GAGAA
2,4,VT44110|0|MEMB002D|+|2521,-5.555264949798584,41,positive,AACGGG,GCTCT,GAGAA
3,16,VT44110|0|MEMB002E|+|2318,-8.555264472961426,41,positive,ATAGAG,TCAGT,AAGAA
4,25,VT44110|0|MEMB002F|-|2620,-8.555264472961426,41,positive,AAAAAG,TTAAC,GAGAA
5,7,VT44110|0|MEMB003A|-|2395,-5.140227317810059,41,positive,GGATAA,,AAAAG
6,12,VT44110|0|MEMB003B|+|2418,-2.3073372840881348,41,positive,ATTGGG,CCAGT,GACAA
7,19,VT44110|0|MEMB003C|+|2512,-6.555264949798584,41,positive,ACAAGG,TAAGG,GAGAA
8,13,VT44110|0|MEMB003D|-|2422,-6.140227317810059,41,positive,GGAAAA,TTTAA,AATAG
9,19,VT44110|0|MEMB003F|+|2613,-5.555264949798584,41,positive,TGCAGG,TCAGT,GAAAA
10,25,VT44110|0|MEMB004A|+|2631,2.3556277751922607,41,positive,GTTCTA,TTTCT,AACAA
11,19,VT44110|0|MEMB004B|-|2431,-3.1402273178100586,41,positive,ATATGA,TTAGC,GAGAA
12,24,VT44110|0|MEMB004E|+|2515,-6.140227317810059,41,positive,GAAAAA,CTAAA,TGAGA
13,12,VT44110|0|MEMB005B|-|2376,-1.8922997713088991,41,positive,AATGAA,TCAAC,AGAAA
14,7,VT44110|0|MEMB005D|-|2406,-4.155333995819092,41,positive,TAACTT,,AGAAA
15,19,VT44110|0|MEMB006B|-|2374,-2.3073372840881348,41,positive,AATGGG,TTAGT,GAAAA
16,17,VT44110|0|MEMB006C|+|2576,-6.140227317810059,41,positive,AAAGAA,TCAGT,AGAAA
17,20,VT44110|0|MEMB007B|+|2495,-6.555264949798584,41,positive,ACAGGG,TAAGG,GAGAA
18,41,VT44110|0|MEMB007C|-|2438,-6.555264949798584,41,positive,ATAGGG,CCAGT,GACAA
19,7,VT44110|0|MEMB007D|+|2608,-8.555264472961426,41,positive,GAAAAG,,TGTGC
20,22,VT44110|0|MEMB008C|+|2433,-0.8922998309135437,41,positive,AATTAA,TCAGT,AGAAA
21,10,VT44110|0|dkik|-|2376,-6.140227317810059,41,positive,GGAAAA,,AAAAG
