,raw,orig_species,score,align_position,sequence,5_before,5_after
0,1219,VT44110|0|MEMB002A|+|2492,-5.140227317810059,1745,TTATTT,ATGCA,TCCTA
1,1330,VT44110|0|MEMB002B|+|2595,-5.140227317810059,1745,TTATTT,ATGGA,TCCTT
2,1169,VT44110|0|MEMB002C|+|2444,-5.140227317810059,1745,TTATTT,ATGCA,TCCTA
3,1327,VT44110|0|MEMB002D|+|2521,-3.1402273178100586,1745,tcatcc,aggga,ataat
4,1088,VT44110|0|MEMB002E|+|2318,-3.1553342342376713,1745,AAATCC,ATTGA,ATAAC
5,1347,VT44110|0|MEMB002F|-|2620,-5.140227317810059,1745,TTATGT,ATGGA,TCAAT
6,1206,VT44110|0|MEMB003A|-|2395,-0.8922998309135437,1745,TAATCC,ATGGA,ATTAG
7,1300,VT44110|0|MEMB003B|+|2418,-0.8922998309135437,1745,TAATCC,ATGGG,ATAAT
8,1241,VT44110|0|MEMB003C|+|2512,-5.140227317810059,1745,TTATTT,ATGCA,TCCTA
9,1226,VT44110|0|MEMB003D|-|2422,-0.8922998309135437,1745,TAATCC,ATGGA,ATTAG
10,1351,VT44110|0|MEMB003F|+|2613,-7.555264949798584,1745,CTATTT,TCTGG,CTCTT
11,1361,VT44110|0|MEMB004A|+|2631,-5.140227317810059,1745,TTATTT,ATGGA,TCCTT
12,1223,VT44110|0|MEMB004B|-|2431,-4.140227317810059,1745,TGATCC,ATGGA,ATAAA
13,1342,VT44110|0|MEMB004E|+|2515,0.10770019143819808,1745,TAAGAT,ATGGA,TTGAT
14,1213,VT44110|0|MEMB005B|-|2376,-4.140227317810059,1745,TTAGCC,ATGGG,ATAAA
15,1145,VT44110|0|MEMB006B|-|2374,-0.8922998309135437,1745,TAATCC,ATGGA,ATAAT
16,1363,VT44110|0|MEMB006C|+|2576,0.10770019143819808,1745,TAAGTC,ATGGA,ATAAA
17,1210,VT44110|0|MEMB007B|+|2495,-5.140227317810059,1745,TTATTT,ATGCA,TCCTA
18,1303,VT44110|0|MEMB007C|-|2438,-0.8922998309135437,1745,TAATCC,ATGAA,GTAAT
19,1373,VT44110|0|MEMB007D|+|2608,4.317153453826903,1745,TAACTC,TCACC,CAATA
20,1256,VT44110|0|MEMB008C|+|2433,0.10770019143819808,1745,TAAGCC,ATGAA,ATACA
21,1199,VT44110|0|dkik|-|2376,-3.1553342342376713,1745,AAATCC,ATGTA,ATTAG
