,raw,orig_species,score,align_position,sequence,5_before,5_after
0,1219,VT44110|0|MEMB002A|+|2492,-5.140227317810059,1745,AAATAA,TGCATTCATTT,TAGGA
1,1330,VT44110|0|MEMB002B|+|2595,-5.140227317810059,1745,AAATAA,TCCATTCACTT,AAGGA
2,1169,VT44110|0|MEMB002C|+|2444,-5.140227317810059,1745,AAATAA,TGCATTAATTG,TAGGA
3,1327,VT44110|0|MEMB002D|+|2521,-3.1402273178100586,1745,GGATGA,TCCCTTTCTTT,ATTAT
4,1088,VT44110|0|MEMB002E|+|2318,-3.1553342342376713,1745,GGATTT,TCAATTCATTT,GTTAT
5,1347,VT44110|0|MEMB002F|-|2620,-5.140227317810059,1745,ACATAA,TCCATTAATTT,ATTGA
6,1206,VT44110|0|MEMB003A|-|2395,-0.8922998309135437,1745,GGATTA,TCCATTAATTT,CTAAT
7,1300,VT44110|0|MEMB003B|+|2418,-0.8922998309135437,1745,GGATTA,CCCATTAATTT,ATTAT
8,1241,VT44110|0|MEMB003C|+|2512,-5.140227317810059,1745,AAATAA,TGCATTAATTG,TAGGA
9,1226,VT44110|0|MEMB003D|-|2422,-0.8922998309135437,1745,GGATTA,TCCATTAATTT,CTAAT
10,1351,VT44110|0|MEMB003F|+|2613,-7.555264949798584,1745,AAATAG,CCAGAGCAACG,AAGAG
11,1361,VT44110|0|MEMB004A|+|2631,-5.140227317810059,1745,AAATAA,TCCATTCACTT,AAGGA
12,1223,VT44110|0|MEMB004B|-|2431,-4.140227317810059,1745,GGATCA,TCCATTAATTC,TTTAT
13,1342,VT44110|0|MEMB004E|+|2515,0.10770019143819808,1745,ATCTTA,TCCATTAATTC,ATCAA
14,1213,VT44110|0|MEMB005B|-|2376,-4.140227317810059,1745,GGCTAA,CCCATTAATGA,TTTAT
15,1145,VT44110|0|MEMB006B|-|2374,-0.8922998309135437,1745,GGATTA,TCCATTAATTT,ATTAT
16,1363,VT44110|0|MEMB006C|+|2576,0.10770019143819808,1745,GACTTA,TCCATTATTTC,TTTAT
17,1210,VT44110|0|MEMB007B|+|2495,-5.140227317810059,1745,AAATAA,TGCATTAATTT,TAGGA
18,1303,VT44110|0|MEMB007C|-|2438,-0.8922998309135437,1745,GGATTA,TTCATTAATTT,ATTAC
19,1373,VT44110|0|MEMB007D|+|2608,4.317153453826903,1745,GAGTTA,GGTGAAAATTA,TATTG
20,1256,VT44110|0|MEMB008C|+|2433,0.10770019143819808,1745,GGCTTA,TTCATTATTTC,TGTAT
21,1199,VT44110|0|dkik|-|2376,-3.1553342342376713,1745,GGATTT,TACATTAATTT,CTAAT
