,raw,orig_species,score,align_position,sequence,5_before,5_after
0,702,VT44110|0|MEMB002A|+|2492,-0.8922998309135437,995,TTAAAT,CTTAA,TCAAA
1,798,VT44110|0|MEMB002B|+|2595,3.3556277751922607,995,TAAAAT,CTAAA,TCGAA
2,709,VT44110|0|MEMB002C|+|2444,0.10770019143819808,995,TGAAAT,CTTAA,TCAAA
3,761,VT44110|0|MEMB002D|+|2521,-5.140227317810059,995,ttatcc,tttta,ctttt
4,746,VT44110|0|MEMB002F|-|2620,-3.193808317184448,995,ATCCTT,GTTCC,TTGGG
5,787,VT44110|0|MEMB003B|+|2418,-5.140227317810059,995,TTATTT,TTTAA,TTTAT
6,721,VT44110|0|MEMB003C|+|2512,3.3556277751922607,995,TAAAAT,CTTAA,TCAAA
7,788,VT44110|0|MEMB003F|+|2613,0.09259329736232758,995,AAGATT,TTATG,AAAAT
8,829,VT44110|0|MEMB004A|+|2631,3.3556277751922607,995,TAAAAT,CTAAA,TCGAA
9,775,VT44110|0|MEMB004E|+|2515,-1.9537003040313718,995,GAGTTA,TCTTT,AAATA
10,710,VT44110|0|MEMB005D|-|2406,-1.9537003040313718,995,GAGTTA,TTGTG,TAATA
11,730,VT44110|0|MEMB006A|-|2458,3.294227123260498,995,GAAAAT,TTATG,ATTAA
12,821,VT44110|0|MEMB006C|+|2576,-5.140227317810059,995,TTATTA,TTTTG,ATTCC
13,815,VT44110|0|MEMB007C|-|2438,-5.140227317810059,995,TTATTT,TTTTA,GCAGT
