,raw,orig_species,score,align_position,sequence,5_before,5_after
0,567,VT44110|0|MEMB002B|+|2595,-4.201627731323241,715,GGATAA,CACAA,ACAGT
1,565,VT44110|0|MEMB002E|+|2318,0.007825496606528759,715,GGTCAA,CATCA,ACATT
2,576,VT44110|0|MEMB002F|-|2620,-5.140227317810059,715,TGTTAA,CCCTA,ACAGT
3,543,VT44110|0|MEMB003A|-|2395,0.007825496606528759,715,GGTCAA,CACTA,CATGT
4,557,VT44110|0|MEMB003B|+|2418,0.007825496606528759,715,GGTCAG,CACTA,GCATT
5,546,VT44110|0|MEMB003D|-|2422,0.007825496606528759,715,GGTCAA,CACTA,CATGT
6,598,VT44110|0|MEMB004A|+|2631,-4.201627731323241,715,GGATAA,CACAA,ACAGT
7,569,VT44110|0|MEMB004E|+|2515,-2.193808317184448,715,AGTCAG,CACCA,ACGAA
8,563,VT44110|0|MEMB005B|-|2376,-2.193808317184448,715,AGTCAG,CACCA,ACATT
9,524,VT44110|0|MEMB005D|-|2406,0.007825496606528759,715,GGCCAA,CACCA,ACATT
10,527,VT44110|0|MEMB006A|-|2458,1.0078254938125608,715,GGACAA,CTCCA,ATATT
11,578,VT44110|0|MEMB006B|-|2374,-2.193808317184448,715,AGTCAT,CACCA,ATACC
12,570,VT44110|0|MEMB006C|+|2576,-3.1553342342376713,715,AGTAAG,CACCA,ATATT
13,590,VT44110|0|MEMB007C|-|2438,0.007825496606528759,715,GGTCAA,CACTA,GTATT
14,561,VT44110|0|MEMB007D|+|2608,-3.1553342342376713,715,AGTATA,CAAAA,GCTGG
15,511,VT44110|0|MEMB008C|+|2433,-2.193808317184448,715,AGTCAG,TCTCA,ACATT
16,546,VT44110|0|dkik|-|2376,0.007825496606528759,715,GGTCAA,CACTA,CATGT
