,raw,orig_species,score,align_position,sequence,5_before,5_after
0,1488,VT44110|0|MEMB002B|+|2595,-6.140227317810059,1943,TTCTCC,ATTTT,GCACT
1,1332,VT44110|0|MEMB002C|+|2444,-0.9307739734649658,1943,TTGCTC,ACACT,GCACT
2,1416,VT44110|0|MEMB002D|+|2521,-6.140227317810059,1943,TTGTTC,ACACT,AGCCT
3,1196,VT44110|0|MEMB002E|+|2318,-6.140227317810059,1943,TTGTTC,ACACT,GGCCT
4,1522,VT44110|0|MEMB002F|-|2620,-5.140227317810059,1943,TTATCC,ACACT,GCACT
5,1316,VT44110|0|MEMB003A|-|2395,-6.140227317810059,1943,TTGTTC,ACACT,GGCCT
6,1394,VT44110|0|MEMB003B|+|2418,-6.140227317810059,1943,TTGTGC,ACACT,GGCCT
7,1405,VT44110|0|MEMB003C|+|2512,-0.9307739734649658,1943,TTGCTC,ACACT,GCACT
8,1337,VT44110|0|MEMB003D|-|2422,-6.140227317810059,1943,TTGTTC,ACACT,GGCCT
9,1516,VT44110|0|MEMB003F|+|2613,-6.140227317810059,1943,TTTTTC,ACACT,GGCCT
10,1518,VT44110|0|MEMB004A|+|2631,-6.140227317810059,1943,TTCTCC,AACTT,GCACT
11,1328,VT44110|0|MEMB004B|-|2431,-4.140227317810059,1943,TCGTTC,ACACT,GGCCT
12,1438,VT44110|0|MEMB004E|+|2515,-6.140227317810059,1943,TTGTTC,ACACT,GGCCT
13,1311,VT44110|0|MEMB005B|-|2376,-6.140227317810059,1943,TTGTTC,ACACT,GGCCT
14,1310,VT44110|0|MEMB005D|-|2406,-6.140227317810059,1943,TTGTTC,ACAGT,GGCCT
15,1340,VT44110|0|MEMB006A|-|2458,-6.140227317810059,1943,TTCTTC,ACAGT,GGCCT
16,1250,VT44110|0|MEMB006B|-|2374,-6.140227317810059,1943,TTGTTC,TCACT,GGCCT
17,1468,VT44110|0|MEMB006C|+|2576,-6.140227317810059,1943,TTTTTC,ACACT,GGCCT
18,1379,VT44110|0|MEMB007B|+|2495,-6.140227317810059,1943,TTGTTC,ACACT,GCACT
19,1408,VT44110|0|MEMB007C|-|2438,-6.140227317810059,1943,TTGTTC,ACACT,GGCCT
20,1497,VT44110|0|MEMB007D|+|2608,-6.140227317810059,1943,TTGTTC,ACACT,GGCCT
21,1357,VT44110|0|MEMB008C|+|2433,-6.140227317810059,1943,TTGTTC,ACACT,GGCCT
22,1295,VT44110|0|dkik|-|2376,-6.140227317810059,1943,TTGTTC,ACACT,GGCCT
