,raw,orig_species,score,align_position,sequence,5_before,5_after
0,556,VT44110|0|MEMB002B|+|2595,-7.555264949798584,696,CTATCC,ATAAA,CACAA
1,565,VT44110|0|MEMB002F|-|2620,-7.555264949798584,696,CTATTT,AAAAA,CCCTA
2,532,VT44110|0|MEMB003A|-|2395,-0.8922998309135437,696,TAATCC,CAAAA,CACTA
3,546,VT44110|0|MEMB003B|+|2418,-4.307337284088135,696,CATTTC,AAAAA,CACTA
4,535,VT44110|0|MEMB003D|-|2422,-0.8922998309135437,696,TAATCC,CAAAA,CACTA
5,568,VT44110|0|MEMB003F|+|2613,-0.8922998309135437,696,TAATTA,CAAAA,AAAGA
6,587,VT44110|0|MEMB004A|+|2631,-7.555264949798584,696,CTATCA,AAAAA,CACAA
7,514,VT44110|0|MEMB004B|-|2431,-1.8922997713088991,696,TAGTCC,AAAAA,CATTG
8,550,VT44110|0|MEMB004E|+|2515,-5.140227317810059,696,TGTTTT,AAAAT,TTTCA
9,552,VT44110|0|MEMB005B|-|2376,-0.8922998309135437,696,TAATCT,GAAAA,CACCA
10,513,VT44110|0|MEMB005D|-|2406,-3.3073372840881348,696,CAATCT,AAAAT,CACCA
11,516,VT44110|0|MEMB006A|-|2458,-0.8922998309135437,696,TAATCT,AAAAA,CTCCA
12,567,VT44110|0|MEMB006B|-|2374,-4.307337284088135,696,CATTTC,AACAA,CACCA
13,559,VT44110|0|MEMB006C|+|2576,-0.8922998309135437,696,TAATCT,AAAAA,CACCA
14,579,VT44110|0|MEMB007C|-|2438,-4.307337284088135,696,CATTTC,AAAAA,CACTA
15,550,VT44110|0|MEMB007D|+|2608,-0.8922998309135437,696,TATGCT,AAGTA,CAAAA
16,503,VT44110|0|MEMB008C|+|2433,-0.8922998309135437,696,TAATCT,AAAAA,CAAGT
17,535,VT44110|0|dkik|-|2376,-0.8922998309135437,696,TAATCC,CAAAA,CACTA
