,raw,orig_species,score,align_position,sequence,5_before,5_after
0,21,VT44110|0|MEMB002A|+|2492,-6.555264949798584,41,ACAAGG,GGTCT,GAGAA
1,7,VT44110|0|MEMB002C|+|2444,-6.555264949798584,41,ACAAGG,GGTCT,GAGAA
2,4,VT44110|0|MEMB002D|+|2521,-5.555264949798584,41,AACGGG,,GAGAA
3,16,VT44110|0|MEMB002E|+|2318,-8.555264472961426,41,ATAGAG,CTCAT,AAGAA
4,25,VT44110|0|MEMB002F|-|2620,-8.555264472961426,41,AAAAAG,GGGTC,GAGAA
5,7,VT44110|0|MEMB003A|-|2395,-5.140227317810059,41,GGATAA,AGAGT,AAAAG
6,12,VT44110|0|MEMB003B|+|2418,-2.3073372840881348,41,ATTGGG,GAAAT,GACAA
7,19,VT44110|0|MEMB003C|+|2512,-6.555264949798584,41,ACAAGG,GGTCT,GAGAA
8,13,VT44110|0|MEMB003D|-|2422,-6.140227317810059,41,GGAAAA,AGAGT,AATAG
9,19,VT44110|0|MEMB003F|+|2613,-5.555264949798584,41,TGCAGG,AAAAG,GAAAA
10,25,VT44110|0|MEMB004A|+|2631,2.3556277751922607,41,GTTCTA,GAGCT,AACAA
11,19,VT44110|0|MEMB004B|-|2431,-3.1402273178100586,41,ATATGA,AATAT,GAGAA
12,24,VT44110|0|MEMB004E|+|2515,-6.140227317810059,41,GAAAAA,AGTAT,TGAGA
13,12,VT44110|0|MEMB005B|-|2376,-1.8922997713088991,41,AATGAA,AACAT,AGAAA
14,7,VT44110|0|MEMB005D|-|2406,-4.155333995819092,41,TAACTT,AAAAT,AGAAA
15,19,VT44110|0|MEMB006B|-|2374,-2.3073372840881348,41,AATGGG,AAAAT,GAAAA
16,17,VT44110|0|MEMB006C|+|2576,-6.140227317810059,41,AAAGAA,AGCAA,AGAAA
17,20,VT44110|0|MEMB007B|+|2495,-6.555264949798584,41,ACAGGG,GGTAT,GAGAA
18,41,VT44110|0|MEMB007C|-|2438,-6.555264949798584,41,ATAGGG,GAAAT,GACAA
19,7,VT44110|0|MEMB007D|+|2608,-8.555264472961426,41,GAAAAG,CTGGT,TGTGC
20,22,VT44110|0|MEMB008C|+|2433,-0.8922998309135437,41,AATTAA,AACAT,AGAAA
21,10,VT44110|0|dkik|-|2376,-6.140227317810059,41,GGAAAA,AGAGT,AAAAG
