,raw,orig_species,score,align_position,sequence,5_before,5_after
0,496,VT44110|0|MEMB002A|+|2492,-4.201627731323241,581,GTATCC,AAACTTTGAAA,AATTT
1,477,VT44110|0|MEMB002B|+|2595,-6.403261661529541,581,GTATCT,AAACTTTGTGA,AATTT
2,502,VT44110|0|MEMB002C|+|2444,-5.201627731323242,581,AAACCC,AAACTTTGTAA,TATTA
3,480,VT44110|0|MEMB002D|+|2521,-1.9537003040313718,581,AAAATC,AAATTGTTTTA,CATTT
4,510,VT44110|0|MEMB002E|+|2318,-6.403261661529541,581,TAAAGT,AATATTATTGA,AAATT
5,502,VT44110|0|MEMB002F|-|2620,-4.201627731323241,581,TTATCC,ATACTTTGTAA,CGAAA
6,478,VT44110|0|MEMB003B|+|2418,-8.403262138366701,581,TAAAAT,CATAATTTTTA,AACTT
7,514,VT44110|0|MEMB003C|+|2512,-5.201627731323242,581,AAACCC,AAACTTTGTAA,TATTA
8,499,VT44110|0|MEMB003F|+|2613,-1.9537003040313718,581,AAAATC,ATATTATTTTA,AATTC
9,508,VT44110|0|MEMB004A|+|2631,0.04629964381456375,581,GTTTCC,AAACTTTGTAA,AATTT
10,490,VT44110|0|MEMB004E|+|2515,-8.403262138366701,581,TTAAAT,CATATTTTTTA,AAGAT
11,483,VT44110|0|MEMB005B|-|2376,3.3556277751922607,581,TTTTTA,ATATTTTTTTA,TAAAT
12,497,VT44110|0|MEMB006B|-|2374,-8.403262138366701,581,TAAAAT,CATAATTTTTA,AACTT
13,486,VT44110|0|MEMB006C|+|2576,-8.403262138366701,581,TGAAAT,CATATTTTTTA,AAAAC
14,517,VT44110|0|MEMB007B|+|2495,0.04629964381456375,581,GTTTCC,AAACTTTGTAA,AATCT
15,512,VT44110|0|MEMB007C|-|2438,-8.403262138366701,581,TAAAAT,TATAATTTTTA,TACTT
16,487,VT44110|0|MEMB007D|+|2608,0.06922604143619537,581,TAGACA,AACCTTTTTTA,ATTTA
