,raw,orig_species,score,align_position,sequence,5_before,5_after
0,556,VT44110|0|MEMB002B|+|2595,-7.555264949798584,696,GGATAG,TTTAT,TTGTG
1,565,VT44110|0|MEMB002F|-|2620,-7.555264949798584,696,AAATAG,TTTTT,TAGGG
2,532,VT44110|0|MEMB003A|-|2395,-0.8922998309135437,696,GGATTA,TTTTG,TAGTG
3,546,VT44110|0|MEMB003B|+|2418,-4.307337284088135,696,GAAATG,TTTTT,TAGTG
4,535,VT44110|0|MEMB003D|-|2422,-0.8922998309135437,696,GGATTA,TTTTG,TAGTG
5,568,VT44110|0|MEMB003F|+|2613,-0.8922998309135437,696,TAATTA,TTTTG,TCTTT
6,587,VT44110|0|MEMB004A|+|2631,-7.555264949798584,696,TGATAG,TTTTT,TTGTG
7,514,VT44110|0|MEMB004B|-|2431,-1.8922997713088991,696,GGACTA,TTTTT,CAATG
8,550,VT44110|0|MEMB004E|+|2515,-5.140227317810059,696,AAAACA,ATTTT,TGAAA
9,552,VT44110|0|MEMB005B|-|2376,-0.8922998309135437,696,AGATTA,TTTTC,TGGTG
10,513,VT44110|0|MEMB005D|-|2406,-3.3073372840881348,696,AGATTG,ATTTT,TGGTG
11,516,VT44110|0|MEMB006A|-|2458,-0.8922998309135437,696,AGATTA,TTTTT,TGGAG
12,567,VT44110|0|MEMB006B|-|2374,-4.307337284088135,696,GAAATG,TTGTT,TGGTG
13,559,VT44110|0|MEMB006C|+|2576,-0.8922998309135437,696,AGATTA,TTTTT,TGGTG
14,579,VT44110|0|MEMB007C|-|2438,-4.307337284088135,696,GAAATG,TTTTT,TAGTG
15,550,VT44110|0|MEMB007D|+|2608,-0.8922998309135437,696,AGCATA,TACTT,TTTTG
16,503,VT44110|0|MEMB008C|+|2433,-0.8922998309135437,696,AGATTA,TTTTT,ACTTG
17,535,VT44110|0|dkik|-|2376,-0.8922998309135437,696,GGATTA,TTTTG,TAGTG
