,raw,orig_species,score,align_position,sequence,5_before,5_after
0,1395,VT44110|0|MEMB002A|+|2492,-4.140227317810059,1955,TGATAC,CACTT,ACTTG
1,1500,VT44110|0|MEMB002B|+|2595,-4.140227317810059,1955,TGATAC,CACTT,ACTTG
2,1344,VT44110|0|MEMB002C|+|2444,-4.140227317810059,1955,TGATAC,CACTT,ACTTG
3,1428,VT44110|0|MEMB002D|+|2521,-3.3073372840881348,1955,CAATTC,GCCTT,ACTTG
4,1208,VT44110|0|MEMB002E|+|2318,-0.8922998309135437,1955,TAATCC,GCCTT,AGATG
5,1534,VT44110|0|MEMB002F|-|2620,-0.8922998309135437,1955,TAATAC,CACTT,ACTTG
6,1328,VT44110|0|MEMB003A|-|2395,-0.8922998309135437,1955,TAATCC,GCCTT,ACTTG
7,1406,VT44110|0|MEMB003B|+|2418,-0.8922998309135437,1955,TAATTC,GCCTT,ACTTG
8,1417,VT44110|0|MEMB003C|+|2512,-4.140227317810059,1955,TGATAC,CACTT,ACTTG
9,1349,VT44110|0|MEMB003D|-|2422,-0.8922998309135437,1955,TAATCC,GCCTT,ACTTG
10,1528,VT44110|0|MEMB003F|+|2613,-1.8922997713088991,1955,TACTCC,GCCTC,ACTTG
11,1530,VT44110|0|MEMB004A|+|2631,-4.140227317810059,1955,TGATAC,CACTT,ACTTG
12,1340,VT44110|0|MEMB004B|-|2431,0.10770019143819808,1955,TAAGCC,GCCTC,ACTTG
13,1450,VT44110|0|MEMB004E|+|2515,-0.8922998309135437,1955,TAATTT,GCCTC,ACTTG
14,1323,VT44110|0|MEMB005B|-|2376,0.10770019143819808,1955,TAAGCC,GCCTC,ACTTG
15,1322,VT44110|0|MEMB005D|-|2406,-0.8922998309135437,1955,TAATCC,GCCTT,AATTG
16,1352,VT44110|0|MEMB006A|-|2458,-0.8922998309135437,1955,TAATCC,GCCTT,ACTTG
17,1262,VT44110|0|MEMB006B|-|2374,-0.8922998309135437,1955,TAATCC,GCCTT,ACTTG
18,1480,VT44110|0|MEMB006C|+|2576,-0.8922998309135437,1955,TAATCC,GCCTC,ACTTG
19,1391,VT44110|0|MEMB007B|+|2495,-4.140227317810059,1955,TGATAC,CACTT,ACTTG
20,1420,VT44110|0|MEMB007C|-|2438,-0.8922998309135437,1955,TAATTC,GCCTT,ACTTG
21,1509,VT44110|0|MEMB007D|+|2608,-0.8922998309135437,1955,TAATCC,GCCTT,ACTTG
22,1369,VT44110|0|MEMB008C|+|2433,-0.8922998309135437,1955,TAATTC,GCCTC,TCTTG
23,1307,VT44110|0|dkik|-|2376,-0.8922998309135437,1955,TAATCC,GCCTT,ACTTG
