,raw,orig_species,score,align_position,strand,sequence,5_before,5_after
0,595,VT44110|0|MEMB002B|+|2595,-7.403261661529541,753,positive,CAATAT,CTTTT,GATCC
1,564,VT44110|0|MEMB002D|+|2521,-5.403261661529541,753,positive,CGATGT,TAACT,TTTAC
2,599,VT44110|0|MEMB002E|+|2318,-3.1553342342376713,753,positive,GGTTAT,GTATT,TTTCC
3,604,VT44110|0|MEMB002F|-|2620,-7.403261661529541,753,positive,CGATAT,CTTTT,TGTCT
4,552,VT44110|0|MEMB003A|-|2395,-5.201627731323242,753,positive,GGATAC,ACCTA,TTTCC
5,592,VT44110|0|MEMB003B|+|2418,-7.403261661529541,753,positive,GGATAT,TATTA,TTTCC
6,555,VT44110|0|MEMB003D|-|2422,-5.201627731323242,753,positive,GTATAC,ACCTA,TTTCC
7,587,VT44110|0|MEMB003F|+|2613,-7.403261661529541,753,positive,GGATAT,AATCT,TTCCC
8,626,VT44110|0|MEMB004A|+|2631,-7.403261661529541,753,positive,CAATAT,CTTTT,GATCC
9,548,VT44110|0|MEMB004B|-|2431,-7.403261661529541,753,positive,AGATAT,ACATA,CTTCC
10,595,VT44110|0|MEMB004E|+|2515,-5.140227317810059,753,positive,GGATAA,AAACT,CTTCC
11,586,VT44110|0|MEMB005B|-|2376,-5.140227317810059,753,positive,ACATAA,ATTCC,TTTCT
12,555,VT44110|0|MEMB005D|-|2406,-7.403261661529541,753,positive,AGATAT,AAACT,TGTCC
13,562,VT44110|0|MEMB006A|-|2458,-7.403261661529541,753,positive,GGATAT,GTATA,TTTCC
14,594,VT44110|0|MEMB006B|-|2374,-7.403261661529541,753,positive,GAATAT,GTATA,TTTCC
15,602,VT44110|0|MEMB006C|+|2576,-7.403261661529541,753,positive,GGATAT,TTAAC,CTTCC
16,625,VT44110|0|MEMB007C|-|2438,-7.403261661529541,753,positive,GGATAT,CATTA,TTTCC
17,588,VT44110|0|MEMB007D|+|2608,-3.1553342342376713,753,positive,GGATTT,CTTTG,GTTCC
18,542,VT44110|0|MEMB008C|+|2433,-5.201627731323242,753,positive,GGATAC,TAATT,CTTCC
19,555,VT44110|0|dkik|-|2376,-5.201627731323242,753,positive,GGATAC,ACCTA,TTTCC
