,raw,orig_species,score,align_position,sequence,5_before,5_after
0,1395,VT44110|0|MEMB002A|+|2492,-4.140227317810059,1955,GTATCA,AAGTG,CAAGT
1,1500,VT44110|0|MEMB002B|+|2595,-4.140227317810059,1955,GTATCA,AAGTG,CAAGT
2,1344,VT44110|0|MEMB002C|+|2444,-4.140227317810059,1955,GTATCA,AAGTG,CAAGT
3,1428,VT44110|0|MEMB002D|+|2521,-3.3073372840881348,1955,GAATTG,AAGGC,CAAGT
4,1208,VT44110|0|MEMB002E|+|2318,-0.8922998309135437,1955,GGATTA,AAGGC,CATCT
5,1534,VT44110|0|MEMB002F|-|2620,-0.8922998309135437,1955,GTATTA,AAGTG,CAAGT
6,1328,VT44110|0|MEMB003A|-|2395,-0.8922998309135437,1955,GGATTA,AAGGC,CAAGT
7,1406,VT44110|0|MEMB003B|+|2418,-0.8922998309135437,1955,GAATTA,AAGGC,CAAGT
8,1417,VT44110|0|MEMB003C|+|2512,-4.140227317810059,1955,GTATCA,AAGTG,CAAGT
9,1349,VT44110|0|MEMB003D|-|2422,-0.8922998309135437,1955,GGATTA,AAGGC,CAAGT
10,1528,VT44110|0|MEMB003F|+|2613,-1.8922997713088991,1955,GGAGTA,GAGGC,CAAGT
11,1530,VT44110|0|MEMB004A|+|2631,-4.140227317810059,1955,GTATCA,AAGTG,CAAGT
12,1340,VT44110|0|MEMB004B|-|2431,0.10770019143819808,1955,GGCTTA,GAGGC,CAAGT
13,1450,VT44110|0|MEMB004E|+|2515,-0.8922998309135437,1955,AAATTA,GAGGC,CAAGT
14,1323,VT44110|0|MEMB005B|-|2376,0.10770019143819808,1955,GGCTTA,GAGGC,CAAGT
15,1322,VT44110|0|MEMB005D|-|2406,-0.8922998309135437,1955,GGATTA,AAGGC,CAATT
16,1352,VT44110|0|MEMB006A|-|2458,-0.8922998309135437,1955,GGATTA,AAGGC,CAAGT
17,1262,VT44110|0|MEMB006B|-|2374,-0.8922998309135437,1955,GGATTA,AAGGC,CAAGT
18,1480,VT44110|0|MEMB006C|+|2576,-0.8922998309135437,1955,GGATTA,GAGGC,CAAGT
19,1391,VT44110|0|MEMB007B|+|2495,-4.140227317810059,1955,GTATCA,AAGTG,CAAGT
20,1420,VT44110|0|MEMB007C|-|2438,-0.8922998309135437,1955,GAATTA,AAGGC,CAAGT
21,1509,VT44110|0|MEMB007D|+|2608,-0.8922998309135437,1955,GGATTA,AAGGC,CAAGT
22,1369,VT44110|0|MEMB008C|+|2433,-0.8922998309135437,1955,GAATTA,GAGGC,CAAGA
23,1307,VT44110|0|dkik|-|2376,-0.8922998309135437,1955,GGATTA,AAGGC,CAAGT
