,raw,orig_species,score,align_position,sequence,5_before,5_after
0,1216,VT44110|0|MEMB002A|+|2492,-3.2016279697418213,1716,TAATGC,ATTCATTTCCA,GAAAA
1,1327,VT44110|0|MEMB002B|+|2595,-4.201627731323241,1716,TAATCC,ATTCACTTCAT,GAAAA
2,1166,VT44110|0|MEMB002C|+|2444,-3.2016279697418213,1716,TAATGC,ATTAATTGCCA,GAAAA
3,1324,VT44110|0|MEMB002D|+|2521,-4.201627731323241,1716,TGATCC,CTTTCTTTCAT,ATGGA
4,1085,VT44110|0|MEMB002E|+|2318,0.10770019143819808,1716,TTTTCA,ATTCATTTTGA,ATGGA
5,1344,VT44110|0|MEMB002F|-|2620,-4.201627731323241,1716,TAATCC,ATTAATTTCAA,GAACA
6,1203,VT44110|0|MEMB003A|-|2395,-4.201627731323241,1716,TTATCC,ATTAATTTTAT,ATGGA
7,1297,VT44110|0|MEMB003B|+|2418,-5.201627731323242,1716,TTACCC,ATTAATTTCGT,ATGGA
8,1238,VT44110|0|MEMB003C|+|2512,-3.2016279697418213,1716,TAATGC,ATTAATTGCCA,GAAAA
9,1223,VT44110|0|MEMB003D|-|2422,-4.201627731323241,1716,TTATCC,ATTAATTTTAT,ATGGA
10,1322,VT44110|0|MEMB003F|+|2613,-3.1402273178100586,1716,CTATGA,ATTAAATTTAT,TCAGG
11,1358,VT44110|0|MEMB004A|+|2631,-4.201627731323241,1716,TAATCC,ATTCACTTCAT,GAAAA
12,1220,VT44110|0|MEMB004B|-|2431,-4.201627731323241,1716,TCATCC,ATTAATTCAAT,ATGGA
13,1339,VT44110|0|MEMB004E|+|2515,-4.201627731323241,1716,TTATCC,ATTAATTCAAT,AAATC
14,1210,VT44110|0|MEMB005B|-|2376,-5.201627731323242,1716,TAACCC,ATTAATGAATT,ATGGC
15,1205,VT44110|0|MEMB005D|-|2406,-0.9537003636360168,1716,TTCCTC,ACTAGTTATTA,ATTTG
16,1237,VT44110|0|MEMB006A|-|2458,3.294227123260498,1716,TTTTTC,ACATTAGTTAT,TTATT
17,1142,VT44110|0|MEMB006B|-|2374,-4.201627731323241,1716,TTATCC,ATTAATTTCAC,ATGGA
18,1360,VT44110|0|MEMB006C|+|2576,-4.201627731323241,1716,TTATCC,ATTATTTCAAT,ATGAC
19,1207,VT44110|0|MEMB007B|+|2495,-3.2016279697418213,1716,TAATGC,ATTAATTTCAA,GAAAA
20,1300,VT44110|0|MEMB007C|-|2438,-0.9537003636360168,1716,TTATTC,ATTAATTTCGT,ACGGA
21,1344,VT44110|0|MEMB007D|+|2608,1.0078254938125608,1716,ATGTCC,CTTTTACTTAA,AGCTT
22,1253,VT44110|0|MEMB008C|+|2433,-0.9537003636360168,1716,TTATTC,ATTATTTCTAT,ATGGC
23,1196,VT44110|0|dkik|-|2376,-0.9537003636360168,1716,TTTTAC,ATTAATTTTAT,ATGGA
