,raw,orig_species,score,align_position,sequence,5_before,5_after
0,722,VT44110|0|MEMB002A|+|2492,-1.8922997713088991,1049,AAACTA,TTATT,TTCTA
1,815,VT44110|0|MEMB002B|+|2595,-1.8922997713088991,1049,AAAATA,TTATT,TTTAC
2,729,VT44110|0|MEMB002C|+|2444,-1.8922997713088991,1049,AAACTA,TTATT,TTATA
3,815,VT44110|0|MEMB002D|+|2521,-1.8922997713088991,1049,GGAATA,TTTTT,TTTGC
4,776,VT44110|0|MEMB002F|-|2620,-1.8922997713088991,1049,ATAATA,TTTAA,TATTA
5,737,VT44110|0|MEMB003A|-|2395,-3.1553342342376713,1049,TTATTT,TTTAA,CTTGG
6,817,VT44110|0|MEMB003B|+|2418,-0.9537003636360168,1049,TAATTC,ATTTC,TTTCA
7,741,VT44110|0|MEMB003C|+|2512,-1.8922997713088991,1049,AAACTA,TTATT,TTCTA
8,753,VT44110|0|MEMB003D|-|2422,-3.1553342342376713,1049,GTATTT,TTTAA,CTTGG
9,798,VT44110|0|MEMB003F|+|2613,-0.8922998309135437,1049,GGATTA,TTTTA,GTTGG
10,846,VT44110|0|MEMB004A|+|2631,-1.8922997713088991,1049,AAAATA,TTATT,TTTAC
11,752,VT44110|0|MEMB004B|-|2431,-0.8922998309135437,1049,GAATTA,TTGTA,CTTAA
12,802,VT44110|0|MEMB004E|+|2515,-0.8922998309135437,1049,AAATTA,TTTTA,TTCAA
13,779,VT44110|0|MEMB005B|-|2376,-0.8922998309135437,1049,GAATTA,TTGTA,CTTAA
14,733,VT44110|0|MEMB005D|-|2406,-4.140227317810059,1049,TGATCA,GTTTA,CTTGA
15,753,VT44110|0|MEMB006A|-|2458,-0.8922998309135437,1049,TGATTA,ATTTG,CTTGA
16,849,VT44110|0|MEMB006C|+|2576,-0.8922998309135437,1049,GCATTA,TTTTA,CTTAA
17,743,VT44110|0|MEMB007B|+|2495,-1.8922997713088991,1049,AAAATA,TTTTT,TTCAT
18,847,VT44110|0|MEMB007C|-|2438,-3.1402273178100586,1049,AAATGA,TACAA,TTTTA
19,799,VT44110|0|MEMB007D|+|2608,3.3556277751922607,1049,CTTTTA,TTCTT,CTTAG
20,760,VT44110|0|MEMB008C|+|2433,-3.1553342342376713,1049,GAATTT,CTTTA,CTTAA
21,752,VT44110|0|dkik|-|2376,-3.1553342342376713,1049,GAATTT,TTTAA,CTTGG
