,raw,orig_species,score,align_position,sequence,5_before,5_after
0,2153,VT19895|1|MEMB002A|+|2939,-5.140227317810059,3390,TTATCC,TAAAA,TATTG
1,1532,VT19895|1|MEMB002B|+|2300,-7.403261661529541,3390,ATATCC,TGAGA,TATTA
2,1538,VT19895|1|MEMB002C|-|2314,-5.140227317810059,3390,TTATCC,TAAAA,TCTTG
3,1984,VT19895|1|MEMB002D|+|2758,-7.403261661529541,3390,ATATCC,TATAA,CCTTA
4,1740,VT19895|1|MEMB002E|-|2559,-7.403261661529541,3390,ATATCC,GATAA,CCCTT
5,1555,VT19895|1|MEMB002F|-|2312,-7.403261661529541,3390,ATATCC,TAAAA,GATTA
6,1657,VT19895|1|MEMB003A|-|2442,-7.403261661529541,3390,ATATCC,TATAA,CCCTA
7,1543,VT19895|1|MEMB003B|+|2314,-3.1553342342376713,3390,ATAATC,TATAA,TCAAT
8,1322,VT19895|1|MEMB003C|+|2108,0.04629964381456375,3390,GAAGAA,TATAA,TGTTG
9,1670,VT19895|1|MEMB003D|-|2454,-7.403261661529541,3390,ATATCC,TATAA,CCCTA
10,1280,VT19895|1|MEMB003F|+|2054,-6.403261661529541,3390,AGATCC,TATAT,CCTTA
11,1565,VT19895|1|MEMB004A|+|2332,-3.1553342342376713,3390,AAATCC,TGAGA,TATTA
12,1702,VT19895|1|MEMB004B|+|2496,-3.1553342342376713,3390,AAATCC,TATAA,CCTTA
13,1266,VT19895|1|MEMB004E|-|2038,-3.1553342342376713,3390,AAATCT,TAAAA,CCTTA
14,1324,VT19895|1|MEMB005B|-|2125,-3.1553342342376713,3390,AAATCC,TATAA,TCTTA
15,1772,VT19895|1|MEMB005D|+|2564,-7.403261661529541,3390,ATATCC,TATAA,CCTTA
16,1933,VT19895|1|MEMB006A|-|2726,-7.403261661529541,3390,ATATCC,TAAAA,CCTTA
17,1591,VT19895|1|MEMB006B|+|2382,-7.403261661529541,3390,ATATCC,TAAAA,CCCTT
18,1337,VT19895|1|MEMB006C|-|2096,-0.9537003636360168,3390,GAATCC,TATAA,CCTTA
19,1550,VT19895|1|MEMB007B|-|2299,-7.403261661529541,3390,ATATCC,TAAAA,TATTA
20,1107,VT19895|1|MEMB007C|+|1888,-3.1553342342376713,3390,ATAATC,TATAA,TCCCT
21,2260,VT19895|1|MEMB007D|-|3143,-7.403261661529541,3390,ATATCC,TGAAA,CCTTA
22,1361,VT19895|1|MEMB008C|+|2162,-3.1553342342376713,3390,AAATCC,TATAA,TCTTA
23,1677,VT19895|1|dkik|+|2451,-7.403261661529541,3390,ATATCC,TATAA,CCCTA
