,raw,orig_species,score,align_position,sequence,5_before,5_after
0,1450,VT19895|1|MEMB002D|+|2758,-0.9307739734649658,2444,TAGAAA,TATAAGCTTAA,AACTA
1,1525,VT19895|1|MEMB002E|-|2559,0.06922604143619537,2444,TAGACA,TATAAGCTTAA,AAGTA
2,1485,VT19895|1|MEMB002F|-|2312,-5.140227317810059,2444,ATCAAA,GACACAGTATA,AAGTA
3,1472,VT19895|1|MEMB003A|-|2442,-0.8922998309135437,2444,TATTAA,AAGCTTAAAAA,CACTA
4,1485,VT19895|1|MEMB003D|-|2454,-0.8922998309135437,2444,TATTAA,AAGCTTAAAAA,CAGTA
5,1056,VT19895|1|MEMB003F|+|2054,0.06922604143619537,2444,TAGACA,TATATTAGCTT,AACTA
6,1466,VT19895|1|MEMB004B|+|2496,0.06922604143619537,2444,TAGACA,TTTTAGCTTAA,AACTA
7,1062,VT19895|1|MEMB004E|-|2038,-3.1402273178100586,2444,CTATGA,CATATTAGCTT,TACAA
8,1116,VT19895|1|MEMB005B|-|2125,0.06922604143619537,2444,TAGACA,TATGAGCTTAA,TACTA
9,1440,VT19895|1|MEMB006B|+|2382,0.06922604143619537,2444,TAGACA,TTTGAGCTTAA,AACTA
10,1093,VT19895|1|MEMB006C|-|2096,0.06922604143619537,2444,TAGACA,CATTAGCTTAA,AACTA
11,1489,VT19895|1|MEMB007D|-|3143,-5.140227317810059,2444,GGATAA,TCTTCAAAACT,CACTT
12,1493,VT19895|1|dkik|+|2451,-0.8922998309135437,2444,TATTAA,AAGCTTAAAAA,CACTA
