,raw,orig_species,score,align_position,sequence,5_before,5_after
0,74,VT19895|1|MEMB002A|+|2939,-4.201627731323241,93,GGATTA,TGTGG,TTAAA
1,45,VT19895|1|MEMB002B|+|2300,-4.201627731323241,93,GGATTA,TGTGG,TTAAA
2,33,VT19895|1|MEMB002D|+|2758,-4.201627731323241,93,GGATTA,GGGGG,TTAAA
3,81,VT19895|1|MEMB002E|-|2559,-4.201627731323241,93,GGATTA,GTGTG,TTAAA
4,56,VT19895|1|MEMB002F|-|2312,-4.201627731323241,93,GGATTA,TGTGG,TTCGA
5,52,VT19895|1|MEMB003A|-|2442,-4.201627731323241,93,GGATTA,TGTGG,TTAAA
6,38,VT19895|1|MEMB003B|+|2314,-0.9537003636360168,93,GAATTA,TTGGG,TTAAA
7,56,VT19895|1|MEMB003D|-|2454,-4.201627731323241,93,GGATTA,TGTGG,TTAAA
8,45,VT19895|1|MEMB004A|+|2332,-4.201627731323241,93,GGATTA,TGTGG,TTAGA
9,48,VT19895|1|MEMB004B|+|2496,-4.201627731323241,93,GGATTA,TGTGG,TTTAA
10,52,VT19895|1|MEMB005D|+|2564,-4.201627731323241,93,GGATTA,TGTGG,TTGAA
11,43,VT19895|1|MEMB006A|-|2726,-4.201627731323241,93,GGATTA,TGTGC,TTAAA
12,61,VT19895|1|MEMB006B|+|2382,-4.201627731323241,93,GGATTA,GTGGG,TTAAA
13,74,VT19895|1|MEMB007B|-|2299,-4.201627731323241,93,GGATTA,TGTGG,TTAAA
14,56,VT19895|1|dkik|+|2451,-4.201627731323241,93,GGATTA,TGTGG,TTAAA
