,raw,orig_species,score,align_position,strand,sequence,5_before,5_after
0,495,VT19895|1|MEMB002B|+|2300,4.317153453826903,611,positive,TTGTTA,ATATA,AGGCT
1,469,VT19895|1|MEMB002D|+|2758,4.317153453826903,611,positive,TGGTTA,ATATA,GGACT
2,537,VT19895|1|MEMB002E|-|2559,0.10770019143819808,611,positive,TGCTTA,ATATA,TGACT
3,511,VT19895|1|MEMB002F|-|2312,4.317153453826903,611,positive,TTGTTA,ATATA,AGGCT
4,528,VT19895|1|MEMB003A|-|2442,0.06922604143619537,611,positive,CGGTAA,ATATT,AGACT
5,476,VT19895|1|MEMB003B|+|2314,-1.8922997713088991,611,positive,CTTAAA,AAAAA,TAAGT
6,532,VT19895|1|MEMB003D|-|2454,0.06922604143619537,611,positive,GGGTAA,ATATT,TGACT
7,149,VT19895|1|MEMB003F|+|2054,4.317153453826903,611,positive,GGGTTA,ATATA,TGACT
8,495,VT19895|1|MEMB004A|+|2332,3.3171534538269043,611,positive,TGGGTA,ATATA,AGGCT
9,521,VT19895|1|MEMB004B|+|2496,0.06922604143619537,611,positive,GGGTAA,ATATA,TGACT
10,149,VT19895|1|MEMB004E|-|2038,3.3556277751922607,611,positive,GGTTTA,ATATT,AATAT
11,149,VT19895|1|MEMB005B|-|2125,-5.140227317810059,611,positive,GGATAA,ATATG,TGACT
12,520,VT19895|1|MEMB005D|+|2564,4.317153453826903,611,positive,TGGTTA,ATATA,CAATA
13,519,VT19895|1|MEMB006A|-|2726,4.317153453826903,611,positive,TGGTTA,ATACA,CAATA
14,514,VT19895|1|MEMB006B|+|2382,4.317153453826903,611,positive,TGGTTA,ATAAA,AGACT
15,149,VT19895|1|MEMB006C|-|2096,3.3556277751922607,611,positive,TATTTA,ATATA,TATGA
16,151,VT19895|1|MEMB007C|+|1888,-1.8922997713088991,611,positive,GATCAA,CCATA,TCTGA
17,473,VT19895|1|MEMB007D|-|3143,4.317153453826903,611,positive,TGGTTA,ATATA,TGGCT
18,149,VT19895|1|MEMB008C|+|2162,4.317153453826903,611,positive,GGGTTA,ATATA,CGATT
19,530,VT19895|1|dkik|+|2451,3.3171534538269043,611,positive,GGGCTA,ATATA,AGACT
