,raw,orig_species,score,align_position,sequence,5_before,5_after
0,2046,VT19895|1|MEMB002A|+|2939,-2.155334234237671,2385,AATTCT,TCAGA,GTAGA
1,1405,VT19895|1|MEMB002B|+|2300,-3.1553342342376713,2385,AATACT,TCAGA,ATAGA
2,1085,VT19895|1|MEMB002C|-|2314,-2.155334234237671,2385,AATTCT,TCAGA,GTAGA
3,1400,VT19895|1|MEMB002D|+|2758,-6.403261661529541,2385,AAATCT,CAAGA,GTTAC
4,1475,VT19895|1|MEMB002E|-|2559,-6.403261661529541,2385,AAATCT,TAAGA,GTTGC
5,1445,VT19895|1|MEMB002F|-|2312,-2.155334234237671,2385,AATTCT,TCAAA,ATAGA
6,1439,VT19895|1|MEMB003A|-|2442,-4.201627731323241,2385,TAATCC,TAAGA,TAAGT
7,1311,VT19895|1|MEMB003B|+|2314,-6.403261661529541,2385,AAATCT,TAAGA,AGATA
8,1104,VT19895|1|MEMB003C|+|2108,-2.155334234237671,2385,AATTCT,TCAGA,GTAGA
9,1452,VT19895|1|MEMB003D|-|2454,-4.201627731323241,2385,TAATCC,TAAGA,TAAGT
10,1018,VT19895|1|MEMB003F|+|2054,-3.1553342342376713,2385,TAATTT,TAAGA,TAATA
11,1438,VT19895|1|MEMB004A|+|2332,-3.1553342342376713,2385,AATACT,TCAGA,ATAGA
12,1430,VT19895|1|MEMB004B|+|2496,-3.1553342342376713,2385,TAATTT,TAAGA,TAAGA
13,1024,VT19895|1|MEMB004E|-|2038,-4.155333995819092,2385,TAACTT,TAAGA,TAAGA
14,1080,VT19895|1|MEMB005B|-|2125,-3.1553342342376713,2385,TAATTT,TAAGA,TAAGA
15,1429,VT19895|1|MEMB005D|+|2564,-6.403261661529541,2385,TTATCT,TGAGA,TAAGA
16,1446,VT19895|1|MEMB006A|-|2726,-6.403261661529541,2385,TTATCT,TGAGA,TAAGA
17,1404,VT19895|1|MEMB006B|+|2382,-6.403261661529541,2385,TAATCT,TAAGA,TAAGA
18,1057,VT19895|1|MEMB006C|-|2096,-3.1553342342376713,2385,TAATTT,TAAGA,TAAGA
19,1443,VT19895|1|MEMB007B|-|2299,-0.9537003636360168,2385,AAATTC,TTAAA,GACAG
20,977,VT19895|1|MEMB007C|+|1888,-6.403261661529541,2385,TAATCT,CAAGA,TAAGA
21,1448,VT19895|1|MEMB007D|-|3143,-6.403261661529541,2385,TAATCT,CAAGA,TAAGA
22,1089,VT19895|1|MEMB008C|+|2162,-3.1553342342376713,2385,TAATTT,GAACA,TAAGA
23,1460,VT19895|1|dkik|+|2451,-4.201627731323241,2385,TAATCC,TAAGA,TAAGT
