,raw,orig_species,score,align_position,sequence,5_before,5_after
0,2046,VT19895|1|MEMB002A|+|2939,-2.155334234237671,2385,AGAATT,TCTGA,TCTAC
1,1405,VT19895|1|MEMB002B|+|2300,-3.1553342342376713,2385,AGTATT,TCTGA,TCTAT
2,1085,VT19895|1|MEMB002C|-|2314,-2.155334234237671,2385,AGAATT,TCTGA,TCTAC
3,1400,VT19895|1|MEMB002D|+|2758,-6.403261661529541,2385,AGATTT,TCTTG,GTAAC
4,1475,VT19895|1|MEMB002E|-|2559,-6.403261661529541,2385,AGATTT,TCTTA,GCAac
5,1445,VT19895|1|MEMB002F|-|2312,-2.155334234237671,2385,AGAATT,TTTGA,TCTAT
6,1439,VT19895|1|MEMB003A|-|2442,-4.201627731323241,2385,GGATTA,TCTTA,ACTTA
7,1311,VT19895|1|MEMB003B|+|2314,-6.403261661529541,2385,AGATTT,TCTTA,TATCT
8,1104,VT19895|1|MEMB003C|+|2108,-2.155334234237671,2385,AGAATT,TCTGA,TCTAC
9,1452,VT19895|1|MEMB003D|-|2454,-4.201627731323241,2385,GGATTA,TCTTA,ACTTA
10,1018,VT19895|1|MEMB003F|+|2054,-3.1553342342376713,2385,AAATTA,TCTTA,TATTA
11,1438,VT19895|1|MEMB004A|+|2332,-3.1553342342376713,2385,AGTATT,TCTGA,TCTAT
12,1430,VT19895|1|MEMB004B|+|2496,-3.1553342342376713,2385,AAATTA,TCTTA,TCTTA
13,1024,VT19895|1|MEMB004E|-|2038,-4.155333995819092,2385,AAGTTA,TCTTA,TCTTA
14,1080,VT19895|1|MEMB005B|-|2125,-3.1553342342376713,2385,AAATTA,TCTTA,TCTTA
15,1429,VT19895|1|MEMB005D|+|2564,-6.403261661529541,2385,AGATAA,TCTCA,TCTTA
16,1446,VT19895|1|MEMB006A|-|2726,-6.403261661529541,2385,AGATAA,TCTCA,TCTTA
17,1404,VT19895|1|MEMB006B|+|2382,-6.403261661529541,2385,AGATTA,TCTTA,TCTTA
18,1057,VT19895|1|MEMB006C|-|2096,-3.1553342342376713,2385,AAATTA,TCTTA,TCTTA
19,1443,VT19895|1|MEMB007B|-|2299,-0.9537003636360168,2385,GAATTT,TTTAA,CTGTC
20,977,VT19895|1|MEMB007C|+|1888,-6.403261661529541,2385,AGATTA,TCTTG,TCTTA
21,1448,VT19895|1|MEMB007D|-|3143,-6.403261661529541,2385,AGATTA,TCTTG,TCTTA
22,1089,VT19895|1|MEMB008C|+|2162,-3.1553342342376713,2385,AAATTA,TGTTC,TCTTA
23,1460,VT19895|1|dkik|+|2451,-4.201627731323241,2385,GGATTA,TCTTA,ACTTA
