,raw,orig_species,score,align_position,sequence,5_before,5_after
0,424,VT19895|1|MEMB002A|+|2939,-8.555264472961426,518,GGAAAG,TTTTT,AACGG
1,416,VT19895|1|MEMB002B|+|2300,-3.345811367034912,518,GGGAAG,TTTTT,AACGG
2,68,VT19895|1|MEMB002C|-|2314,-8.555264472961426,518,GGAAAG,TTTTT,AACGG
3,388,VT19895|1|MEMB002D|+|2758,-3.345811367034912,518,GAGAAG,TTTTT,AAAGA
4,445,VT19895|1|MEMB002E|-|2559,-3.345811367034912,518,GGGAAG,TTTTT,ATAGA
5,431,VT19895|1|MEMB002F|-|2312,-8.555264472961426,518,GGAAAG,TTTTT,AGCGG
6,446,VT19895|1|MEMB003A|-|2442,-3.345811367034912,518,GAGAAG,TTTTT,AAAGA
7,393,VT19895|1|MEMB003B|+|2314,-5.140227317810059,518,GGATAA,TTTTG,TAAAT
8,68,VT19895|1|MEMB003C|+|2108,-8.555264472961426,518,GGAAAG,TTTTT,AACGG
9,450,VT19895|1|MEMB003D|-|2454,-3.345811367034912,518,GAGAAG,TTTTT,AAAGT
10,68,VT19895|1|MEMB003F|+|2054,-3.345811367034912,518,GGGAAG,TTTTC,AAAGA
11,416,VT19895|1|MEMB004A|+|2332,-3.345811367034912,518,GGGAAG,TTTTT,AACGG
12,441,VT19895|1|MEMB004B|+|2496,-3.345811367034912,518,AGGAAG,TTTTC,TAAAG
13,68,VT19895|1|MEMB004E|-|2038,-0.9307739734649658,518,GGGAAA,TTTTC,AATAA
14,68,VT19895|1|MEMB005B|-|2125,-3.345811367034912,518,GGGAAG,TTTTT,AAGCA
15,439,VT19895|1|MEMB005D|+|2564,-3.345811367034912,518,GAGAAG,TTTTT,AAAGA
16,437,VT19895|1|MEMB006A|-|2726,-3.345811367034912,518,GAGAAG,TTTTC,AAAGA
17,433,VT19895|1|MEMB006B|+|2382,-0.9307739734649658,518,GGGAAA,TTTTT,AAAAT
18,68,VT19895|1|MEMB006C|-|2096,-3.345811367034912,518,GGGAAG,TTTTC,AAAGA
19,424,VT19895|1|MEMB007B|-|2299,-8.555264472961426,518,GGAAAG,TTTTT,AACGG
20,69,VT19895|1|MEMB007C|+|1888,-5.140227317810059,518,GGATAA,TTTTG,TAAAT
21,390,VT19895|1|MEMB007D|-|3143,-8.555264472961426,518,GAAAAG,TTTTT,AACGG
22,68,VT19895|1|MEMB008C|+|2162,-7.555264949798584,518,GGCAAG,TTTCC,AAAGG
23,448,VT19895|1|dkik|+|2451,-8.555264472961426,518,GAAAAG,TTTTT,AAAGT
