,raw,orig_species,score,align_position,sequence,5_before,5_after
0,495,VT19895|1|MEMB002B|+|2300,4.317153453826903,611,TTGTTA,TAGGC,AGGCT
1,469,VT19895|1|MEMB002D|+|2758,4.317153453826903,611,TGGTTA,TAAGC,GGACT
2,537,VT19895|1|MEMB002E|-|2559,0.10770019143819808,611,TGCTTA,TAAGC,TGACT
3,511,VT19895|1|MEMB002F|-|2312,4.317153453826903,611,TTGTTA,TAGGC,AGGCT
4,528,VT19895|1|MEMB003A|-|2442,0.06922604143619537,611,CGGTAA,TGGGC,AGACT
5,476,VT19895|1|MEMB003B|+|2314,-1.8922997713088991,611,CTTAAA,AAAAC,TAAGT
6,532,VT19895|1|MEMB003D|-|2454,0.06922604143619537,611,GGGTAA,TGGGC,TGACT
7,149,VT19895|1|MEMB003F|+|2054,4.317153453826903,611,GGGTTA,TGGGC,TGACT
8,495,VT19895|1|MEMB004A|+|2332,3.3171534538269043,611,TGGGTA,TAGGC,AGGCT
9,521,VT19895|1|MEMB004B|+|2496,0.06922604143619537,611,GGGTAA,TTGGC,TGACT
10,149,VT19895|1|MEMB004E|-|2038,3.3556277751922607,611,GGTTTA,TGGGC,AATAT
11,149,VT19895|1|MEMB005B|-|2125,-5.140227317810059,611,GGATAA,TGGGC,TGACT
12,520,VT19895|1|MEMB005D|+|2564,4.317153453826903,611,TGGTTA,TAAGC,CAATA
13,519,VT19895|1|MEMB006A|-|2726,4.317153453826903,611,TGGTTA,TAAGT,CAATA
14,514,VT19895|1|MEMB006B|+|2382,4.317153453826903,611,TGGTTA,GGGGC,AGACT
15,149,VT19895|1|MEMB006C|-|2096,3.3556277751922607,611,TATTTA,TGGGC,TATGA
16,151,VT19895|1|MEMB007C|+|1888,-1.8922997713088991,611,GATCAA,TAAGA,TCTGA
17,473,VT19895|1|MEMB007D|-|3143,4.317153453826903,611,TGGTTA,TAGGT,TGGCT
18,149,VT19895|1|MEMB008C|+|2162,4.317153453826903,611,GGGTTA,TTGAA,CGATT
19,530,VT19895|1|dkik|+|2451,3.3171534538269043,611,GGGCTA,TGGGC,AGACT
