,raw,orig_species,score,align_position,sequence,5_before,5_after
0,2045,VT7859|0|MEMB002A|-|2963,-3.1553342342376713,3917,aatggt,aatgt,tatga
1,2000,VT7859|0|MEMB002C|-|2873,-3.1553342342376713,3917,AATGGT,AATGT,TATGA
2,2180,VT7859|0|MEMB002D|+|3269,1.0692260265350342,3917,TCCCCG,AATAC,TTCAC
3,3384,VT7859|0|MEMB002E|+|4467,-1.1938083171844482,3917,ACTCAA,AATAC,CAGTC
4,2083,VT7859|0|MEMB002F|-|2999,-3.1553342342376713,3917,aatGGC,atagt,TATGA
5,1975,VT7859|0|MEMB003C|-|2885,-7.403261661529541,3917,ATTGGT,AATGT,TATGA
6,1905,VT7859|0|MEMB004A|-|2860,-3.1553342342376713,3917,AAATGT,AATGT,CATTA
7,1750,VT7859|0|MEMB004B|+|2821,3.3171534538269043,3917,TACCCA,AAGTT,AATAT
8,1801,VT7859|0|MEMB005D|+|2766,-8.403262138366701,3917,ATCTAA,AATAA,AACTG
9,1693,VT7859|0|MEMB006C|-|2630,-4.201627731323241,3917,GGATTA,AACTT,TTGTT
10,1821,VT7859|0|MEMB007B|-|2739,-3.1553342342376713,3917,aaTGGG,aatgt,TATAA
11,1637,VT7859|0|MEMB008C|+|2636,-3.1402273178100586,3917,TCCGAA,AATAT,ATTGT
