,raw,orig_species,score,align_position,strand,sequence,5_before,5_after
0,1932,VT7859|0|MEMB002A|-|2963,0.10770019143819808,3767,positive,ATCTTA,TAATA,ATTTA
1,1891,VT7859|0|MEMB002C|-|2873,-4.155333995819092,3767,positive,GTTAAT,TAACA,AATTT
2,2045,VT7859|0|MEMB002D|+|3269,-7.403261661529541,3767,positive,ATATAT,TGTAT,ATCAT
3,3244,VT7859|0|MEMB002E|+|4467,-4.155333995819092,3767,positive,GTTAAT,GATTT,GTTTG
4,1987,VT7859|0|MEMB002F|-|2999,-1.8922997713088991,3767,positive,AATCAA,CTTAA,AATTC
5,1530,VT7859|0|MEMB003A|-|2246,0.10770019143819808,3767,positive,TTTAGA,TATTA,ATTTC
6,1878,VT7859|0|MEMB003C|-|2885,-1.9537003040313718,3767,positive,TTAATC,TAACA,ATAAT
7,1447,VT7859|0|MEMB003D|-|2549,-6.403261661529541,3767,positive,TTAAGT,TATTA,AGTTT
8,703,VT7859|0|MEMB003F|+|1865,0.007825496606528759,3767,positive,TGGTAC,GGGAC,ATTTT
9,1810,VT7859|0|MEMB004A|-|2860,-1.8922997713088991,3767,positive,TTAATA,TTTTG,ATTTT
10,1639,VT7859|0|MEMB004B|+|2821,-6.140227317810059,3767,positive,GTAAAA,CCCGT,GTTTT
11,1877,VT7859|0|MEMB006A|+|2945,-1.9537003040313718,3767,positive,AGTAAC,AATCT,ATTTT
12,1451,VT7859|0|MEMB006B|+|2450,2.3556277751922607,3767,positive,AATATA,TATAA,AATTT
13,1642,VT7859|0|MEMB006C|-|2630,-0.8922998309135437,3767,positive,AATTAA,TACTA,AATTT
14,1413,VT7859|0|MEMB007C|+|2445,-1.1938083171844482,3767,positive,TGGGGT,AGTTT,ATCTT
15,1762,VT7859|0|MEMB007D|-|2756,-5.140227317810059,3767,positive,ACCAAA,TATCA,TATTT
16,1537,VT7859|0|MEMB008C|+|2636,-5.140227317810059,3767,positive,GGATAA,GAATT,ATTTT
17,1570,VT7859|0|dkik|-|2616,-4.140227317810059,3767,positive,TTAAGA,TATTA,ATTTT
