,raw,orig_species,score,align_position,sequence,5_before,5_after
0,2232,VT7859|0|MEMB002D|+|3269,2.3556277751922607,3981,GTTATA,TTTTGGGAGTG,ATTCA
1,3436,VT7859|0|MEMB002E|+|4467,-0.8922998309135437,3981,GACGTA,TTATTGGTGTA,TTTTT
2,1661,VT7859|0|MEMB003A|-|2246,-0.8922998309135437,3981,GGATTA,TTCTAGGTGGT,TTTGA
3,1557,VT7859|0|MEMB003B|+|2464,-4.155333995819092,3981,GGAGTT,TTTTAGATGTA,TCTTG
4,1576,VT7859|0|MEMB003D|-|2549,-1.8922997713088991,3981,GGAGTA,TTCTAGGTGGT,CTTGA
5,855,VT7859|0|MEMB003F|+|1865,2.3556277751922607,3981,GGTGTA,CTTTGGGTATA,TTTTG
6,1814,VT7859|0|MEMB004B|+|2821,2.3556277751922607,3981,GGTATA,TTTTAGGAGTA,ATTTG
7,2011,VT7859|0|MEMB006A|+|2945,-1.8922997713088991,3981,GGAGTA,TTTTGTGTATA,TTTTG
8,1689,VT7859|0|MEMB008C|+|2636,2.3556277751922607,3981,GGTCTA,TTTAAAAAAAC,TTTTG
9,1704,VT7859|0|dkik|-|2616,-0.8922998309135437,3981,GGATTA,TTCTAGGTGGT,CTTGA
