,raw,orig_species,score,align_position,sequence,5_before,5_after
0,1874,VT7859|0|MEMB002A|-|2963,-6.403261661529541,3454,TTATCT,TTCATTTAGTC,AAAAA
1,1830,VT7859|0|MEMB002C|-|2873,-6.403261661529541,3454,TTATCT,TTCATTTAGTC,AAGAA
2,1859,VT7859|0|MEMB002D|+|3269,-4.140227317810059,3454,TAATCA,TTAATTCAATA,TAATT
3,3079,VT7859|0|MEMB002E|+|4467,-6.403261661529541,3454,CTATCT,ATAATTTACGC,TTTAT
4,1414,VT7859|0|MEMB003A|-|2246,-6.403261661529541,3454,TTATCT,TACTTCTACTT,TACAA
5,434,VT7859|0|MEMB003F|+|1865,1.0925933122634888,3454,TTTTTT,TTTTTTTTTTT,TCCCG
6,1747,VT7859|0|MEMB004A|-|2860,-4.201627731323241,3454,TTATCC,TTTATTTTATC,TATAA
7,1490,VT7859|0|MEMB004B|+|2821,-5.201627731323242,3454,ATATAC,ACTTTTTAATA,GAAAC
8,1475,VT7859|0|MEMB004E|+|2568,-6.403261661529541,3454,TAATCT,ATAAATTATTC,TATTT
9,1474,VT7859|0|MEMB005B|+|2462,1.0925933122634888,3454,TCTTTT,CCTTTTCAATC,ATTTT
10,1627,VT7859|0|MEMB005D|+|2766,-7.403261661529541,3454,ATATAT,TCCCTTTACTT,GGAAA
11,1783,VT7859|0|MEMB006A|+|2945,-3.1553342342376713,3454,TCCCTT,TACATCTATTT,TAAAT
12,1389,VT7859|0|MEMB006B|+|2450,-3.1553342342376713,3454,ACATTT,TTCTTCTAGGT,ATAAA
13,1613,VT7859|0|MEMB006C|-|2630,-0.9537003636360168,3454,ATATTC,TTCGTCAAAGC,ACAAA
14,1680,VT7859|0|MEMB007B|-|2739,-6.403261661529541,3454,TTATCT,TTCGTTTAGTC,AAGAA
15,1393,VT7859|0|MEMB007C|+|2445,-3.1553342342376713,3454,TTATTT,TTCTAATATTT,TTAGT
16,1680,VT7859|0|MEMB007D|-|2756,-3.1553342342376713,3454,TCCGTT,TTCTTCTATCC,ATAAG
17,1479,VT7859|0|MEMB008C|+|2636,-2.155334234237671,3454,TCTTCT,TTCATACCGTT,TCTAA
18,1430,VT7859|0|dkik|-|2616,-6.403261661529541,3454,TTATCT,TACTTCTAATT,TACAA
