,raw,orig_species,score,align_position,strand,sequence,5_before,5_after
0,2232,VT7859|0|MEMB002D|+|3269,2.3556277751922607,3981,positive,GTTATA,GAGTG,ATTCA
1,3436,VT7859|0|MEMB002E|+|4467,-0.8922998309135437,3981,positive,GACGTA,GTGTA,TTTTT
2,1661,VT7859|0|MEMB003A|-|2246,-0.8922998309135437,3981,positive,GGATTA,GTGGT,TTTGA
3,1557,VT7859|0|MEMB003B|+|2464,-4.155333995819092,3981,positive,GGAGTT,ATGTA,TCTTG
4,1576,VT7859|0|MEMB003D|-|2549,-1.8922997713088991,3981,positive,GGAGTA,GTGGT,CTTGA
5,855,VT7859|0|MEMB003F|+|1865,2.3556277751922607,3981,positive,GGTGTA,GTATA,TTTTG
6,1814,VT7859|0|MEMB004B|+|2821,2.3556277751922607,3981,positive,GGTATA,GAGTA,ATTTG
7,2011,VT7859|0|MEMB006A|+|2945,-1.8922997713088991,3981,positive,GGAGTA,GTATA,TTTTG
8,1689,VT7859|0|MEMB008C|+|2636,2.3556277751922607,3981,positive,GGTCTA,AAAAC,TTTTG
9,1704,VT7859|0|dkik|-|2616,-0.8922998309135437,3981,positive,GGATTA,GTGGT,CTTGA
