,raw,orig_species,score,align_position,sequence,5_before,5_after
0,2287,VT7859|0|MEMB002D|+|3269,-1.8922997713088991,4036,TATTCT,CAAAA,CAAAA
1,3491,VT7859|0|MEMB002E|+|4467,-0.8922998309135437,4036,TAATAC,CAAAA,CAAAA
2,1693,VT7859|0|MEMB003A|-|2246,-0.8922998309135437,4036,TAATCC,TAAAA,CAAAA
3,1598,VT7859|0|MEMB003D|-|2549,-1.8922997713088991,4036,TATTCC,CAAAA,CAAAA
4,910,VT7859|0|MEMB003F|+|1865,2.3556277751922607,4036,TATACC,CAAAA,CAATA
5,1869,VT7859|0|MEMB004B|+|2821,-1.8922997713088991,4036,TATTTT,CAAAT,CAAAA
6,1726,VT7859|0|dkik|-|2616,-1.8922997713088991,4036,TATTTC,CAAAA,CAAAA
