,raw,orig_species,score,align_position,strand,sequence,5_before,5_after
0,1874,VT7859|0|MEMB002A|-|2963,-6.403261661529541,3454,positive,TTATCT,TAGTC,AAAAA
1,1830,VT7859|0|MEMB002C|-|2873,-6.403261661529541,3454,positive,TTATCT,TAGTC,AAGAA
2,1859,VT7859|0|MEMB002D|+|3269,-4.140227317810059,3454,positive,TAATCA,CAATA,TAATT
3,3079,VT7859|0|MEMB002E|+|4467,-6.403261661529541,3454,positive,CTATCT,TACGC,TTTAT
4,1414,VT7859|0|MEMB003A|-|2246,-6.403261661529541,3454,positive,TTATCT,TACTT,TACAA
5,434,VT7859|0|MEMB003F|+|1865,1.0925933122634888,3454,positive,TTTTTT,TTTTT,TCCCG
6,1747,VT7859|0|MEMB004A|-|2860,-4.201627731323241,3454,positive,TTATCC,TTATC,TATAA
7,1490,VT7859|0|MEMB004B|+|2821,-5.201627731323242,3454,positive,ATATAC,TAATA,GAAAC
8,1475,VT7859|0|MEMB004E|+|2568,-6.403261661529541,3454,positive,TAATCT,TATTC,TATTT
9,1474,VT7859|0|MEMB005B|+|2462,1.0925933122634888,3454,positive,TCTTTT,CAATC,ATTTT
10,1627,VT7859|0|MEMB005D|+|2766,-7.403261661529541,3454,positive,ATATAT,TACTT,GGAAA
11,1783,VT7859|0|MEMB006A|+|2945,-3.1553342342376713,3454,positive,TCCCTT,TATTT,TAAAT
12,1389,VT7859|0|MEMB006B|+|2450,-3.1553342342376713,3454,positive,ACATTT,TAGGT,ATAAA
13,1613,VT7859|0|MEMB006C|-|2630,-0.9537003636360168,3454,positive,ATATTC,AAAGC,ACAAA
14,1680,VT7859|0|MEMB007B|-|2739,-6.403261661529541,3454,positive,TTATCT,TAGTC,AAGAA
15,1393,VT7859|0|MEMB007C|+|2445,-3.1553342342376713,3454,positive,TTATTT,TATTT,TTAGT
16,1680,VT7859|0|MEMB007D|-|2756,-3.1553342342376713,3454,positive,TCCGTT,TATCC,ATAAG
17,1479,VT7859|0|MEMB008C|+|2636,-2.155334234237671,3454,positive,TCTTCT,CCGTT,TCTAA
18,1430,VT7859|0|dkik|-|2616,-6.403261661529541,3454,positive,TTATCT,TAATT,TACAA
