,raw,orig_species,score,align_position,strand,sequence,5_before,5_after
0,1920,VT7859|0|MEMB002A|-|2963,-5.140227317810059,3746,positive,TAATAA,TTGTG,TTTAA
1,1876,VT7859|0|MEMB002C|-|2873,-5.140227317810059,3746,positive,CAATAA,TTGTG,TTTAA
2,2024,VT7859|0|MEMB002D|+|3269,-4.307337284088135,3746,positive,TGAATG,AAGGG,TATCT
3,3223,VT7859|0|MEMB002E|+|4467,-0.8922998309135437,3746,positive,ATATTA,TACGA,TCAGA
4,1970,VT7859|0|MEMB002F|-|2999,-0.8922998309135437,3746,positive,CAATTA,TTTTA,CTTAA
5,1515,VT7859|0|MEMB003A|-|2246,-4.201627731323241,3746,positive,TAATCC,CAGAA,AATAT
6,1435,VT7859|0|MEMB003B|+|2464,-4.307337284088135,3746,positive,TGAGTG,GGGAG,TATTT
7,1863,VT7859|0|MEMB003C|-|2885,-5.140227317810059,3746,positive,CAATAA,TTCTG,TTTAA
8,1432,VT7859|0|MEMB003D|-|2549,-0.9537003636360168,3746,positive,TAATTC,CAGAA,AATAT
9,690,VT7859|0|MEMB003F|+|1865,-5.140227317810059,3746,positive,GGACCA,GTATA,TTTTG
10,1803,VT7859|0|MEMB004A|-|2860,-7.403261661529541,3746,positive,TTATAT,CGGGG,AATAT
11,1622,VT7859|0|MEMB004B|+|2821,-5.140227317810059,3746,positive,TAATAA,TTAAT,CCCGT
12,1517,VT7859|0|MEMB004E|+|2568,-3.1402273178100586,3746,positive,GTATGA,ATGAT,ATTTT
13,1483,VT7859|0|MEMB005B|+|2462,-7.403261661529541,3746,positive,CAATAT,TTTCC,ATGGG
14,1688,VT7859|0|MEMB005D|+|2766,-0.8922998309135437,3746,positive,CAATTA,TCTTA,TTCAC
15,1856,VT7859|0|MEMB006A|+|2945,-0.9537003636360168,3746,positive,CCATTC,CAGAA,TCGAT
16,1430,VT7859|0|MEMB006B|+|2450,-5.140227317810059,3746,positive,ATATAA,ATAAT,ATATA
17,1636,VT7859|0|MEMB006C|-|2630,-0.9537003636360168,3746,positive,CTATTC,CTACA,ATTAA
18,1723,VT7859|0|MEMB007B|-|2739,-3.3073372840881348,3746,positive,TCATTG,TTTGA,ATTGT
19,1748,VT7859|0|MEMB007D|-|2756,-3.3073372840881348,3746,positive,TCATTG,TTATC,TTATA
20,1525,VT7859|0|MEMB008C|+|2636,-0.8922998309135437,3746,positive,GAATTA,ATCTA,GTTTT
21,1555,VT7859|0|dkik|-|2616,-4.201627731323241,3746,positive,TAATCC,TAGAA,AATAT
