,raw,orig_species,score,align_position,strand,sequence,5_before,5_after
0,547,VT7859|0|MEMB002B|+|2349,-0.8922998309135437,703,positive,AATTAA,TTACA,ATAAA
1,562,VT7859|0|MEMB002C|-|2873,1.0925933122634888,703,positive,AATTTT,AAATA,AATAA
2,512,VT7859|0|MEMB003B|+|2464,2.3556277751922607,703,positive,AATATA,ATATA,AGTAA
3,519,VT7859|0|MEMB004B|+|2821,3.3556277751922607,703,positive,AGTTTA,TCAAA,AACAA
4,525,VT7859|0|MEMB005B|+|2462,-0.8922998309135437,703,positive,GGATTA,TTATA,GCTAG
5,552,VT7859|0|MEMB005D|+|2766,-1.8922997713088991,703,positive,AAAATA,TTATA,AATAA
6,532,VT7859|0|MEMB006A|+|2945,2.3556277751922607,703,positive,AATATA,TTATA,AATAA
7,543,VT7859|0|MEMB006C|-|2630,-1.8922997713088991,703,positive,AATAAA,TTTAT,AAATA
8,532,VT7859|0|MEMB008C|+|2636,3.3556277751922607,703,positive,AGTTTA,CTAAA,AAGAG
