,raw,orig_species,score,align_position,sequence,5_before,5_after
0,1988,VT7859|0|MEMB002A|-|2963,-4.307337284088135,3837,TAAGTG,ACAAA,ATTTT
1,1943,VT7859|0|MEMB002C|-|2873,-4.307337284088135,3837,AAAGTG,ACAAA,ATTTT
2,2100,VT7859|0|MEMB002D|+|3269,-5.140227317810059,3837,GGATAA,ATTTT,ACTTT
3,3311,VT7859|0|MEMB002E|+|4467,-2.193808317184448,3837,GAGTAT,ATTTT,ATTTT
4,2027,VT7859|0|MEMB002F|-|2999,-4.307337284088135,3837,GAAGTG,TCAAA,TTTTT
5,1580,VT7859|0|MEMB003A|-|2246,3.3556277751922607,3837,TTTTTA,AATAA,ATCTT
6,1918,VT7859|0|MEMB003C|-|2885,-4.307337284088135,3837,AAAGTG,ATTGT,ATTTT
7,1494,VT7859|0|MEMB003D|-|2549,-8.403262138366701,3837,TTAAAT,AATTT,ATTTT
8,768,VT7859|0|MEMB003F|+|1865,-0.19380836188793185,3837,GGGTGT,ACTTT,ACTTT
9,1848,VT7859|0|MEMB004A|-|2860,-4.307337284088135,3837,GAAGTG,TTAAC,CTTTG
10,1705,VT7859|0|MEMB004B|+|2821,4.317153453826903,3837,CTGTTA,GTTTT,ATTTT
11,1497,VT7859|0|MEMB005B|+|2462,-2.193808317184448,3837,GGGTAT,ACGAT,ATTTT
12,1760,VT7859|0|MEMB005D|+|2766,-1.8922997713088991,3837,GTTAAA,ATTGT,ATTTT
13,1921,VT7859|0|MEMB006A|+|2945,2.054119110107422,3837,AAGTTT,CTGTT,ATTTG
14,1764,VT7859|0|MEMB007B|-|2739,0.902116060256958,3837,TAGGTG,ACAAA,ATTTT
15,1797,VT7859|0|MEMB007D|-|2756,-3.3073372840881348,3837,GAATTG,AAACA,AACTT
16,1592,VT7859|0|MEMB008C|+|2636,-0.19380836188793185,3837,GGGTGT,ATTTT,TTTTT
17,1623,VT7859|0|dkik|-|2616,-0.8922998309135437,3837,TTTTAA,ATAAA,ATTTG
