,raw,orig_species,score,align_position,sequence,5_before,5_after
0,928,VT7859|0|MEMB002A|-|2963,-3.1553342342376713,1984,AGTATA,CCTTA,AATGC
1,790,VT7859|0|MEMB002B|+|2349,1.0925933122634888,1984,AAAATA,CTTTA,AATTA
2,884,VT7859|0|MEMB002C|-|2873,-2.155334234237671,1984,AGAATA,CCTTA,AATGC
3,828,VT7859|0|MEMB002D|+|3269,-3.1553342342376713,1984,AGGATA,TTTTG,AATAG
4,1901,VT7859|0|MEMB002E|+|4467,-3.3073372840881348,1984,CTAACA,TTGTT,TCCCC
5,976,VT7859|0|MEMB002F|-|2999,-3.1553342342376713,1984,AGGACA,ATTTA,AATCA
6,891,VT7859|0|MEMB003C|-|2885,-2.155334234237671,1984,AGAACA,CCTTA,AATGC
7,825,VT7859|0|MEMB004A|-|2860,-4.201627731323241,1984,GGATTA,CTTAA,AACTA
8,644,VT7859|0|MEMB005D|+|2766,-4.155333995819092,1984,attata,tttta,aatta
9,745,VT7859|0|MEMB007B|-|2739,-2.155334234237671,1984,AGAATA,CCTTA,CATTT
