,raw,orig_species,score,align_position,sequence,5_before,5_after
0,2172,VT7859|0|MEMB002A|-|2963,-1.8922997713088991,4181,TAGTTC,TATCA,TTTCC
1,2086,VT7859|0|MEMB002C|-|2873,-1.8922997713088991,4181,TAGTCC,TCTTA,TTTCC
2,2403,VT7859|0|MEMB002D|+|3269,-3.193808317184448,4181,ATGCAT,TCTTG,TTCTG
3,3626,VT7859|0|MEMB002E|+|4467,-6.140227317810059,4181,TTTTAT,TATTA,TTCTG
4,2224,VT7859|0|MEMB002F|-|2999,1.0925933122634888,4181,AAAAGT,TCCTT,ATTAA
5,1799,VT7859|0|MEMB003A|-|2246,-4.155333995819092,4181,AATTTA,TTCCT,TTTCC
6,1641,VT7859|0|MEMB003B|+|2464,-0.9537003636360168,4181,GAATAT,CCTTA,TTCCT
7,2101,VT7859|0|MEMB003C|-|2885,-0.8922998309135437,4181,TAATCC,TCTTA,TTTCC
8,1710,VT7859|0|MEMB003D|-|2549,-4.155333995819092,4181,AATTTA,TTCCT,TTTCT
9,1016,VT7859|0|MEMB003F|+|1865,-3.1553342342376713,4181,AAATAT,TCTTA,TTCTC
10,2057,VT7859|0|MEMB004A|-|2860,-3.1553342342376713,4181,AAGGTA,TATCA,TTTCC
11,1993,VT7859|0|MEMB004B|+|2821,-4.155333995819092,4181,AAGTAT,TCTTA,TTTTG
12,1713,VT7859|0|MEMB004E|+|2568,-4.155333995819092,4181,AAGTAT,TCTTA,TTTTG
13,1627,VT7859|0|MEMB005B|+|2462,-4.155333995819092,4181,AAGTAC,TCTTA,TTTTA
14,1923,VT7859|0|MEMB005D|+|2766,-3.3073372840881348,4181,CAGGTA,TTCTA,TTTCT
15,2103,VT7859|0|MEMB006A|+|2945,-2.155334234237671,4181,AAAGAA,TTCTG,TTTCG
16,1633,VT7859|0|MEMB006B|+|2450,4.317153453826903,4181,TAACTT,TGCAT,CTCTT
17,1772,VT7859|0|MEMB006C|-|2630,-4.155333995819092,4181,AAGTAT,TCTTA,TTTTG
18,1945,VT7859|0|MEMB007B|-|2739,-1.8922997713088991,4181,TAGTCC,TCTCA,CTTCC
19,1627,VT7859|0|MEMB007C|+|2445,-0.9537003636360168,4181,GAATAT,CTTTA,TTCCT
20,1950,VT7859|0|MEMB007D|-|2756,0.09259329736232758,4181,AAGATA,CTCTG,TCCCT
21,1795,VT7859|0|MEMB008C|+|2636,-4.155333995819092,4181,AAGTAT,TCTTA,TTCGG
22,1772,VT7859|0|dkik|-|2616,-4.155333995819092,4181,AACTAA,AAATA,AATAC
