,raw,orig_species,score,align_position,sequence,5_before,5_after
0,547,VT7859|0|MEMB002B|+|2349,-0.8922998309135437,703,TTAATT,TGTTA,TTTAT
1,562,VT7859|0|MEMB002C|-|2873,1.0925933122634888,703,AAAATT,TTTCA,TTATT
2,512,VT7859|0|MEMB003B|+|2464,2.3556277751922607,703,TATATT,TTGTG,TTACT
3,519,VT7859|0|MEMB004B|+|2821,3.3556277751922607,703,TAAACT,TTATA,TTGTT
4,525,VT7859|0|MEMB005B|+|2462,-0.8922998309135437,703,TAATCC,TTTAA,CTAGC
5,552,VT7859|0|MEMB005D|+|2766,-1.8922997713088991,703,TATTTT,TTTAA,TTATT
6,532,VT7859|0|MEMB006A|+|2945,2.3556277751922607,703,TATATT,TTTAA,TTATT
7,543,VT7859|0|MEMB006C|-|2630,-1.8922997713088991,703,TTTATT,ACGTA,TATTT
8,532,VT7859|0|MEMB008C|+|2636,3.3556277751922607,703,TAAACT,TTATA,CTCTT
