,raw,orig_species,score,align_position,strand,sequence,5_before,5_after
0,1905,VT7859|0|MEMB002A|-|2963,-7.555264949798584,3715,positive,TGATAG,AAATA,ATTTG
1,1861,VT7859|0|MEMB002C|-|2873,-7.555264949798584,3715,positive,TGATAG,CAAAA,ATTTG
2,1993,VT7859|0|MEMB002D|+|3269,-3.345811367034912,3715,positive,TTGAAG,AGTTA,TGATT
3,3209,VT7859|0|MEMB002E|+|4467,-4.307337284088135,3715,positive,CGACTG,AATGC,TGATA
4,1955,VT7859|0|MEMB002F|-|2999,-7.555264949798584,3715,positive,TAATAG,AGAAG,ATTTT
5,1486,VT7859|0|MEMB003A|-|2246,-3.3073372840881348,3715,positive,CGATTG,TATTT,AATTA
6,1848,VT7859|0|MEMB003C|-|2885,-7.555264949798584,3715,positive,TGATAG,AAAAA,ATTTC
7,659,VT7859|0|MEMB003F|+|1865,3.3171534538269043,3715,positive,TGGGTA,GGGTA,CATTT
8,1779,VT7859|0|MEMB004A|-|2860,-1.1938083171844482,3715,positive,TAGTCT,AAAAT,AAGTT
9,1609,VT7859|0|MEMB004B|+|2821,-4.201627731323241,3715,positive,TAATCC,CATAT,TTCTT
10,1501,VT7859|0|MEMB004E|+|2568,-8.555264472961426,3715,positive,TCAAAG,AATTT,TATGA
11,1657,VT7859|0|MEMB005D|+|2766,-3.1553342342376713,3715,positive,TAATTT,AATTA,ATCCA
12,1832,VT7859|0|MEMB006A|+|2945,-7.403261661529541,3715,positive,TAACCT,GAATA,TACCA
13,1412,VT7859|0|MEMB006B|+|2450,-5.140227317810059,3715,positive,TAATAA,CTATC,TAATA
14,1709,VT7859|0|MEMB007B|-|2739,-7.555264949798584,3715,positive,TGATAG,AAAAA,TATTT
15,1733,VT7859|0|MEMB007D|-|2756,-7.403261661529541,3715,positive,TCATAT,ATTAT,ATTTA
16,1526,VT7859|0|dkik|-|2616,-3.3073372840881348,3715,positive,CGATTG,TATTT,AATTA
