,raw,orig_species,score,align_position,sequence,5_before,5_after
0,616,VT7859|0|MEMB002A|-|2963,-6.140227317810059,1340,GGAAAA,TATTA,AATTC
1,570,VT7859|0|MEMB002B|+|2349,-7.403261661529541,1340,GGATAT,TTTAA,AATCC
2,633,VT7859|0|MEMB002C|-|2873,-6.140227317810059,1340,GGAAAA,TATTA,AATCC
3,567,VT7859|0|MEMB002D|+|3269,-5.140227317810059,1340,AAATAA,ATTGG,AATGC
4,1270,VT7859|0|MEMB002E|+|4467,-6.201627731323242,1340,AGAAAC,TTTAA,TAATT
5,657,VT7859|0|MEMB002F|-|2999,-0.8922998309135437,1340,GGATTA,ATTTA,AATCG
6,641,VT7859|0|MEMB003C|-|2885,-6.140227317810059,1340,GGAAAA,TATTA,AGTCC
7,585,VT7859|0|MEMB004A|-|2860,-5.140227317810059,1340,GGATAA,TTTTA,TATCC
8,602,VT7859|0|MEMB006A|+|2945,-5.140227317810059,1340,AAATAA,ATTAA,TATAC
9,593,VT7859|0|MEMB006C|-|2630,-5.140227317810059,1340,AAATAA,ATTGT,TATGC
10,596,VT7859|0|MEMB007D|-|2756,-5.140227317810059,1340,ACATAA,ATTGT,AAGCC
