,raw,orig_species,score,align_position,sequence,5_before,5_after
0,828,VT7859|0|MEMB002A|-|2963,-6.201627731323242,1790,GTTTAA,TATAG,TGTTC
1,749,VT7859|0|MEMB002B|+|2349,-4.201627731323241,1790,GGATAA,AATAA,TTTTA
2,788,VT7859|0|MEMB002C|-|2873,-6.201627731323242,1790,GTTTAA,TATAG,TGTTC
3,752,VT7859|0|MEMB002D|+|3269,-6.201627731323242,1790,GTTTAA,TAAAG,ACTTA
4,1707,VT7859|0|MEMB002E|+|4467,-4.201627731323241,1790,GCTTAA,AAAGT,AATTA
5,888,VT7859|0|MEMB002F|-|2999,-6.201627731323242,1790,GTTTAA,GATGG,GCTTC
6,795,VT7859|0|MEMB003C|-|2885,-6.201627731323242,1790,GTTTAA,TATAG,TCTTC
7,549,VT7859|0|MEMB005B|+|2462,-3.193808317184448,1790,ATTCAG,TATAA,TTTTC
8,804,VT7859|0|MEMB006A|+|2945,-4.201627731323241,1790,GCTTAA,TAAAG,ACTTG
9,643,VT7859|0|MEMB006C|-|2630,-6.403261661529541,1790,ACTTAA,TATGA,TTCCA
10,659,VT7859|0|MEMB007B|-|2739,-6.201627731323242,1790,GTTTAA,AATAG,TCATC
11,740,VT7859|0|MEMB007D|-|2756,-1.9537003040313718,1790,GTTAAA,CAAAT,AGTAT
