,raw,orig_species,score,align_position,sequence,5_before,5_after
0,1924,VT7859|0|MEMB002A|-|2963,-1.8922997713088991,3759,TATTAA,ATTAT,ATTAA
1,1883,VT7859|0|MEMB002C|-|2873,3.3556277751922607,3759,TAAATT,ATTGT,AAATT
2,2037,VT7859|0|MEMB002D|+|3269,0.94059020280838,3759,CAAATA,ATATA,AAATA
3,3236,VT7859|0|MEMB002E|+|4467,-2.1402273178100586,3759,TCAGGA,TGAAA,ATATT
4,1979,VT7859|0|MEMB002F|-|2999,-6.403261661529541,3759,AGATTA,TGTTA,AATTG
5,1522,VT7859|0|MEMB003A|-|2246,-1.8922997713088991,3759,TATTTA,ATTAA,ATTCT
6,1870,VT7859|0|MEMB003C|-|2885,3.3556277751922607,3759,TAAATT,ATTGT,AAGAT
7,1439,VT7859|0|MEMB003D|-|2549,-1.8922997713088991,3759,TATTTA,ATTAA,ATACT
8,695,VT7859|0|MEMB003F|+|1865,-1.3073372840881348,3759,CCAAAA,TGGTC,ATGTA
9,1631,VT7859|0|MEMB004B|+|2821,-4.201627731323241,3759,GGATTA,TAACG,CTTTT
10,1869,VT7859|0|MEMB006A|+|2945,-0.8922998309135437,3759,TTAAGA,CGAGA,ATGTT
11,1443,VT7859|0|MEMB006B|+|2450,-1.8922997713088991,3759,tattgt,tatta,attat
12,1754,VT7859|0|MEMB007D|-|2756,2.3556277751922607,3759,tataaC,aatga,ATTTT
13,1529,VT7859|0|MEMB008C|+|2636,1.1077002286911009,3759,TCAAAA,ATAAT,CATTA
14,1562,VT7859|0|dkik|-|2616,-1.8922997713088991,3759,TATTTA,ATTAA,ATTCT
