,raw,orig_species,score,align_position,sequence,5_before,5_after
0,1988,VT7859|0|MEMB002A|-|2963,-4.307337284088135,3837,CACTTA,TTTGT,AAAAT
1,1943,VT7859|0|MEMB002C|-|2873,-4.307337284088135,3837,CACTTT,TTTGT,AAAAT
2,2100,VT7859|0|MEMB002D|+|3269,-5.140227317810059,3837,TTATCC,AAAAT,AAAGT
3,3311,VT7859|0|MEMB002E|+|4467,-2.193808317184448,3837,ATACTC,AAAAT,AAAAT
4,2027,VT7859|0|MEMB002F|-|2999,-4.307337284088135,3837,CACTTC,TTTGA,AAAAA
5,1580,VT7859|0|MEMB003A|-|2246,3.3556277751922607,3837,TAAAAA,TTATT,AAGAT
6,1918,VT7859|0|MEMB003C|-|2885,-4.307337284088135,3837,CACTTT,ACAAT,AAAAT
7,1494,VT7859|0|MEMB003D|-|2549,-8.403262138366701,3837,ATTTAA,AAATT,AAAAT
8,768,VT7859|0|MEMB003F|+|1865,-0.19380836188793185,3837,ACACCC,AAAGT,AAAGT
9,1848,VT7859|0|MEMB004A|-|2860,-4.307337284088135,3837,CACTTC,GTTAA,CAAAG
10,1705,VT7859|0|MEMB004B|+|2821,4.317153453826903,3837,TAACAG,AAAAC,AAAAT
11,1497,VT7859|0|MEMB005B|+|2462,-2.193808317184448,3837,ATACCC,ATCGT,AAAAT
12,1760,VT7859|0|MEMB005D|+|2766,-1.8922997713088991,3837,TTTAAC,ACAAT,AAAAT
13,1921,VT7859|0|MEMB006A|+|2945,2.054119110107422,3837,AAACTT,AACAG,CAAAT
14,1764,VT7859|0|MEMB007B|-|2739,0.902116060256958,3837,CACCTA,TTTGT,AAAAT
15,1797,VT7859|0|MEMB007D|-|2756,-3.3073372840881348,3837,CAATTC,TGTTT,AAGTT
16,1592,VT7859|0|MEMB008C|+|2636,-0.19380836188793185,3837,ACACCC,AAAAT,AAAAA
17,1623,VT7859|0|dkik|-|2616,-0.8922998309135437,3837,TTAAAA,TTTAT,CAAAT
