,raw,orig_species,score,align_position,sequence,5_before,5_after
0,1810,VT7859|0|MEMB002D|+|3269,2.3556277751922607,3382,AATATA,TTAAA,AATAA
1,396,VT7859|0|MEMB003F|+|1865,-4.201627731323241,3382,TAATCC,CGTTT,TCGTT
2,1441,VT7859|0|MEMB004B|+|2821,-6.403261661529541,3382,AACTAT,TCTAC,TAATG
3,1589,VT7859|0|MEMB005D|+|2766,-7.403261661529541,3382,TTCAAT,GCAAA,CTTTT
4,1358,VT7859|0|dkik|-|2616,-6.201627731323242,3382,ATAAAC,TTATA,ACTCC
