,raw,orig_species,score,align_position,strand,sequence,5_before,5_after
0,1988,VT7859|0|MEMB002A|-|2963,-4.307337284088135,3837,positive,TAAGTG,GGCTC,ATTTT
1,1943,VT7859|0|MEMB002C|-|2873,-4.307337284088135,3837,positive,AAAGTG,GGCTC,ATTTT
2,2100,VT7859|0|MEMB002D|+|3269,-5.140227317810059,3837,positive,GGATAA,AAAGT,ACTTT
3,3311,VT7859|0|MEMB002E|+|4467,-2.193808317184448,3837,positive,GAGTAT,GGTTT,ATTTT
4,2027,VT7859|0|MEMB002F|-|2999,-4.307337284088135,3837,positive,GAAGTG,CTCTT,TTTTT
5,1580,VT7859|0|MEMB003A|-|2246,3.3556277751922607,3837,positive,TTTTTA,TTTGA,ATCTT
6,1918,VT7859|0|MEMB003C|-|2885,-4.307337284088135,3837,positive,AAAGTG,CATTG,ATTTT
7,1494,VT7859|0|MEMB003D|-|2549,-8.403262138366701,3837,positive,TTAAAT,GATTG,ATTTT
8,768,VT7859|0|MEMB003F|+|1865,-0.19380836188793185,3837,positive,GGGTGT,TGTGT,ACTTT
9,1848,VT7859|0|MEMB004A|-|2860,-4.307337284088135,3837,positive,GAAGTG,CTCTC,CTTTG
10,1705,VT7859|0|MEMB004B|+|2821,4.317153453826903,3837,positive,CTGTTA,TTAAT,ATTTT
11,1497,VT7859|0|MEMB005B|+|2462,-2.193808317184448,3837,positive,GGGTAT,GGCAA,ATTTT
12,1760,VT7859|0|MEMB005D|+|2766,-1.8922997713088991,3837,positive,GTTAAA,ATCTT,ATTTT
13,1921,VT7859|0|MEMB006A|+|2945,2.054119110107422,3837,positive,AAGTTT,GGTGA,ATTTG
14,1764,VT7859|0|MEMB007B|-|2739,0.902116060256958,3837,positive,TAGGTG,GGATA,ATTTT
15,1797,VT7859|0|MEMB007D|-|2756,-3.3073372840881348,3837,positive,GAATTG,TTTGT,AACTT
16,1592,VT7859|0|MEMB008C|+|2636,-0.19380836188793185,3837,positive,GGGTGT,GGCAT,TTTTT
17,1623,VT7859|0|dkik|-|2616,-0.8922998309135437,3837,positive,TTTTAA,AATTT,ATTTG
