,raw,orig_species,score,align_position,strand,sequence,5_before,5_after
0,422,VT7859|0|MEMB002A|-|2963,-7.403261661529541,513,positive,TTATAT,TAGCA,GAAAT
1,404,VT7859|0|MEMB002B|+|2349,-7.403261661529541,513,positive,GTATAT,CACCA,GAAAT
2,434,VT7859|0|MEMB002C|-|2873,-7.403261661529541,513,positive,TTATAT,TTTAG,GAAAT
3,421,VT7859|0|MEMB002D|+|3269,-7.403261661529541,513,positive,TTATAT,AAGCA,AAAAT
4,470,VT7859|0|MEMB002E|+|4467,-7.403261661529541,513,positive,GTATAT,CTAAC,AAAAT
5,413,VT7859|0|MEMB002F|-|2999,-4.201627731323241,513,positive,TTATCC,TAGCA,GAAAT
6,407,VT7859|0|MEMB003A|-|2246,-7.403261661529541,513,positive,TTATAT,AAGCA,TAAAT
7,416,VT7859|0|MEMB003B|+|2464,-2.193808317184448,513,positive,ATGTAT,CTAAG,CTTGA
8,433,VT7859|0|MEMB003C|-|2885,-7.403261661529541,513,positive,TTATAT,TTTAG,GAAAT
9,428,VT7859|0|MEMB003D|-|2549,-7.403261661529541,513,positive,TTATAT,AAGCA,TAAAT
10,406,VT7859|0|MEMB004A|-|2860,-7.403261661529541,513,positive,GTATAT,CACCA,GAAAT
11,417,VT7859|0|MEMB004B|+|2821,-7.403261661529541,513,positive,TTATAT,CAGCT,ATATT
12,439,VT7859|0|MEMB004E|+|2568,-7.403261661529541,513,positive,TTATAT,AAGCA,TATAT
13,431,VT7859|0|MEMB005B|+|2462,-4.155333995819092,513,positive,ATTCAT,CTAAG,TTTAT
14,439,VT7859|0|MEMB005D|+|2766,-7.403261661529541,513,positive,TTATAT,AAACA,TAATA
15,434,VT7859|0|MEMB006A|+|2945,-7.403261661529541,513,positive,TTATAT,ATAAT,AAATT
16,438,VT7859|0|MEMB006B|+|2450,-3.1553342342376713,513,positive,TTATTT,AACCT,TAAAT
17,443,VT7859|0|MEMB006C|-|2630,-6.403261661529541,513,positive,GTCTAT,TTAAG,TTCAA
18,430,VT7859|0|MEMB007B|-|2739,-7.403261661529541,513,positive,TTATAT,TAGCA,GAAAT
19,410,VT7859|0|MEMB007C|+|2445,-7.403261661529541,513,positive,TTATAT,TAGGA,CAAAT
20,427,VT7859|0|MEMB007D|-|2756,-8.403262138366701,513,positive,TTAAAT,AAGCA,CAAAT
21,431,VT7859|0|MEMB008C|+|2636,-7.403261661529541,513,positive,CTATAT,TATAA,TAGGT
22,419,VT7859|0|dkik|-|2616,-3.1553342342376713,513,positive,TTATTT,AAAGA,GTAAA
