,raw,orig_species,score,align_position,sequence,5_before,5_after
0,929,VT7859|0|MEMB002A|-|2963,-5.201627731323242,1985,GTATAA,CTTAA,ATGCT
1,791,VT7859|0|MEMB002B|+|2349,-3.1553342342376713,1985,AAATAA,TTTAA,ATTAT
2,885,VT7859|0|MEMB002C|-|2873,-0.9537003636360168,1985,GAATAA,CTTAA,ATGCT
3,829,VT7859|0|MEMB002D|+|3269,-4.201627731323241,1985,GGATAA,TTTGA,ATAGT
4,1902,VT7859|0|MEMB002E|+|4467,4.317153453826903,1985,TAACAT,TGTTC,CCCCG
5,977,VT7859|0|MEMB002F|-|2999,1.0078254938125608,1985,GGACAA,TTTAA,ATCAA
6,892,VT7859|0|MEMB003C|-|2885,4.255753040313722,1985,GAACAA,CTTAA,ATGCT
7,826,VT7859|0|MEMB004A|-|2860,-1.9537003040313718,1985,GATTAA,TTAAG,ACTAT
8,645,VT7859|0|MEMB005D|+|2766,-5.140227317810059,1985,ttataa,tttaa,attat
9,746,VT7859|0|MEMB007B|-|2739,-0.9537003636360168,1985,GAATAC,CTTAA,ATTTT
