,raw,orig_species,score,align_position,sequence,5_before,5_after
0,2232,VT7859|0|MEMB002D|+|3269,2.3556277751922607,3981,TATAAC,CAAAA,TGAAT
1,3436,VT7859|0|MEMB002E|+|4467,-0.8922998309135437,3981,TACGTC,AATAA,AAAAA
2,1661,VT7859|0|MEMB003A|-|2246,-0.8922998309135437,3981,TAATCC,TAGAA,TCAAA
3,1557,VT7859|0|MEMB003B|+|2464,-4.155333995819092,3981,AACTCC,TAAAA,CAAGA
4,1576,VT7859|0|MEMB003D|-|2549,-1.8922997713088991,3981,TACTCC,TAGAA,TCAAG
5,855,VT7859|0|MEMB003F|+|1865,2.3556277751922607,3981,TACACC,CAAAG,CAAAA
6,1814,VT7859|0|MEMB004B|+|2821,2.3556277751922607,3981,TATACC,TAAAA,CAAAT
7,2011,VT7859|0|MEMB006A|+|2945,-1.8922997713088991,3981,TACTCC,CAAAA,CAAAA
8,1689,VT7859|0|MEMB008C|+|2636,2.3556277751922607,3981,TAGACC,TTAAA,CAAAA
9,1704,VT7859|0|dkik|-|2616,-0.8922998309135437,3981,TAATCC,TAGAA,TCAAG
