,raw,orig_species,score,align_position,sequence,5_before,5_after
0,1920,VT7859|0|MEMB002A|-|2963,-5.140227317810059,3746,TAATAA,TCCCA,TTTAA
1,1876,VT7859|0|MEMB002C|-|2873,-5.140227317810059,3746,CAATAA,TCCCA,TTTAA
2,2024,VT7859|0|MEMB002D|+|3269,-4.307337284088135,3746,TGAATG,TATTT,TATCT
3,3223,VT7859|0|MEMB002E|+|4467,-0.8922998309135437,3746,ATATTA,TGATG,TCAGA
4,1970,VT7859|0|MEMB002F|-|2999,-0.8922998309135437,3746,CAATTA,TCTTA,CTTAA
5,1515,VT7859|0|MEMB003A|-|2246,-4.201627731323241,3746,TAATCC,TGCCT,AATAT
6,1435,VT7859|0|MEMB003B|+|2464,-4.307337284088135,3746,TGAGTG,TATTT,TATTT
7,1863,VT7859|0|MEMB003C|-|2885,-5.140227317810059,3746,CAATAA,TCCCA,TTTAA
8,1432,VT7859|0|MEMB003D|-|2549,-0.9537003636360168,3746,TAATTC,TGCCT,AATAT
9,690,VT7859|0|MEMB003F|+|1865,-5.140227317810059,3746,GGACCA,TTTTG,TTTTG
10,1803,VT7859|0|MEMB004A|-|2860,-7.403261661529541,3746,TTATAT,TTTGA,AATAT
11,1622,VT7859|0|MEMB004B|+|2821,-5.140227317810059,3746,TAATAA,TCTTC,CCCGT
12,1517,VT7859|0|MEMB004E|+|2568,-3.1402273178100586,3746,GTATGA,TTTTG,ATTTT
13,1483,VT7859|0|MEMB005B|+|2462,-7.403261661529541,3746,CAATAT,TTTTC,ATGGG
14,1688,VT7859|0|MEMB005D|+|2766,-0.8922998309135437,3746,CAATTA,TTTAA,TTCAC
15,1856,VT7859|0|MEMB006A|+|2945,-0.9537003636360168,3746,CCATTC,CGCTT,TCGAT
16,1430,VT7859|0|MEMB006B|+|2450,-5.140227317810059,3746,ATATAA,TATAA,ATATA
17,1636,VT7859|0|MEMB006C|-|2630,-0.9537003636360168,3746,CTATTC,TACTA,ATTAA
18,1723,VT7859|0|MEMB007B|-|2739,-3.3073372840881348,3746,TCATTG,TTATA,ATTGT
19,1748,VT7859|0|MEMB007D|-|2756,-3.3073372840881348,3746,TCATTG,TTTTA,TTATA
20,1525,VT7859|0|MEMB008C|+|2636,-0.8922998309135437,3746,GAATTA,TTTTA,GTTTT
21,1555,VT7859|0|dkik|-|2616,-4.201627731323241,3746,TAATCC,TGCTT,AATAT
