,raw,orig_species,score,align_position,sequence,5_before,5_after
0,1763,VT7859|0|MEMB002A|-|2963,-4.201627731323241,3199,TAATCC,GCATT,CAAAA
1,1719,VT7859|0|MEMB002C|-|2873,-4.201627731323241,3199,TAATCC,GCATT,CAAAA
2,1782,VT7859|0|MEMB002F|-|2999,-4.201627731323241,3199,TAATCC,CCATT,CCAAA
3,1723,VT7859|0|MEMB003C|-|2885,-4.201627731323241,3199,TAATCC,GCATT,CAAAA
4,1655,VT7859|0|MEMB004A|-|2860,-4.201627731323241,3199,TAATCC,CCATT,CCAAA
5,1569,VT7859|0|MEMB007B|-|2739,-4.201627731323241,3199,TAATCC,GCATT,CAAAA
