,raw,orig_species,score,align_position,sequence,5_before,5_after
0,1917,VT7859|0|MEMB002A|-|2963,-4.201627731323241,3743,TAATCC,CATTT,AATAA
1,1873,VT7859|0|MEMB002C|-|2873,-4.201627731323241,3743,TAATCC,CATTT,AACAA
2,2021,VT7859|0|MEMB002D|+|3269,-2.193808317184448,3743,ATGTAT,TTAAA,CTTGA
3,3220,VT7859|0|MEMB002E|+|4467,-3.1402273178100586,3743,TTATGA,TGATA,GAATA
4,1967,VT7859|0|MEMB002F|-|2999,-6.403261661529541,3743,TTATCT,TATTT,AACAA
5,1512,VT7859|0|MEMB003A|-|2246,-2.2016279697418213,3743,TCCTGC,CTTCA,ATTAA
6,1432,VT7859|0|MEMB003B|+|2464,-2.193808317184448,3743,GTGTAT,TTTGG,TTTGA
7,1860,VT7859|0|MEMB003C|-|2885,-4.201627731323241,3743,TAATCC,CATTT,AACAA
8,1429,VT7859|0|MEMB003D|-|2549,-2.2016279697418213,3743,TTCTGC,CTTCA,ATTAA
9,687,VT7859|0|MEMB003F|+|1865,-3.1553342342376713,3743,CCATTT,TGTGT,TGGGA
10,1800,VT7859|0|MEMB004A|-|2860,1.0925933122634888,3743,TATTTT,GATCG,ATTTA
11,1619,VT7859|0|MEMB004B|+|2821,-6.403261661529541,3743,TAATCT,TCTTT,GTTAA
12,1514,VT7859|0|MEMB004E|+|2568,-3.1553342342376713,3743,TGATTT,TGTAT,TTGTA
13,1480,VT7859|0|MEMB005B|+|2462,1.0925933122634888,3743,TATTTT,TCTTT,GGCAA
14,1685,VT7859|0|MEMB005D|+|2766,-3.1553342342376713,3743,TTATTT,AATTC,ACCAA
15,1853,VT7859|0|MEMB006A|+|2945,-3.2016279697418213,3743,TTCCGC,TTCCA,ATCCA
16,1427,VT7859|0|MEMB006B|+|2450,-7.403261661529541,3743,TAATAT,AATAT,TAATA
17,1633,VT7859|0|MEMB006C|-|2630,-4.201627731323241,3743,TTCTAC,TATCT,AACTA
18,1720,VT7859|0|MEMB007B|-|2739,4.317153453826903,3743,TTGTTA,TATTT,GTTCA
19,1745,VT7859|0|MEMB007D|-|2756,2.054119110107422,3743,TTGTTT,TATTT,TATCA
20,1522,VT7859|0|MEMB008C|+|2636,-3.1553342342376713,3743,TTATTT,TAGAT,TTGAA
21,1552,VT7859|0|dkik|-|2616,-2.2016279697418213,3743,TCCTGC,TTTTA,ATTAA
