,raw,orig_species,score,align_position,strand,sequence,5_before,5_after
0,622,VT7859|0|MEMB002A|-|2963,-0.9537003636360168,1346,positive,TAATTC,TATTA,GAGAT
1,576,VT7859|0|MEMB002B|+|2349,-4.201627731323241,1346,positive,TAATCC,TTTAA,GACAT
2,639,VT7859|0|MEMB002C|-|2873,-4.201627731323241,1346,positive,TAATCC,TATTA,GAGAT
3,573,VT7859|0|MEMB002D|+|3269,-3.2016279697418213,1346,positive,GAATGC,ATTGG,AAAAA
4,1276,VT7859|0|MEMB002E|+|4467,-4.155333995819092,1346,positive,TTAATT,TTTAA,CAAAT
5,663,VT7859|0|MEMB002F|-|2999,-6.555264949798584,1346,positive,TAATCG,ATTTA,GCCAC
6,647,VT7859|0|MEMB003C|-|2885,1.0078254938125608,1346,positive,TAGTCC,TATTA,GAGAT
7,591,VT7859|0|MEMB004A|-|2860,-4.201627731323241,1346,positive,CTATCC,TTTTA,GGACA
8,608,VT7859|0|MEMB006A|+|2945,-5.201627731323242,1346,positive,ATATAC,ATTAA,CAAAA
9,599,VT7859|0|MEMB006C|-|2630,-3.2016279697418213,1346,positive,ATATGC,ATTGT,AAAAA
10,602,VT7859|0|MEMB007D|-|2756,-5.201627731323242,1346,positive,TAAGCC,ATTGT,TTCAT
