,raw,orig_species,score,align_position,sequence,5_before,5_after
0,1920,VT7859|0|MEMB002A|-|2963,-5.140227317810059,3746,TTATTA,TGGGA,TTAAA
1,1876,VT7859|0|MEMB002C|-|2873,-5.140227317810059,3746,TTATTG,TGGGA,TTAAA
2,2024,VT7859|0|MEMB002D|+|3269,-4.307337284088135,3746,CATTCA,AAATA,AGATA
3,3223,VT7859|0|MEMB002E|+|4467,-0.8922998309135437,3746,TAATAT,CATCA,TCTGA
4,1970,VT7859|0|MEMB002F|-|2999,-0.8922998309135437,3746,TAATTG,TAAGA,TTAAG
5,1515,VT7859|0|MEMB003A|-|2246,-4.201627731323241,3746,GGATTA,AGGCA,ATATT
6,1435,VT7859|0|MEMB003B|+|2464,-4.307337284088135,3746,CACTCA,AAATA,AAATA
7,1863,VT7859|0|MEMB003C|-|2885,-5.140227317810059,3746,TTATTG,TGGGA,TTAAA
8,1432,VT7859|0|MEMB003D|-|2549,-0.9537003636360168,3746,GAATTA,AGGCA,ATATT
9,690,VT7859|0|MEMB003F|+|1865,-5.140227317810059,3746,TGGTCC,CAAAA,CAAAA
10,1803,VT7859|0|MEMB004A|-|2860,-7.403261661529541,3746,ATATAA,TCAAA,ATATT
11,1622,VT7859|0|MEMB004B|+|2821,-5.140227317810059,3746,TTATTA,GAAGA,ACGGG
12,1517,VT7859|0|MEMB004E|+|2568,-3.1402273178100586,3746,TCATAC,CAAAA,AAAAT
13,1483,VT7859|0|MEMB005B|+|2462,-7.403261661529541,3746,ATATTG,GAAAA,CCCAT
14,1688,VT7859|0|MEMB005D|+|2766,-0.8922998309135437,3746,tAATTG,ttaaa,GTGAA
15,1856,VT7859|0|MEMB006A|+|2945,-0.9537003636360168,3746,GAATGG,AAGCG,ATCGA
16,1430,VT7859|0|MEMB006B|+|2450,-5.140227317810059,3746,ttatat,ttata,tatat
17,1636,VT7859|0|MEMB006C|-|2630,-0.9537003636360168,3746,GAATAG,TAGTA,TTAAT
18,1723,VT7859|0|MEMB007B|-|2739,-3.3073372840881348,3746,CAATGA,TATAA,ACAAT
19,1748,VT7859|0|MEMB007D|-|2756,-3.3073372840881348,3746,caatga,taaaa,tataa
20,1525,VT7859|0|MEMB008C|+|2636,-0.8922998309135437,3746,TAATTC,TAAAA,AAAAC
21,1555,VT7859|0|dkik|-|2616,-4.201627731323241,3746,GGATTA,AAGCA,ATATT
