,raw,orig_species,score,align_position,sequence,5_before,5_after
0,1905,VT7859|0|MEMB002A|-|2963,-7.555264949798584,3715,TGATAG,TACCT,ATTTG
1,1861,VT7859|0|MEMB002C|-|2873,-7.555264949798584,3715,TGATAG,TACCT,ATTTG
2,1993,VT7859|0|MEMB002D|+|3269,-3.345811367034912,3715,TTGAAG,TGTTT,TGATT
3,3209,VT7859|0|MEMB002E|+|4467,-4.307337284088135,3715,CGACTG,CCTTC,TGATA
4,1955,VT7859|0|MEMB002F|-|2999,-7.555264949798584,3715,TAATAG,TATAC,ATTTT
5,1486,VT7859|0|MEMB003A|-|2246,-3.3073372840881348,3715,CGATTG,GCTTT,AATTA
6,1848,VT7859|0|MEMB003C|-|2885,-7.555264949798584,3715,TGATAG,TACCT,ATTTC
7,659,VT7859|0|MEMB003F|+|1865,3.3171534538269043,3715,TGGGTA,CATAT,CATTT
8,1779,VT7859|0|MEMB004A|-|2860,-1.1938083171844482,3715,TAGTCT,TAATT,AAGTT
9,1609,VT7859|0|MEMB004B|+|2821,-4.201627731323241,3715,TAATCC,AGTTT,TTCTT
10,1501,VT7859|0|MEMB004E|+|2568,-8.555264472961426,3715,TCAAAG,TATTT,TATGA
11,1657,VT7859|0|MEMB005D|+|2766,-3.1553342342376713,3715,TAATTT,AATTT,ATCCA
12,1832,VT7859|0|MEMB006A|+|2945,-7.403261661529541,3715,TAACCT,TATTT,TACCA
13,1412,VT7859|0|MEMB006B|+|2450,-5.140227317810059,3715,TAATAA,TCTAT,TAATA
14,1709,VT7859|0|MEMB007B|-|2739,-7.555264949798584,3715,TGATAG,TACCT,TATTT
15,1733,VT7859|0|MEMB007D|-|2756,-7.403261661529541,3715,TCATAT,CTTAT,ATTTA
16,1526,VT7859|0|dkik|-|2616,-3.3073372840881348,3715,CGATTG,GCTTT,AATTA
