,raw,orig_species,score,align_position,sequence,5_before,5_after
0,616,VT7859|0|MEMB002A|-|2963,-6.140227317810059,1340,GGAAAA,TATTAAGGTAA,AATTC
1,570,VT7859|0|MEMB002B|+|2349,-7.403261661529541,1340,GGATAT,TTTAAAGGAAC,AATCC
2,633,VT7859|0|MEMB002C|-|2873,-6.140227317810059,1340,GGAAAA,TATTAAGGTAA,AATCC
3,567,VT7859|0|MEMB002D|+|3269,-5.140227317810059,1340,AAATAA,ATTGGGAGGAA,AATGC
4,1270,VT7859|0|MEMB002E|+|4467,-6.201627731323242,1340,AGAAAC,TTTAAACGGAG,TAATT
5,657,VT7859|0|MEMB002F|-|2999,-0.8922998309135437,1340,GGATTA,ATTTAATATAA,AATCG
6,641,VT7859|0|MEMB003C|-|2885,-6.140227317810059,1340,GGAAAA,TATTAAGGTAA,AGTCC
7,585,VT7859|0|MEMB004A|-|2860,-5.140227317810059,1340,GGATAA,TTTTAAGTCAA,TATCC
8,602,VT7859|0|MEMB006A|+|2945,-5.140227317810059,1340,AAATAA,ATTAATTAAAA,TATAC
9,593,VT7859|0|MEMB006C|-|2630,-5.140227317810059,1340,AAATAA,ATTGTGTACAA,TATGC
10,596,VT7859|0|MEMB007D|-|2756,-5.140227317810059,1340,ACATAA,ATTGTATGCAG,AAGCC
