,Unnamed: 0,score,species,raw_position,strand,align_position,motif,raw motif sequences
0,1,11.612828254699707,VT61209|1|MEMB002E|+|2520,1920,positive,7345,MA0212.1_bcd.jaspar,TAATCC
1,0,8.354093551635742,VT61209|1|MEMB002F|-|2384,2024,positive,7628,MA0212.1_bcd.jaspar,TTATCC
2,7,8.354093551635742,VT61209|1|MEMB003F|-|2482,269,negative,1077,MA0212.1_bcd.jaspar,TTATCC
3,9,8.354093551635742,VT61209|1|MEMB004B|+|2412,262,negative,1064,MA0212.1_bcd.jaspar,TTATCC
4,10,8.354093551635742,VT61209|1|MEMB004B|+|2412,1006,positive,2099,MA0212.1_bcd.jaspar,TTATCC
5,11,8.354093551635742,VT61209|1|MEMB004B|+|2412,1538,negative,3360,MA0212.1_bcd.jaspar,TTATCC
6,5,8.354093551635742,VT61209|1|MEMB004E|-|2958,715,negative,1077,MA0212.1_bcd.jaspar,TTATCC
7,6,8.354093551635742,VT61209|1|MEMB004E|-|2958,2149,negative,3680,MA0212.1_bcd.jaspar,TTATCC
8,12,8.354093551635742,VT61209|1|MEMB005B|+|5498,274,negative,1077,MA0212.1_bcd.jaspar,TTATCC
9,13,11.612828254699707,VT61209|1|MEMB005B|+|5498,3541,positive,5942,MA0212.1_bcd.jaspar,TAATCC
10,14,11.612828254699707,VT61209|1|MEMB005B|+|5498,3673,positive,6074,MA0212.1_bcd.jaspar,TAATCC
11,15,11.612828254699707,VT61209|1|MEMB005D|+|3006,543,positive,579,MA0212.1_bcd.jaspar,TAATCC
12,16,8.354093551635742,VT61209|1|MEMB005D|+|3006,2188,negative,3341,MA0212.1_bcd.jaspar,TTATCC
13,3,8.354093551635742,VT61209|1|MEMB006C|-|3976,2086,positive,2951,MA0212.1_bcd.jaspar,TTATCC
14,4,8.354093551635742,VT61209|1|MEMB006C|-|3976,2709,negative,3575,MA0212.1_bcd.jaspar,TTATCC
15,2,8.354093551635742,VT61209|1|MEMB007C|+|2357,1660,positive,3689,MA0212.1_bcd.jaspar,TTATCC
16,8,11.612828254699707,VT61209|1|MEMB008C|+|2303,1717,positive,7345,MA0212.1_bcd.jaspar,TAATCC
